event_time,event_type,product_id,category_id,category_code,user_id
2026-01-01 10:00:02 UTC,view,1012,30002,electronics.device_2,20126
2026-01-01 10:00:06 UTC,view,1021,30001,electronics.device_1,20347
2026-01-01 10:00:15 UTC,view,1019,30009,electronics.device_9,20017
2026-01-01 10:00:16 UTC,view,1022,30002,electronics.device_2,20259
2026-01-01 10:00:26 UTC,view,1013,30003,electronics.device_3,20367
2026-01-01 10:00:35 UTC,view,5014,30004,electronics.device_4,20302
2026-01-01 10:00:40 UTC,view,1003,30003,electronics.device_3,20082
2026-01-01 10:00:47 UTC,view,1024,30004,electronics.device_4,20111
2026-01-01 10:00:53 UTC,view,1002,30002,electronics.device_2,20050
2026-01-01 10:00:59 UTC,view,1001,30001,electronics.device_1,20414
2026-01-01 10:01:00 UTC,view,5173,30003,electronics.device_3,20064
2026-01-01 10:01:07 UTC,view,1015,30005,electronics.device_5,20425
2026-01-01 10:01:17 UTC,view,1010,30000,electronics.device_0,20361
2026-01-01 10:01:19 UTC,view,1023,30003,electronics.device_3,20396
2026-01-01 10:01:24 UTC,cart,1015,30005,electronics.device_5,20444
2026-01-01 10:01:26 UTC,view,1019,30009,electronics.device_9,20326
2026-01-01 10:01:32 UTC,view,1008,30008,electronics.device_8,20108
2026-01-01 10:01:37 UTC,cart,5159,30009,electronics.device_9,20332
2026-01-01 10:01:39 UTC,view,5111,30001,electronics.device_1,20274
2026-01-01 10:01:43 UTC,view,1008,30008,electronics.device_8,20139
2026-01-01 10:01:52 UTC,view,1012,30002,electronics.device_2,20432
2026-01-01 10:01:53 UTC,view,1017,30007,electronics.device_7,20413
2026-01-01 10:01:59 UTC,view,5005,30005,electronics.device_5,20109
2026-01-01 10:02:09 UTC,view,5167,30007,electronics.device_7,20336
2026-01-01 10:02:17 UTC,cart,5002,30002,electronics.device_2,20330
2026-01-01 10:02:25 UTC,view,1023,30003,electronics.device_3,20127
2026-01-01 10:02:34 UTC,view,5075,30005,electronics.device_5,20300
2026-01-01 10:02:41 UTC,view,5098,30008,electronics.device_8,20113
2026-01-01 10:02:44 UTC,view,5060,30000,electronics.device_0,20387
2026-01-01 10:02:45 UTC,view,1006,30006,electronics.device_6,20082
2026-01-01 10:02:52 UTC,view,5105,30005,electronics.device_5,20196
2026-01-01 10:03:02 UTC,view,5039,30009,electronics.device_9,20498
2026-01-01 10:03:11 UTC,view,1005,30005,electronics.device_5,20059
2026-01-01 10:03:20 UTC,view,5184,30004,electronics.device_4,20329
2026-01-01 10:03:26 UTC,view,1007,30007,electronics.device_7,20081
2026-01-01 10:03:34 UTC,purchase,1001,30001,electronics.device_1,20449
2026-01-01 10:03:39 UTC,view,5056,30006,electronics.device_6,20260
2026-01-01 10:03:41 UTC,view,5120,30000,electronics.device_0,20328
2026-01-01 10:03:50 UTC,view,5111,30001,electronics.device_1,20192
2026-01-01 10:03:53 UTC,purchase,5076,30006,electronics.device_6,20473
2026-01-01 10:04:02 UTC,view,1000,30000,electronics.device_0,20251
2026-01-01 10:04:03 UTC,cart,1007,30007,electronics.device_7,20450
2026-01-01 10:04:08 UTC,view,1022,30002,electronics.device_2,20450
2026-01-01 10:04:18 UTC,view,1015,30005,electronics.device_5,20249
2026-01-01 10:04:20 UTC,view,5189,30009,electronics.device_9,20065
2026-01-01 10:04:23 UTC,view,5137,30007,electronics.device_7,20282
2026-01-01 10:04:26 UTC,view,1010,30000,electronics.device_0,20311
2026-01-01 10:04:33 UTC,cart,1008,30008,electronics.device_8,20387
2026-01-01 10:04:37 UTC,view,5165,30005,electronics.device_5,20344
2026-01-01 10:04:43 UTC,cart,5024,30004,electronics.device_4,20232
2026-01-01 10:04:45 UTC,view,1001,30001,electronics.device_1,20174
2026-01-01 10:04:46 UTC,view,5101,30001,electronics.device_1,20302
2026-01-01 10:04:50 UTC,view,1003,30003,electronics.device_3,20324
2026-01-01 10:04:51 UTC,view,1017,30007,electronics.device_7,20017
2026-01-01 10:04:57 UTC,view,1011,30001,electronics.device_1,20143
2026-01-01 10:05:05 UTC,view,1009,30009,electronics.device_9,20371
2026-01-01 10:05:15 UTC,view,5095,30005,electronics.device_5,20402
2026-01-01 10:05:23 UTC,view,5008,30008,electronics.device_8,20050
2026-01-01 10:05:30 UTC,view,1006,30006,electronics.device_6,20240
2026-01-01 10:05:31 UTC,view,5144,30004,electronics.device_4,20331
2026-01-01 10:05:33 UTC,view,1006,30006,electronics.device_6,20174
2026-01-01 10:05:35 UTC,view,1002,30002,electronics.device_2,20275
2026-01-01 10:05:43 UTC,view,1021,30001,electronics.device_1,20143
2026-01-01 10:05:51 UTC,cart,1002,30002,electronics.device_2,20039
2026-01-01 10:05:59 UTC,view,5081,30001,electronics.device_1,20334
2026-01-01 10:06:08 UTC,purchase,1007,30007,electronics.device_7,20475
2026-01-01 10:06:12 UTC,view,1010,30000,electronics.device_0,20247
2026-01-01 10:06:16 UTC,cart,5005,30005,electronics.device_5,20085
2026-01-01 10:06:23 UTC,purchase,1001,30001,electronics.device_1,20136
2026-01-01 10:06:31 UTC,view,1021,30001,electronics.device_1,20491
2026-01-01 10:06:40 UTC,view,5138,30008,electronics.device_8,20080
2026-01-01 10:06:44 UTC,view,1001,30001,electronics.device_1,20030
2026-01-01 10:06:54 UTC,view,5176,30006,electronics.device_6,20383
2026-01-01 10:07:00 UTC,view,1004,30004,electronics.device_4,20245
2026-01-01 10:07:09 UTC,view,5071,30001,electronics.device_1,20492
2026-01-01 10:07:18 UTC,cart,1016,30006,electronics.device_6,20036
2026-01-01 10:07:28 UTC,view,1009,30009,electronics.device_9,20121
2026-01-01 10:07:35 UTC,cart,1011,30001,electronics.device_1,20292
2026-01-01 10:07:39 UTC,view,5096,30006,electronics.device_6,20318
2026-01-01 10:07:41 UTC,view,5014,30004,electronics.device_4,20290
2026-01-01 10:07:50 UTC,cart,1011,30001,electronics.device_1,20105
2026-01-01 10:07:56 UTC,view,1022,30002,electronics.device_2,20068
2026-01-01 10:08:01 UTC,view,5034,30004,electronics.device_4,20385
2026-01-01 10:08:03 UTC,view,1004,30004,electronics.device_4,20289
2026-01-01 10:08:05 UTC,view,1012,30002,electronics.device_2,20260
2026-01-01 10:08:10 UTC,cart,1017,30007,electronics.device_7,20452
2026-01-01 10:08:12 UTC,view,1000,30000,electronics.device_0,20081
2026-01-01 10:08:20 UTC,view,5078,30008,electronics.device_8,20314
2026-01-01 10:08:29 UTC,view,1004,30004,electronics.device_4,20284
2026-01-01 10:08:34 UTC,view,5139,30009,electronics.device_9,20450
2026-01-01 10:08:37 UTC,view,1010,30000,electronics.device_0,20055
2026-01-01 10:08:46 UTC,view,1004,30004,electronics.device_4,20310
2026-01-01 10:08:50 UTC,view,5167,30007,electronics.device_7,20352
2026-01-01 10:08:55 UTC,view,5058,30008,electronics.device_8,20464
2026-01-01 10:08:56 UTC,view,1022,30002,electronics.device_2,20425
2026-01-01 10:09:01 UTC,view,1022,30002,electronics.device_2,20395
2026-01-01 10:09:04 UTC,purchase,5126,30006,electronics.device_6,20083
2026-01-01 10:09:12 UTC,view,5082,30002,electronics.device_2,20288
2026-01-01 10:09:13 UTC,view,1007,30007,electronics.device_7,20453
2026-01-01 10:09:16 UTC,view,5079,30009,electronics.device_9,20190
2026-01-01 10:09:26 UTC,view,5082,30002,electronics.device_2,20066
2026-01-01 10:09:27 UTC,view,1007,30007,electronics.device_7,20478
2026-01-01 10:09:28 UTC,view,1008,30008,electronics.device_8,20128
2026-01-01 10:09:30 UTC,view,1006,30006,electronics.device_6,20453
2026-01-01 10:09:37 UTC,view,5117,30007,electronics.device_7,20474
2026-01-01 10:09:41 UTC,purchase,1008,30008,electronics.device_8,20416
2026-01-01 10:09:44 UTC,view,5011,30001,electronics.device_1,20378
2026-01-01 10:09:50 UTC,view,5010,30000,electronics.device_0,20443
2026-01-01 10:09:54 UTC,view,1011,30001,electronics.device_1,20360
2026-01-01 10:09:56 UTC,cart,1020,30000,electronics.device_0,20440
2026-01-01 10:10:04 UTC,view,1013,30003,electronics.device_3,20471
2026-01-01 10:10:12 UTC,view,1004,30004,electronics.device_4,20408
2026-01-01 10:10:16 UTC,view,1014,30004,electronics.device_4,20099
2026-01-01 10:10:23 UTC,view,1018,30008,electronics.device_8,20036
2026-01-01 10:10:28 UTC,view,1004,30004,electronics.device_4,20205
2026-01-01 10:10:37 UTC,cart,1019,30009,electronics.device_9,20060
2026-01-01 10:10:42 UTC,view,1016,30006,electronics.device_6,20136
2026-01-01 10:10:43 UTC,view,1005,30005,electronics.device_5,20177
2026-01-01 10:10:49 UTC,view,5023,30003,electronics.device_3,20262
2026-01-01 10:10:51 UTC,cart,1022,30002,electronics.device_2,20098
2026-01-01 10:10:56 UTC,view,1022,30002,electronics.device_2,20001
2026-01-01 10:11:05 UTC,view,5075,30005,electronics.device_5,20482
2026-01-01 10:11:09 UTC,view,1011,30001,electronics.device_1,20486
2026-01-01 10:11:15 UTC,view,5119,30009,electronics.device_9,20435
2026-01-01 10:11:17 UTC,cart,5168,30008,electronics.device_8,20260
2026-01-01 10:11:22 UTC,view,5141,30001,electronics.device_1,20207
2026-01-01 10:11:27 UTC,view,5083,30003,electronics.device_3,20216
2026-01-01 10:11:34 UTC,view,5146,30006,electronics.device_6,20090
2026-01-01 10:11:44 UTC,view,5091,30001,electronics.device_1,20281
2026-01-01 10:11:45 UTC,view,1005,30005,electronics.device_5,20221
2026-01-01 10:11:55 UTC,view,5110,30000,electronics.device_0,20239
2026-01-01 10:12:03 UTC,view,5026,30006,electronics.device_6,20262
2026-01-01 10:12:11 UTC,view,5176,30006,electronics.device_6,20044
2026-01-01 10:12:16 UTC,view,5063,30003,electronics.device_3,20318
2026-01-01 10:12:22 UTC,view,1022,30002,electronics.device_2,20385
2026-01-01 10:12:26 UTC,view,5144,30004,electronics.device_4,20413
2026-01-01 10:12:30 UTC,view,1000,30000,electronics.device_0,20126
2026-01-01 10:12:38 UTC,view,5112,30002,electronics.device_2,20038
2026-01-01 10:12:46 UTC,cart,5012,30002,electronics.device_2,20295
2026-01-01 10:12:50 UTC,view,5167,30007,electronics.device_7,20254
2026-01-01 10:12:57 UTC,view,1024,30004,electronics.device_4,20353
2026-01-01 10:12:58 UTC,cart,5184,30004,electronics.device_4,20454
2026-01-01 10:13:00 UTC,view,5198,30008,electronics.device_8,20091
2026-01-01 10:13:09 UTC,view,5037,30007,electronics.device_7,20128
2026-01-01 10:13:11 UTC,view,5033,30003,electronics.device_3,20238
2026-01-01 10:13:20 UTC,view,5086,30006,electronics.device_6,20487
2026-01-01 10:13:28 UTC,view,5113,30003,electronics.device_3,20457
2026-01-01 10:13:37 UTC,view,5018,30008,electronics.device_8,20281
2026-01-01 10:13:45 UTC,view,1006,30006,electronics.device_6,20244
2026-01-01 10:13:53 UTC,view,1007,30007,electronics.device_7,20431
2026-01-01 10:13:58 UTC,view,5192,30002,electronics.device_2,20249
2026-01-01 10:14:02 UTC,view,1015,30005,electronics.device_5,20366
2026-01-01 10:14:07 UTC,view,1020,30000,electronics.device_0,20164
2026-01-01 10:14:16 UTC,view,1016,30006,electronics.device_6,20119
2026-01-01 10:14:23 UTC,view,5155,30005,electronics.device_5,20110
2026-01-01 10:14:25 UTC,view,5012,30002,electronics.device_2,20278
2026-01-01 10:14:33 UTC,view,5012,30002,electronics.device_2,20427
2026-01-01 10:14:40 UTC,cart,1024,30004,electronics.device_4,20300
2026-01-01 10:14:41 UTC,view,5191,30001,electronics.device_1,20245
2026-01-01 10:14:42 UTC,view,1005,30005,electronics.device_5,20200
2026-01-01 10:14:49 UTC,view,5075,30005,electronics.device_5,20280
2026-01-01 10:14:59 UTC,view,1012,30002,electronics.device_2,20140
2026-01-01 10:15:06 UTC,view,5048,30008,electronics.device_8,20173
2026-01-01 10:15:13 UTC,view,5170,30000,electronics.device_0,20240
2026-01-01 10:15:16 UTC,view,5118,30008,electronics.device_8,20465
2026-01-01 10:15:23 UTC,view,5103,30003,electronics.device_3,20014
2026-01-01 10:15:25 UTC,view,5129,30009,electronics.device_9,20444
2026-01-01 10:15:33 UTC,view,1018,30008,electronics.device_8,20195
2026-01-01 10:15:39 UTC,view,1008,30008,electronics.device_8,20173
2026-01-01 10:15:46 UTC,view,1017,30007,electronics.device_7,20426
2026-01-01 10:15:53 UTC,view,1004,30004,electronics.device_4,20241
2026-01-01 10:15:54 UTC,view,5183,30003,electronics.device_3,20488
2026-01-01 10:16:00 UTC,view,1014,30004,electronics.device_4,20400
2026-01-01 10:16:01 UTC,view,5186,30006,electronics.device_6,20127
2026-01-01 10:16:05 UTC,view,1010,30000,electronics.device_0,20123
2026-01-01 10:16:08 UTC,view,5042,30002,electronics.device_2,20289
2026-01-01 10:16:12 UTC,view,5038,30008,electronics.device_8,20393
2026-01-01 10:16:18 UTC,view,1010,30000,electronics.device_0,20494
2026-01-01 10:16:20 UTC,view,5198,30008,electronics.device_8,20494
2026-01-01 10:16:25 UTC,view,1005,30005,electronics.device_5,20476
2026-01-01 10:16:30 UTC,view,5094,30004,electronics.device_4,20491
2026-01-01 10:16:37 UTC,cart,5003,30003,electronics.device_3,20102
2026-01-01 10:16:39 UTC,view,5103,30003,electronics.device_3,20322
2026-01-01 10:16:43 UTC,view,1002,30002,electronics.device_2,20155
2026-01-01 10:16:53 UTC,view,1011,30001,electronics.device_1,20290
2026-01-01 10:16:54 UTC,view,1002,30002,electronics.device_2,20339
2026-01-01 10:17:00 UTC,view,1010,30000,electronics.device_0,20175
2026-01-01 10:17:01 UTC,view,5015,30005,electronics.device_5,20055
2026-01-01 10:17:08 UTC,view,1010,30000,electronics.device_0,20425
2026-01-01 10:17:16 UTC,view,5162,30002,electronics.device_2,20091
2026-01-01 10:17:25 UTC,view,5133,30003,electronics.device_3,20414
2026-01-01 10:17:34 UTC,view,5196,30006,electronics.device_6,20224
2026-01-01 10:17:44 UTC,view,1012,30002,electronics.device_2,20126
2026-01-01 10:17:46 UTC,cart,1017,30007,electronics.device_7,20125
2026-01-01 10:17:54 UTC,view,5091,30001,electronics.device_1,20195
2026-01-01 10:18:00 UTC,view,1014,30004,electronics.device_4,20167
2026-01-01 10:18:03 UTC,view,5049,30009,electronics.device_9,20409
2026-01-01 10:18:08 UTC,view,1024,30004,electronics.device_4,20306
2026-01-01 10:18:13 UTC,view,5084,30004,electronics.device_4,20486
2026-01-01 10:18:17 UTC,view,1018,30008,electronics.device_8,20209
2026-01-01 10:18:25 UTC,view,5084,30004,electronics.device_4,20354
2026-01-01 10:18:33 UTC,view,5130,30000,electronics.device_0,20230
2026-01-01 10:18:34 UTC,view,1022,30002,electronics.device_2,20208
2026-01-01 10:18:38 UTC,view,1006,30006,electronics.device_6,20189
2026-01-01 10:18:46 UTC,view,5083,30003,electronics.device_3,20218
2026-01-01 10:18:55 UTC,view,1019,30009,electronics.device_9,20233
2026-01-01 10:19:00 UTC,view,1006,30006,electronics.device_6,20062
2026-01-01 10:19:04 UTC,view,1011,30001,electronics.device_1,20275
2026-01-01 10:19:07 UTC,view,1023,30003,electronics.device_3,20248
2026-01-01 10:19:12 UTC,view,5170,30000,electronics.device_0,20390
2026-01-01 10:19:21 UTC,view,5105,30005,electronics.device_5,20052
2026-01-01 10:19:25 UTC,view,1001,30001,electronics.device_1,20092
2026-01-01 10:19:30 UTC,view,1007,30007,electronics.device_7,20065
2026-01-01 10:19:35 UTC,purchase,1023,30003,electronics.device_3,20284
2026-01-01 10:19:40 UTC,cart,5157,30007,electronics.device_7,20327
2026-01-01 10:19:48 UTC,cart,1002,30002,electronics.device_2,20294
2026-01-01 10:19:53 UTC,view,5040,30000,electronics.device_0,20175
2026-01-01 10:19:56 UTC,view,1001,30001,electronics.device_1,20442
2026-01-01 10:20:04 UTC,view,1008,30008,electronics.device_8,20206
2026-01-01 10:20:12 UTC,view,1012,30002,electronics.device_2,20352
2026-01-01 10:20:13 UTC,view,1002,30002,electronics.device_2,20289
2026-01-01 10:20:18 UTC,purchase,1018,30008,electronics.device_8,20061
2026-01-01 10:20:27 UTC,view,5191,30001,electronics.device_1,20306
2026-01-01 10:20:37 UTC,view,1015,30005,electronics.device_5,20195
2026-01-01 10:20:45 UTC,view,5026,30006,electronics.device_6,20302
2026-01-01 10:20:52 UTC,view,1006,30006,electronics.device_6,20031
2026-01-01 10:21:02 UTC,view,5178,30008,electronics.device_8,20391
2026-01-01 10:21:06 UTC,view,5120,30000,electronics.device_0,20339
2026-01-01 10:21:08 UTC,view,1005,30005,electronics.device_5,20283
2026-01-01 10:21:10 UTC,view,1005,30005,electronics.device_5,20231
2026-01-01 10:21:20 UTC,view,5040,30000,electronics.device_0,20119
2026-01-01 10:21:25 UTC,view,5161,30001,electronics.device_1,20441
2026-01-01 10:21:33 UTC,view,1011,30001,electronics.device_1,20474
2026-01-01 10:21:38 UTC,view,5120,30000,electronics.device_0,20412
2026-01-01 10:21:42 UTC,view,5017,30007,electronics.device_7,20116
2026-01-01 10:21:45 UTC,view,1011,30001,electronics.device_1,20037
2026-01-01 10:21:46 UTC,view,1009,30009,electronics.device_9,20305
2026-01-01 10:21:56 UTC,view,1022,30002,electronics.device_2,20240
2026-01-01 10:22:01 UTC,view,5158,30008,electronics.device_8,20140
2026-01-01 10:22:10 UTC,view,5076,30006,electronics.device_6,20042
2026-01-01 10:22:20 UTC,cart,1020,30000,electronics.device_0,20377
2026-01-01 10:22:26 UTC,view,5109,30009,electronics.device_9,20047
2026-01-01 10:22:30 UTC,view,5145,30005,electronics.device_5,20295
2026-01-01 10:22:40 UTC,purchase,1010,30000,electronics.device_0,20345
2026-01-01 10:22:45 UTC,view,5095,30005,electronics.device_5,20388
2026-01-01 10:22:48 UTC,view,5040,30000,electronics.device_0,20227
2026-01-01 10:22:53 UTC,purchase,1017,30007,electronics.device_7,20224
2026-01-01 10:23:01 UTC,view,1021,30001,electronics.device_1,20210
2026-01-01 10:23:07 UTC,view,1014,30004,electronics.device_4,20440
2026-01-01 10:23:10 UTC,view,1018,30008,electronics.device_8,20254
2026-01-01 10:23:15 UTC,cart,5139,30009,electronics.device_9,20417
2026-01-01 10:23:24 UTC,view,1018,30008,electronics.device_8,20162
2026-01-01 10:23:29 UTC,view,1015,30005,electronics.device_5,20396
2026-01-01 10:23:36 UTC,view,5063,30003,electronics.device_3,20001
2026-01-01 10:23:45 UTC,view,5036,30006,electronics.device_6,20097
2026-01-01 10:23:54 UTC,view,1010,30000,electronics.device_0,20256
2026-01-01 10:24:02 UTC,view,5189,30009,electronics.device_9,20137
2026-01-01 10:24:11 UTC,cart,1017,30007,electronics.device_7,20225
2026-01-01 10:24:19 UTC,view,1012,30002,electronics.device_2,20323
2026-01-01 10:24:29 UTC,view,1022,30002,electronics.device_2,20160
2026-01-01 10:24:38 UTC,view,1007,30007,electronics.device_7,20048
2026-01-01 10:24:42 UTC,view,1008,30008,electronics.device_8,20061
2026-01-01 10:24:45 UTC,cart,5055,30005,electronics.device_5,20150
2026-01-01 10:24:54 UTC,view,5161,30001,electronics.device_1,20428
2026-01-01 10:25:02 UTC,view,5041,30001,electronics.device_1,20283
2026-01-01 10:25:05 UTC,view,1021,30001,electronics.device_1,20307
2026-01-01 10:25:14 UTC,cart,5182,30002,electronics.device_2,20443
2026-01-01 10:25:16 UTC,view,1016,30006,electronics.device_6,20438
2026-01-01 10:25:23 UTC,cart,1024,30004,electronics.device_4,20260
2026-01-01 10:25:28 UTC,view,1001,30001,electronics.device_1,20153
2026-01-01 10:25:38 UTC,purchase,5096,30006,electronics.device_6,20251
2026-01-01 10:25:41 UTC,view,5028,30008,electronics.device_8,20177
2026-01-01 10:25:47 UTC,view,5082,30002,electronics.device_2,20194
2026-01-01 10:25:55 UTC,cart,1014,30004,electronics.device_4,20358
2026-01-01 10:25:59 UTC,view,5092,30002,electronics.device_2,20439
2026-01-01 10:26:06 UTC,view,1022,30002,electronics.device_2,20243
2026-01-01 10:26:13 UTC,purchase,1022,30002,electronics.device_2,20406
2026-01-01 10:26:16 UTC,purchase,5053,30003,electronics.device_3,20065
2026-01-01 10:26:25 UTC,view,5102,30002,electronics.device_2,20052
2026-01-01 10:26:33 UTC,view,1001,30001,electronics.device_1,20234
2026-01-01 10:26:34 UTC,view,5169,30009,electronics.device_9,20446
2026-01-01 10:26:37 UTC,view,1013,30003,electronics.device_3,20497
2026-01-01 10:26:42 UTC,view,1023,30003,electronics.device_3,20204
2026-01-01 10:26:44 UTC,cart,1018,30008,electronics.device_8,20440
2026-01-01 10:26:53 UTC,purchase,1019,30009,electronics.device_9,20321
2026-01-01 10:27:01 UTC,view,5077,30007,electronics.device_7,20036
2026-01-01 10:27:05 UTC,view,5123,30003,electronics.device_3,20148
2026-01-01 10:27:09 UTC,view,5182,30002,electronics.device_2,20051
2026-01-01 10:27:11 UTC,view,5027,30007,electronics.device_7,20154
2026-01-01 10:27:12 UTC,view,1023,30003,electronics.device_3,20029
2026-01-01 10:27:17 UTC,view,1008,30008,electronics.device_8,20075
2026-01-01 10:27:21 UTC,view,5071,30001,electronics.device_1,20350
2026-01-01 10:27:24 UTC,view,1012,30002,electronics.device_2,20313
2026-01-01 10:27:31 UTC,view,5117,30007,electronics.device_7,20255
2026-01-01 10:27:41 UTC,view,1023,30003,electronics.device_3,20327
2026-01-01 10:27:46 UTC,view,5035,30005,electronics.device_5,20005
2026-01-01 10:27:54 UTC,view,1022,30002,electronics.device_2,20081
2026-01-01 10:27:56 UTC,cart,5026,30006,electronics.device_6,20301
2026-01-01 10:28:01 UTC,purchase,5127,30007,electronics.device_7,20354
2026-01-01 10:28:06 UTC,view,5033,30003,electronics.device_3,20102
2026-01-01 10:28:13 UTC,view,5047,30007,electronics.device_7,20196
2026-01-01 10:28:23 UTC,view,1008,30008,electronics.device_8,20359
2026-01-01 10:28:28 UTC,purchase,1011,30001,electronics.device_1,20338
2026-01-01 10:28:35 UTC,view,1015,30005,electronics.device_5,20443
2026-01-01 10:28:36 UTC,view,5110,30000,electronics.device_0,20427
2026-01-01 10:28:41 UTC,view,5197,30007,electronics.device_7,20311
2026-01-01 10:28:47 UTC,view,1012,30002,electronics.device_2,20318
2026-01-01 10:28:52 UTC,view,5147,30007,electronics.device_7,20393
2026-01-01 10:28:55 UTC,view,5121,30001,electronics.device_1,20322
2026-01-01 10:28:56 UTC,view,1008,30008,electronics.device_8,20018
2026-01-01 10:29:06 UTC,view,1011,30001,electronics.device_1,20047
2026-01-01 10:29:11 UTC,view,1017,30007,electronics.device_7,20090
2026-01-01 10:29:15 UTC,view,1017,30007,electronics.device_7,20449
2026-01-01 10:29:21 UTC,view,5071,30001,electronics.device_1,20140
2026-01-01 10:29:24 UTC,cart,1006,30006,electronics.device_6,20484
2026-01-01 10:29:32 UTC,view,1001,30001,electronics.device_1,20174
2026-01-01 10:29:34 UTC,purchase,5039,30009,electronics.device_9,20073
2026-01-01 10:29:38 UTC,view,5146,30006,electronics.device_6,20204
2026-01-01 10:29:47 UTC,view,1012,30002,electronics.device_2,20203
2026-01-01 10:29:48 UTC,view,1010,30000,electronics.device_0,20233
2026-01-01 10:29:54 UTC,view,5144,30004,electronics.device_4,20135
2026-01-01 10:30:04 UTC,view,1020,30000,electronics.device_0,20482
2026-01-01 10:30:10 UTC,view,1005,30005,electronics.device_5,20242
2026-01-01 10:30:11 UTC,cart,5117,30007,electronics.device_7,20288
2026-01-01 10:30:17 UTC,view,5112,30002,electronics.device_2,20033
2026-01-01 10:30:25 UTC,view,5158,30008,electronics.device_8,20210
2026-01-01 10:30:27 UTC,view,1021,30001,electronics.device_1,20020
2026-01-01 10:30:32 UTC,view,5052,30002,electronics.device_2,20121
2026-01-01 10:30:41 UTC,view,1019,30009,electronics.device_9,20190
2026-01-01 10:30:50 UTC,view,5014,30004,electronics.device_4,20373
2026-01-01 10:30:53 UTC,view,5012,30002,electronics.device_2,20427
2026-01-01 10:31:01 UTC,view,5115,30005,electronics.device_5,20488
2026-01-01 10:31:06 UTC,view,1016,30006,electronics.device_6,20112
2026-01-01 10:31:14 UTC,purchase,5027,30007,electronics.device_7,20438
2026-01-01 10:31:20 UTC,purchase,1000,30000,electronics.device_0,20189
2026-01-01 10:31:29 UTC,view,5130,30000,electronics.device_0,20204
2026-01-01 10:31:34 UTC,purchase,1022,30002,electronics.device_2,20486
2026-01-01 10:31:42 UTC,view,1021,30001,electronics.device_1,20329
2026-01-01 10:31:52 UTC,view,1010,30000,electronics.device_0,20171
2026-01-01 10:31:56 UTC,view,1014,30004,electronics.device_4,20106
2026-01-01 10:31:58 UTC,view,5191,30001,electronics.device_1,20301
2026-01-01 10:32:02 UTC,view,1019,30009,electronics.device_9,20076
2026-01-01 10:32:12 UTC,view,1001,30001,electronics.device_1,20075
2026-01-01 10:32:15 UTC,view,5076,30006,electronics.device_6,20090
2026-01-01 10:32:17 UTC,cart,5138,30008,electronics.device_8,20068
2026-01-01 10:32:18 UTC,view,1008,30008,electronics.device_8,20122
2026-01-01 10:32:28 UTC,view,1015,30005,electronics.device_5,20136
2026-01-01 10:32:29 UTC,view,1014,30004,electronics.device_4,20270
2026-01-01 10:32:31 UTC,view,5181,30001,electronics.device_1,20230
2026-01-01 10:32:37 UTC,view,5062,30002,electronics.device_2,20232
2026-01-01 10:32:46 UTC,cart,1013,30003,electronics.device_3,20023
2026-01-01 10:32:55 UTC,view,1004,30004,electronics.device_4,20494
2026-01-01 10:32:56 UTC,purchase,1006,30006,electronics.device_6,20434
2026-01-01 10:33:03 UTC,view,5018,30008,electronics.device_8,20252
2026-01-01 10:33:11 UTC,cart,1012,30002,electronics.device_2,20165
2026-01-01 10:33:21 UTC,view,1000,30000,electronics.device_0,20141
2026-01-01 10:33:31 UTC,view,5124,30004,electronics.device_4,20365
2026-01-01 10:33:37 UTC,purchase,1020,30000,electronics.device_0,20272
2026-01-01 10:33:42 UTC,view,5032,30002,electronics.device_2,20221
2026-01-01 10:33:44 UTC,view,5159,30009,electronics.device_9,20336
2026-01-01 10:33:53 UTC,cart,5169,30009,electronics.device_9,20221
2026-01-01 10:34:01 UTC,view,1016,30006,electronics.device_6,20424
2026-01-01 10:34:09 UTC,view,5004,30004,electronics.device_4,20049
2026-01-01 10:34:15 UTC,view,5018,30008,electronics.device_8,20131
2026-01-01 10:34:21 UTC,view,1003,30003,electronics.device_3,20243
2026-01-01 10:34:23 UTC,view,1021,30001,electronics.device_1,20048
2026-01-01 10:34:30 UTC,view,1024,30004,electronics.device_4,20191
2026-01-01 10:34:33 UTC,view,5084,30004,electronics.device_4,20490
2026-01-01 10:34:42 UTC,view,5087,30007,electronics.device_7,20063
2026-01-01 10:34:49 UTC,cart,1006,30006,electronics.device_6,20482
2026-01-01 10:34:56 UTC,view,5169,30009,electronics.device_9,20148
2026-01-01 10:35:06 UTC,view,1009,30009,electronics.device_9,20296
2026-01-01 10:35:15 UTC,view,1008,30008,electronics.device_8,20247
2026-01-01 10:35:19 UTC,view,1005,30005,electronics.device_5,20285
2026-01-01 10:35:25 UTC,view,1008,30008,electronics.device_8,20294
2026-01-01 10:35:29 UTC,view,5019,30009,electronics.device_9,20499
2026-01-01 10:35:39 UTC,view,5114,30004,electronics.device_4,20286
2026-01-01 10:35:40 UTC,cart,5111,30001,electronics.device_1,20425
2026-01-01 10:35:45 UTC,view,1014,30004,electronics.device_4,20360
2026-01-01 10:35:50 UTC,view,1023,30003,electronics.device_3,20093
2026-01-01 10:35:53 UTC,view,5089,30009,electronics.device_9,20036
2026-01-01 10:35:56 UTC,view,5179,30009,electronics.device_9,20016
2026-01-01 10:35:58 UTC,view,5182,30002,electronics.device_2,20193
2026-01-01 10:36:05 UTC,view,5032,30002,electronics.device_2,20190
2026-01-01 10:36:10 UTC,view,5169,30009,electronics.device_9,20483
2026-01-01 10:36:20 UTC,view,5105,30005,electronics.device_5,20027
2026-01-01 10:36:23 UTC,view,1005,30005,electronics.device_5,20026
2026-01-01 10:36:25 UTC,view,1014,30004,electronics.device_4,20218
2026-01-01 10:36:33 UTC,view,5110,30000,electronics.device_0,20140
2026-01-01 10:36:37 UTC,view,5186,30006,electronics.device_6,20177
2026-01-01 10:36:44 UTC,view,1006,30006,electronics.device_6,20348
2026-01-01 10:36:54 UTC,view,5049,30009,electronics.device_9,20158
2026-01-01 10:36:55 UTC,view,1012,30002,electronics.device_2,20307
2026-01-01 10:36:56 UTC,view,1003,30003,electronics.device_3,20485
2026-01-01 10:37:00 UTC,view,5192,30002,electronics.device_2,20131
2026-01-01 10:37:05 UTC,view,1017,30007,electronics.device_7,20255
2026-01-01 10:37:12 UTC,view,1014,30004,electronics.device_4,20273
2026-01-01 10:37:16 UTC,view,5056,30006,electronics.device_6,20343
2026-01-01 10:37:22 UTC,view,1011,30001,electronics.device_1,20380
2026-01-01 10:37:23 UTC,view,5023,30003,electronics.device_3,20472
2026-01-01 10:37:25 UTC,view,1010,30000,electronics.device_0,20294
2026-01-01 10:37:32 UTC,view,5163,30003,electronics.device_3,20149
2026-01-01 10:37:34 UTC,view,5007,30007,electronics.device_7,20167
2026-01-01 10:37:37 UTC,view,5116,30006,electronics.device_6,20354
2026-01-01 10:37:43 UTC,view,1020,30000,electronics.device_0,20055
2026-01-01 10:37:47 UTC,view,5023,30003,electronics.device_3,20269
2026-01-01 10:37:49 UTC,cart,5002,30002,electronics.device_2,20382
2026-01-01 10:37:55 UTC,view,1013,30003,electronics.device_3,20087
2026-01-01 10:37:57 UTC,view,5061,30001,electronics.device_1,20272
2026-01-01 10:38:06 UTC,cart,1024,30004,electronics.device_4,20179
2026-01-01 10:38:12 UTC,purchase,5172,30002,electronics.device_2,20331
2026-01-01 10:38:15 UTC,view,1020,30000,electronics.device_0,20132
2026-01-01 10:38:19 UTC,view,1013,30003,electronics.device_3,20390
2026-01-01 10:38:21 UTC,purchase,1015,30005,electronics.device_5,20322
2026-01-01 10:38:29 UTC,view,5037,30007,electronics.device_7,20390
2026-01-01 10:38:39 UTC,view,5029,30009,electronics.device_9,20452
2026-01-01 10:38:49 UTC,view,5129,30009,electronics.device_9,20320
2026-01-01 10:38:55 UTC,view,5121,30001,electronics.device_1,20226
2026-01-01 10:38:57 UTC,view,5040,30000,electronics.device_0,20156
2026-01-01 10:39:02 UTC,view,5102,30002,electronics.device_2,20260
2026-01-01 10:39:04 UTC,view,1008,30008,electronics.device_8,20020
2026-01-01 10:39:05 UTC,view,1013,30003,electronics.device_3,20040
2026-01-01 10:39:07 UTC,view,5114,30004,electronics.device_4,20197
2026-01-01 10:39:15 UTC,view,5097,30007,electronics.device_7,20406
2026-01-01 10:39:16 UTC,cart,5030,30000,electronics.device_0,20293
2026-01-01 10:39:20 UTC,view,1014,30004,electronics.device_4,20257
2026-01-01 10:39:23 UTC,view,1006,30006,electronics.device_6,20416
2026-01-01 10:39:29 UTC,view,5165,30005,electronics.device_5,20331
2026-01-01 10:39:32 UTC,view,1020,30000,electronics.device_0,20225
2026-01-01 10:39:40 UTC,view,5068,30008,electronics.device_8,20082
2026-01-01 10:39:46 UTC,cart,1015,30005,electronics.device_5,20199
2026-01-01 10:39:53 UTC,view,5196,30006,electronics.device_6,20307
2026-01-01 10:39:54 UTC,view,5123,30003,electronics.device_3,20034
2026-01-01 10:40:00 UTC,view,1023,30003,electronics.device_3,20198
2026-01-01 10:40:05 UTC,view,1004,30004,electronics.device_4,20337
2026-01-01 10:40:15 UTC,view,1001,30001,electronics.device_1,20299
2026-01-01 10:40:18 UTC,view,1004,30004,electronics.device_4,20336
2026-01-01 10:40:25 UTC,view,1016,30006,electronics.device_6,20481
2026-01-01 10:40:27 UTC,view,1008,30008,electronics.device_8,20330
2026-01-01 10:40:33 UTC,view,1015,30005,electronics.device_5,20425
2026-01-01 10:40:42 UTC,view,1022,30002,electronics.device_2,20217
2026-01-01 10:40:51 UTC,view,1010,30000,electronics.device_0,20159
2026-01-01 10:40:54 UTC,view,1009,30009,electronics.device_9,20393
2026-01-01 10:41:02 UTC,view,1023,30003,electronics.device_3,20071
2026-01-01 10:41:05 UTC,view,1014,30004,electronics.device_4,20404
2026-01-01 10:41:07 UTC,view,5059,30009,electronics.device_9,20428
2026-01-01 10:41:16 UTC,view,1019,30009,electronics.device_9,20449
2026-01-01 10:41:26 UTC,view,1017,30007,electronics.device_7,20079
2026-01-01 10:41:29 UTC,view,1017,30007,electronics.device_7,20395
2026-01-01 10:41:39 UTC,view,1009,30009,electronics.device_9,20023
2026-01-01 10:41:46 UTC,view,1011,30001,electronics.device_1,20122
2026-01-01 10:41:54 UTC,view,5112,30002,electronics.device_2,20384
2026-01-01 10:42:02 UTC,view,1019,30009,electronics.device_9,20159
2026-01-01 10:42:10 UTC,view,1024,30004,electronics.device_4,20485
2026-01-01 10:42:20 UTC,view,5025,30005,electronics.device_5,20145
2026-01-01 10:42:27 UTC,view,5057,30007,electronics.device_7,20495
2026-01-01 10:42:30 UTC,view,1002,30002,electronics.device_2,20071
2026-01-01 10:42:35 UTC,view,1001,30001,electronics.device_1,20448
2026-01-01 10:42:41 UTC,cart,5083,30003,electronics.device_3,20365
2026-01-01 10:42:50 UTC,view,1013,30003,electronics.device_3,20391
2026-01-01 10:42:53 UTC,view,1014,30004,electronics.device_4,20263
2026-01-01 10:42:56 UTC,view,5023,30003,electronics.device_3,20467
2026-01-01 10:43:00 UTC,cart,5030,30000,electronics.device_0,20477
2026-01-01 10:43:01 UTC,view,5012,30002,electronics.device_2,20258
2026-01-01 10:43:07 UTC,view,1020,30000,electronics.device_0,20042
2026-01-01 10:43:13 UTC,view,1014,30004,electronics.device_4,20477
2026-01-01 10:43:15 UTC,view,5165,30005,electronics.device_5,20406
2026-01-01 10:43:18 UTC,view,1020,30000,electronics.device_0,20470
2026-01-01 10:43:26 UTC,view,5156,30006,electronics.device_6,20389
2026-01-01 10:43:34 UTC,view,5029,30009,electronics.device_9,20464
2026-01-01 10:43:36 UTC,view,1009,30009,electronics.device_9,20428
2026-01-01 10:43:39 UTC,cart,5080,30000,electronics.device_0,20312
2026-01-01 10:43:48 UTC,view,5016,30006,electronics.device_6,20148
2026-01-01 10:43:52 UTC,view,1004,30004,electronics.device_4,20123
2026-01-01 10:43:59 UTC,view,5127,30007,electronics.device_7,20235
2026-01-01 10:44:01 UTC,view,1006,30006,electronics.device_6,20256
2026-01-01 10:44:11 UTC,view,5074,30004,electronics.device_4,20264
2026-01-01 10:44:21 UTC,view,1023,30003,electronics.device_3,20150
2026-01-01 10:44:28 UTC,view,1000,30000,electronics.device_0,20124
2026-01-01 10:44:38 UTC,view,5013,30003,electronics.device_3,20343
2026-01-01 10:44:40 UTC,purchase,5068,30008,electronics.device_8,20035
2026-01-01 10:44:49 UTC,view,5078,30008,electronics.device_8,20260
2026-01-01 10:44:58 UTC,view,1010,30000,electronics.device_0,20241
2026-01-01 10:44:59 UTC,view,5125,30005,electronics.device_5,20192
2026-01-01 10:45:04 UTC,view,5182,30002,electronics.device_2,20404
2026-01-01 10:45:06 UTC,view,1001,30001,electronics.device_1,20337
2026-01-01 10:45:08 UTC,view,5195,30005,electronics.device_5,20388
2026-01-01 10:45:14 UTC,view,1018,30008,electronics.device_8,20280
2026-01-01 10:45:20 UTC,view,5129,30009,electronics.device_9,20399
2026-01-01 10:45:28 UTC,view,5156,30006,electronics.device_6,20094
2026-01-01 10:45:31 UTC,view,1007,30007,electronics.device_7,20484
2026-01-01 10:45:39 UTC,view,1018,30008,electronics.device_8,20023
2026-01-01 10:45:43 UTC,view,1021,30001,electronics.device_1,20159
2026-01-01 10:45:52 UTC,purchase,5003,30003,electronics.device_3,20279
2026-01-01 10:46:00 UTC,view,1004,30004,electronics.device_4,20332
2026-01-01 10:46:04 UTC,view,1021,30001,electronics.device_1,20400
2026-01-01 10:46:05 UTC,view,5135,30005,electronics.device_5,20064
2026-01-01 10:46:11 UTC,cart,5023,30003,electronics.device_3,20381
2026-01-01 10:46:19 UTC,view,1022,30002,electronics.device_2,20096
2026-01-01 10:46:27 UTC,view,5154,30004,electronics.device_4,20474
2026-01-01 10:46:36 UTC,view,1011,30001,electronics.device_1,20373
2026-01-01 10:46:43 UTC,view,1015,30005,electronics.device_5,20422
2026-01-01 10:46:46 UTC,view,5079,30009,electronics.device_9,20053
2026-01-01 10:46:48 UTC,view,1017,30007,electronics.device_7,20157
2026-01-01 10:46:56 UTC,view,5108,30008,electronics.device_8,20086
2026-01-01 10:47:04 UTC,view,1004,30004,electronics.device_4,20373
2026-01-01 10:47:10 UTC,purchase,5114,30004,electronics.device_4,20141
2026-01-01 10:47:11 UTC,view,1013,30003,electronics.device_3,20208
2026-01-01 10:47:17 UTC,view,5062,30002,electronics.device_2,20348
2026-01-01 10:47:20 UTC,view,1015,30005,electronics.device_5,20312
2026-01-01 10:47:28 UTC,view,1017,30007,electronics.device_7,20121
2026-01-01 10:47:34 UTC,view,1010,30000,electronics.device_0,20291
2026-01-01 10:47:35 UTC,view,5109,30009,electronics.device_9,20231
2026-01-01 10:47:41 UTC,view,1015,30005,electronics.device_5,20040
2026-01-01 10:47:51 UTC,view,1020,30000,electronics.device_0,20204
2026-01-01 10:47:57 UTC,view,5132,30002,electronics.device_2,20492
2026-01-01 10:47:59 UTC,view,1013,30003,electronics.device_3,20256
2026-01-01 10:48:08 UTC,cart,1023,30003,electronics.device_3,20061
2026-01-01 10:48:13 UTC,view,5196,30006,electronics.device_6,20229
2026-01-01 10:48:17 UTC,view,5113,30003,electronics.device_3,20470
2026-01-01 10:48:25 UTC,view,1002,30002,electronics.device_2,20437
2026-01-01 10:48:27 UTC,view,5031,30001,electronics.device_1,20366
2026-01-01 10:48:35 UTC,view,1019,30009,electronics.device_9,20496
2026-01-01 10:48:41 UTC,view,5141,30001,electronics.device_1,20034
2026-01-01 10:48:50 UTC,view,5077,30007,electronics.device_7,20154
2026-01-01 10:48:53 UTC,view,5164,30004,electronics.device_4,20359
2026-01-01 10:48:56 UTC,view,1010,30000,electronics.device_0,20063
2026-01-01 10:49:00 UTC,view,1021,30001,electronics.device_1,20253
2026-01-01 10:49:01 UTC,view,1009,30009,electronics.device_9,20189
2026-01-01 10:49:09 UTC,view,5082,30002,electronics.device_2,20453
2026-01-01 10:49:11 UTC,view,1008,30008,electronics.device_8,20368
2026-01-01 10:49:19 UTC,view,5069,30009,electronics.device_9,20210
2026-01-01 10:49:29 UTC,view,1012,30002,electronics.device_2,20163
2026-01-01 10:49:31 UTC,view,5030,30000,electronics.device_0,20265
2026-01-01 10:49:37 UTC,cart,1015,30005,electronics.device_5,20400
2026-01-01 10:49:46 UTC,view,5127,30007,electronics.device_7,20394
2026-01-01 10:49:49 UTC,view,5021,30001,electronics.device_1,20445
2026-01-01 10:49:50 UTC,view,1013,30003,electronics.device_3,20156
2026-01-01 10:49:53 UTC,view,1007,30007,electronics.device_7,20364
2026-01-01 10:49:57 UTC,cart,1002,30002,electronics.device_2,20266
2026-01-01 10:50:02 UTC,view,1015,30005,electronics.device_5,20326
2026-01-01 10:50:11 UTC,view,1015,30005,electronics.device_5,20156
2026-01-01 10:50:21 UTC,view,5073,30003,electronics.device_3,20329
2026-01-01 10:50:24 UTC,cart,5103,30003,electronics.device_3,20079
2026-01-01 10:50:27 UTC,view,5137,30007,electronics.device_7,20462
2026-01-01 10:50:37 UTC,view,1022,30002,electronics.device_2,20289
2026-01-01 10:50:38 UTC,view,1014,30004,electronics.device_4,20486
2026-01-01 10:50:48 UTC,view,1010,30000,electronics.device_0,20393
2026-01-01 10:50:58 UTC,view,5013,30003,electronics.device_3,20016
2026-01-01 10:51:06 UTC,view,5121,30001,electronics.device_1,20329
2026-01-01 10:51:11 UTC,view,5047,30007,electronics.device_7,20414
2026-01-01 10:51:18 UTC,view,1002,30002,electronics.device_2,20353
2026-01-01 10:51:19 UTC,view,1005,30005,electronics.device_5,20248
2026-01-01 10:51:27 UTC,view,1004,30004,electronics.device_4,20074
2026-01-01 10:51:33 UTC,view,5167,30007,electronics.device_7,20441
2026-01-01 10:51:39 UTC,view,5004,30004,electronics.device_4,20190
2026-01-01 10:51:48 UTC,view,5087,30007,electronics.device_7,20124
2026-01-01 10:51:56 UTC,view,1012,30002,electronics.device_2,20127
2026-01-01 10:51:59 UTC,view,1024,30004,electronics.device_4,20485
2026-01-01 10:52:06 UTC,view,5115,30005,electronics.device_5,20493
2026-01-01 10:52:09 UTC,cart,1017,30007,electronics.device_7,20370
2026-01-01 10:52:15 UTC,view,1022,30002,electronics.device_2,20256
2026-01-01 10:52:24 UTC,view,5039,30009,electronics.device_9,20158
2026-01-01 10:52:32 UTC,view,1011,30001,electronics.device_1,20202
2026-01-01 10:52:41 UTC,purchase,5034,30004,electronics.device_4,20111
2026-01-01 10:52:51 UTC,view,1005,30005,electronics.device_5,20145
2026-01-01 10:52:59 UTC,cart,5105,30005,electronics.device_5,20335
2026-01-01 10:53:07 UTC,view,1021,30001,electronics.device_1,20434
2026-01-01 10:53:09 UTC,view,5020,30000,electronics.device_0,20136
2026-01-01 10:53:15 UTC,view,5191,30001,electronics.device_1,20024
2026-01-01 10:53:22 UTC,view,1001,30001,electronics.device_1,20100
2026-01-01 10:53:28 UTC,view,5083,30003,electronics.device_3,20198
2026-01-01 10:53:37 UTC,view,5030,30000,electronics.device_0,20144
2026-01-01 10:53:47 UTC,view,5148,30008,electronics.device_8,20066
2026-01-01 10:53:49 UTC,view,5001,30001,electronics.device_1,20174
2026-01-01 10:53:58 UTC,view,1012,30002,electronics.device_2,20102
2026-01-01 10:54:08 UTC,view,5060,30000,electronics.device_0,20021
2026-01-01 10:54:09 UTC,view,1019,30009,electronics.device_9,20171
2026-01-01 10:54:17 UTC,view,5065,30005,electronics.device_5,20311
2026-01-01 10:54:26 UTC,view,1021,30001,electronics.device_1,20314
2026-01-01 10:54:32 UTC,view,1008,30008,electronics.device_8,20316
2026-01-01 10:54:37 UTC,view,5103,30003,electronics.device_3,20425
2026-01-01 10:54:46 UTC,view,5072,30002,electronics.device_2,20289
2026-01-01 10:54:51 UTC,view,5043,30003,electronics.device_3,20189
2026-01-01 10:54:57 UTC,view,5144,30004,electronics.device_4,20214
2026-01-01 10:55:07 UTC,view,1007,30007,electronics.device_7,20372
2026-01-01 10:55:08 UTC,view,5105,30005,electronics.device_5,20496
2026-01-01 10:55:18 UTC,view,5095,30005,electronics.device_5,20027
2026-01-01 10:55:28 UTC,view,5045,30005,electronics.device_5,20323
2026-01-01 10:55:38 UTC,view,5196,30006,electronics.device_6,20076
2026-01-01 10:55:42 UTC,view,1016,30006,electronics.device_6,20359
2026-01-01 10:55:44 UTC,view,1022,30002,electronics.device_2,20161
2026-01-01 10:55:51 UTC,view,1002,30002,electronics.device_2,20105
2026-01-01 10:55:58 UTC,view,5056,30006,electronics.device_6,20472
2026-01-01 10:56:06 UTC,view,5176,30006,electronics.device_6,20362
2026-01-01 10:56:09 UTC,view,5065,30005,electronics.device_5,20167
2026-01-01 10:56:17 UTC,view,5069,30009,electronics.device_9,20490
2026-01-01 10:56:20 UTC,cart,5035,30005,electronics.device_5,20176
2026-01-01 10:56:29 UTC,view,1006,30006,electronics.device_6,20445
2026-01-01 10:56:34 UTC,view,5112,30002,electronics.device_2,20491
2026-01-01 10:56:38 UTC,view,1017,30007,electronics.device_7,20116
2026-01-01 10:56:43 UTC,view,5194,30004,electronics.device_4,20107
2026-01-01 10:56:51 UTC,view,1012,30002,electronics.device_2,20287
2026-01-01 10:56:56 UTC,view,1022,30002,electronics.device_2,20347
2026-01-01 10:57:05 UTC,cart,1019,30009,electronics.device_9,20203
2026-01-01 10:57:11 UTC,view,5195,30005,electronics.device_5,20149
2026-01-01 10:57:12 UTC,purchase,1022,30002,electronics.device_2,20041
2026-01-01 10:57:18 UTC,view,5026,30006,electronics.device_6,20383
2026-01-01 10:57:26 UTC,view,1009,30009,electronics.device_9,20276
2026-01-01 10:57:31 UTC,view,5087,30007,electronics.device_7,20071
2026-01-01 10:57:33 UTC,view,5115,30005,electronics.device_5,20123
2026-01-01 10:57:37 UTC,view,1000,30000,electronics.device_0,20272
2026-01-01 10:57:41 UTC,view,5126,30006,electronics.device_6,20052
2026-01-01 10:57:48 UTC,view,1019,30009,electronics.device_9,20052
2026-01-01 10:57:51 UTC,purchase,1002,30002,electronics.device_2,20476
2026-01-01 10:57:54 UTC,view,5008,30008,electronics.device_8,20451
2026-01-01 10:58:02 UTC,view,5044,30004,electronics.device_4,20388
2026-01-01 10:58:07 UTC,view,1014,30004,electronics.device_4,20031
2026-01-01 10:58:09 UTC,view,5133,30003,electronics.device_3,20274
2026-01-01 10:58:10 UTC,view,1014,30004,electronics.device_4,20429
2026-01-01 10:58:13 UTC,purchase,1018,30008,electronics.device_8,20204
2026-01-01 10:58:21 UTC,cart,1020,30000,electronics.device_0,20493
2026-01-01 10:58:26 UTC,view,1019,30009,electronics.device_9,20291
2026-01-01 10:58:36 UTC,cart,1004,30004,electronics.device_4,20172
2026-01-01 10:58:41 UTC,purchase,5032,30002,electronics.device_2,20279
2026-01-01 10:58:50 UTC,cart,5052,30002,electronics.device_2,20069
2026-01-01 10:58:59 UTC,view,5039,30009,electronics.device_9,20415
2026-01-01 10:59:01 UTC,view,1019,30009,electronics.device_9,20235
2026-01-01 10:59:06 UTC,view,5167,30007,electronics.device_7,20378
2026-01-01 10:59:12 UTC,view,1001,30001,electronics.device_1,20388
2026-01-01 10:59:16 UTC,view,1014,30004,electronics.device_4,20328
2026-01-01 10:59:23 UTC,view,5018,30008,electronics.device_8,20045
2026-01-01 10:59:30 UTC,view,5142,30002,electronics.device_2,20072
2026-01-01 10:59:38 UTC,cart,1015,30005,electronics.device_5,20004
2026-01-01 10:59:43 UTC,view,1021,30001,electronics.device_1,20386
2026-01-01 10:59:48 UTC,view,1018,30008,electronics.device_8,20371
2026-01-01 10:59:58 UTC,view,1005,30005,electronics.device_5,20185
2026-01-01 11:00:02 UTC,view,1006,30006,electronics.device_6,20239
2026-01-01 11:00:07 UTC,view,1006,30006,electronics.device_6,20258
2026-01-01 11:00:12 UTC,view,5153,30003,electronics.device_3,20470
2026-01-01 11:00:17 UTC,view,1013,30003,electronics.device_3,20113
2026-01-01 11:00:20 UTC,view,5044,30004,electronics.device_4,20383
2026-01-01 11:00:30 UTC,view,1016,30006,electronics.device_6,20282
2026-01-01 11:00:38 UTC,view,5187,30007,electronics.device_7,20341
2026-01-01 11:00:42 UTC,view,5190,30000,electronics.device_0,20387
2026-01-01 11:00:52 UTC,view,1016,30006,electronics.device_6,20271
2026-01-01 11:00:58 UTC,cart,1014,30004,electronics.device_4,20058
2026-01-01 11:00:59 UTC,cart,5080,30000,electronics.device_0,20104
2026-01-01 11:01:09 UTC,view,5074,30004,electronics.device_4,20168
2026-01-01 11:01:18 UTC,view,5026,30006,electronics.device_6,20106
2026-01-01 11:01:28 UTC,view,5050,30000,electronics.device_0,20262
2026-01-01 11:01:36 UTC,view,1003,30003,electronics.device_3,20263
2026-01-01 11:01:43 UTC,view,5033,30003,electronics.device_3,20287
2026-01-01 11:01:51 UTC,view,5144,30004,electronics.device_4,20371
2026-01-01 11:01:52 UTC,view,5002,30002,electronics.device_2,20002
2026-01-01 11:01:56 UTC,view,5096,30006,electronics.device_6,20217
2026-01-01 11:02:02 UTC,view,5158,30008,electronics.device_8,20031
2026-01-01 11:02:04 UTC,view,5041,30001,electronics.device_1,20210
2026-01-01 11:02:07 UTC,view,5193,30003,electronics.device_3,20329
2026-01-01 11:02:14 UTC,purchase,1016,30006,electronics.device_6,20196
2026-01-01 11:02:22 UTC,view,1018,30008,electronics.device_8,20350
2026-01-01 11:02:31 UTC,view,1018,30008,electronics.device_8,20179
2026-01-01 11:02:33 UTC,purchase,1016,30006,electronics.device_6,20202
2026-01-01 11:02:42 UTC,view,1015,30005,electronics.device_5,20115
2026-01-01 11:02:43 UTC,view,5187,30007,electronics.device_7,20153
2026-01-01 11:02:51 UTC,view,5144,30004,electronics.device_4,20218
2026-01-01 11:03:00 UTC,view,1019,30009,electronics.device_9,20127
2026-01-01 11:03:08 UTC,view,1002,30002,electronics.device_2,20097
2026-01-01 11:03:10 UTC,view,1016,30006,electronics.device_6,20215
2026-01-01 11:03:20 UTC,cart,5192,30002,electronics.device_2,20456
2026-01-01 11:03:21 UTC,view,1023,30003,electronics.device_3,20052
2026-01-01 11:03:31 UTC,view,1017,30007,electronics.device_7,20345
2026-01-01 11:03:32 UTC,view,1000,30000,electronics.device_0,20206
2026-01-01 11:03:40 UTC,view,1019,30009,electronics.device_9,20387
2026-01-01 11:03:41 UTC,view,1021,30001,electronics.device_1,20149
2026-01-01 11:03:45 UTC,view,5174,30004,electronics.device_4,20296
2026-01-01 11:03:55 UTC,view,5195,30005,electronics.device_5,20165
2026-01-01 11:03:59 UTC,cart,1004,30004,electronics.device_4,20339
2026-01-01 11:04:08 UTC,view,1013,30003,electronics.device_3,20141
2026-01-01 11:04:09 UTC,cart,5085,30005,electronics.device_5,20451
2026-01-01 11:04:12 UTC,view,5120,30000,electronics.device_0,20285
2026-01-01 11:04:20 UTC,purchase,1024,30004,electronics.device_4,20483
2026-01-01 11:04:27 UTC,view,5068,30008,electronics.device_8,20214
2026-01-01 11:04:34 UTC,view,1001,30001,electronics.device_1,20095
2026-01-01 11:04:43 UTC,view,5042,30002,electronics.device_2,20116
2026-01-01 11:04:48 UTC,view,5162,30002,electronics.device_2,20238
2026-01-01 11:04:49 UTC,view,5087,30007,electronics.device_7,20214
2026-01-01 11:04:58 UTC,view,5071,30001,electronics.device_1,20125
2026-01-01 11:05:03 UTC,view,1004,30004,electronics.device_4,20041
2026-01-01 11:05:11 UTC,view,1014,30004,electronics.device_4,20371
2026-01-01 11:05:15 UTC,view,1001,30001,electronics.device_1,20345
2026-01-01 11:05:25 UTC,view,5108,30008,electronics.device_8,20038
2026-01-01 11:05:29 UTC,view,5189,30009,electronics.device_9,20344
2026-01-01 11:05:38 UTC,view,1011,30001,electronics.device_1,20446
2026-01-01 11:05:44 UTC,purchase,1005,30005,electronics.device_5,20008
2026-01-01 11:05:48 UTC,purchase,1022,30002,electronics.device_2,20061
2026-01-01 11:05:56 UTC,view,1024,30004,electronics.device_4,20361
2026-01-01 11:06:00 UTC,cart,5003,30003,electronics.device_3,20283
2026-01-01 11:06:06 UTC,view,5197,30007,electronics.device_7,20239
2026-01-01 11:06:15 UTC,view,5132,30002,electronics.device_2,20134
2026-01-01 11:06:21 UTC,cart,5062,30002,electronics.device_2,20239
2026-01-01 11:06:23 UTC,view,5169,30009,electronics.device_9,20430
2026-01-01 11:06:29 UTC,view,1004,30004,electronics.device_4,20212
2026-01-01 11:06:30 UTC,cart,5088,30008,electronics.device_8,20380
2026-01-01 11:06:33 UTC,view,1008,30008,electronics.device_8,20479
2026-01-01 11:06:43 UTC,view,5096,30006,electronics.device_6,20152
2026-01-01 11:06:46 UTC,view,1000,30000,electronics.device_0,20195
2026-01-01 11:06:56 UTC,view,1000,30000,electronics.device_0,20336
2026-01-01 11:07:02 UTC,view,1006,30006,electronics.device_6,20251
2026-01-01 11:07:10 UTC,view,5035,30005,electronics.device_5,20408
2026-01-01 11:07:16 UTC,view,1011,30001,electronics.device_1,20280
2026-01-01 11:07:24 UTC,cart,1019,30009,electronics.device_9,20278
2026-01-01 11:07:25 UTC,view,5068,30008,electronics.device_8,20434
2026-01-01 11:07:27 UTC,view,5142,30002,electronics.device_2,20004
2026-01-01 11:07:34 UTC,view,1020,30000,electronics.device_0,20119
2026-01-01 11:07:36 UTC,view,5162,30002,electronics.device_2,20112
2026-01-01 11:07:45 UTC,view,5033,30003,electronics.device_3,20317
2026-01-01 11:07:55 UTC,view,5047,30007,electronics.device_7,20009
2026-01-01 11:07:56 UTC,view,5072,30002,electronics.device_2,20007
2026-01-01 11:07:57 UTC,view,5071,30001,electronics.device_1,20275
2026-01-01 11:08:02 UTC,view,1008,30008,electronics.device_8,20358
2026-01-01 11:08:09 UTC,view,1016,30006,electronics.device_6,20050
2026-01-01 11:08:18 UTC,view,1001,30001,electronics.device_1,20318
2026-01-01 11:08:27 UTC,view,1004,30004,electronics.device_4,20137
2026-01-01 11:08:34 UTC,view,1015,30005,electronics.device_5,20208
2026-01-01 11:08:42 UTC,view,5089,30009,electronics.device_9,20357
2026-01-01 11:08:46 UTC,view,1003,30003,electronics.device_3,20435
2026-01-01 11:08:48 UTC,purchase,5134,30004,electronics.device_4,20333
2026-01-01 11:08:49 UTC,view,1022,30002,electronics.device_2,20194
2026-01-01 11:08:58 UTC,view,5043,30003,electronics.device_3,20005
2026-01-01 11:09:01 UTC,view,1017,30007,electronics.device_7,20223
2026-01-01 11:09:07 UTC,purchase,5089,30009,electronics.device_9,20499
2026-01-01 11:09:09 UTC,cart,5070,30000,electronics.device_0,20118
2026-01-01 11:09:13 UTC,cart,5154,30004,electronics.device_4,20244
2026-01-01 11:09:18 UTC,cart,1023,30003,electronics.device_3,20351
2026-01-01 11:09:23 UTC,view,5078,30008,electronics.device_8,20017
2026-01-01 11:09:26 UTC,view,1011,30001,electronics.device_1,20107
2026-01-01 11:09:36 UTC,view,1023,30003,electronics.device_3,20365
2026-01-01 11:09:43 UTC,view,1014,30004,electronics.device_4,20289
2026-01-01 11:09:47 UTC,view,5090,30000,electronics.device_0,20200
2026-01-01 11:09:56 UTC,view,1019,30009,electronics.device_9,20379
2026-01-01 11:09:59 UTC,view,5152,30002,electronics.device_2,20257
2026-01-01 11:10:05 UTC,view,1002,30002,electronics.device_2,20119
2026-01-01 11:10:07 UTC,view,1024,30004,electronics.device_4,20315
2026-01-01 11:10:17 UTC,purchase,5003,30003,electronics.device_3,20168
2026-01-01 11:10:18 UTC,view,5124,30004,electronics.device_4,20231
2026-01-01 11:10:26 UTC,view,1016,30006,electronics.device_6,20482
2026-01-01 11:10:33 UTC,view,5021,30001,electronics.device_1,20300
2026-01-01 11:10:40 UTC,view,1018,30008,electronics.device_8,20152
2026-01-01 11:10:44 UTC,view,5165,30005,electronics.device_5,20138
2026-01-01 11:10:47 UTC,view,1019,30009,electronics.device_9,20325
2026-01-01 11:10:50 UTC,view,5178,30008,electronics.device_8,20185
2026-01-01 11:10:52 UTC,view,1021,30001,electronics.device_1,20158
2026-01-01 11:11:00 UTC,view,1009,30009,electronics.device_9,20053
2026-01-01 11:11:03 UTC,view,1019,30009,electronics.device_9,20230
2026-01-01 11:11:12 UTC,view,5084,30004,electronics.device_4,20053
2026-01-01 11:11:13 UTC,view,1020,30000,electronics.device_0,20048
2026-01-01 11:11:23 UTC,view,5106,30006,electronics.device_6,20443
2026-01-01 11:11:30 UTC,view,1006,30006,electronics.device_6,20199
2026-01-01 11:11:32 UTC,cart,5171,30001,electronics.device_1,20464
2026-01-01 11:11:36 UTC,view,5092,30002,electronics.device_2,20351
2026-01-01 11:11:43 UTC,view,1011,30001,electronics.device_1,20155
2026-01-01 11:11:48 UTC,view,5052,30002,electronics.device_2,20086
2026-01-01 11:11:55 UTC,view,1016,30006,electronics.device_6,20248
2026-01-01 11:11:57 UTC,view,1009,30009,electronics.device_9,20127
2026-01-01 11:12:05 UTC,view,5104,30004,electronics.device_4,20235
2026-01-01 11:12:07 UTC,view,1019,30009,electronics.device_9,20486
2026-01-01 11:12:14 UTC,view,1020,30000,electronics.device_0,20195
2026-01-01 11:12:20 UTC,view,5025,30005,electronics.device_5,20418
2026-01-01 11:12:30 UTC,view,1019,30009,electronics.device_9,20309
2026-01-01 11:12:34 UTC,view,5045,30005,electronics.device_5,20494
2026-01-01 11:12:41 UTC,view,1013,30003,electronics.device_3,20356
2026-01-01 11:12:49 UTC,view,5094,30004,electronics.device_4,20167
2026-01-01 11:12:56 UTC,view,1018,30008,electronics.device_8,20202
2026-01-01 11:13:02 UTC,cart,1008,30008,electronics.device_8,20103
2026-01-01 11:13:12 UTC,view,5079,30009,electronics.device_9,20394
2026-01-01 11:13:21 UTC,purchase,1013,30003,electronics.device_3,20237
2026-01-01 11:13:25 UTC,view,5024,30004,electronics.device_4,20426
2026-01-01 11:13:27 UTC,view,5009,30009,electronics.device_9,20072
2026-01-01 11:13:32 UTC,view,1023,30003,electronics.device_3,20079
2026-01-01 11:13:39 UTC,view,1018,30008,electronics.device_8,20307
2026-01-01 11:13:47 UTC,view,5098,30008,electronics.device_8,20260
2026-01-01 11:13:54 UTC,view,5078,30008,electronics.device_8,20496
2026-01-01 11:14:00 UTC,cart,5159,30009,electronics.device_9,20275
2026-01-01 11:14:10 UTC,cart,5126,30006,electronics.device_6,20056
2026-01-01 11:14:14 UTC,view,5136,30006,electronics.device_6,20086
2026-01-01 11:14:24 UTC,view,1022,30002,electronics.device_2,20331
2026-01-01 11:14:31 UTC,view,5185,30005,electronics.device_5,20408
2026-01-01 11:14:38 UTC,view,1004,30004,electronics.device_4,20133
2026-01-01 11:14:42 UTC,view,5061,30001,electronics.device_1,20286
2026-01-01 11:14:52 UTC,view,5152,30002,electronics.device_2,20229
2026-01-01 11:14:58 UTC,view,5000,30000,electronics.device_0,20348
2026-01-01 11:15:08 UTC,view,5153,30003,electronics.device_3,20177
2026-01-01 11:15:09 UTC,view,5047,30007,electronics.device_7,20213
2026-01-01 11:15:11 UTC,view,1009,30009,electronics.device_9,20374
2026-01-01 11:15:14 UTC,view,1003,30003,electronics.device_3,20234
2026-01-01 11:15:18 UTC,view,5066,30006,electronics.device_6,20244
2026-01-01 11:15:20 UTC,view,5024,30004,electronics.device_4,20232
2026-01-01 11:15:26 UTC,view,1009,30009,electronics.device_9,20415
2026-01-01 11:15:28 UTC,view,1011,30001,electronics.device_1,20332
2026-01-01 11:15:30 UTC,view,5146,30006,electronics.device_6,20477
2026-01-01 11:15:34 UTC,view,5064,30004,electronics.device_4,20082
2026-01-01 11:15:40 UTC,view,5086,30006,electronics.device_6,20237
2026-01-01 11:15:44 UTC,view,5007,30007,electronics.device_7,20096
2026-01-01 11:15:51 UTC,view,5002,30002,electronics.device_2,20315
2026-01-01 11:15:55 UTC,view,5030,30000,electronics.device_0,20200
2026-01-01 11:15:56 UTC,view,5160,30000,electronics.device_0,20143
2026-01-01 11:15:58 UTC,view,5095,30005,electronics.device_5,20447
2026-01-01 11:16:07 UTC,view,1020,30000,electronics.device_0,20101
2026-01-01 11:16:15 UTC,view,1008,30008,electronics.device_8,20442
2026-01-01 11:16:23 UTC,purchase,5070,30000,electronics.device_0,20161
2026-01-01 11:16:33 UTC,view,1023,30003,electronics.device_3,20301
2026-01-01 11:16:35 UTC,view,1003,30003,electronics.device_3,20235
2026-01-01 11:16:45 UTC,view,1013,30003,electronics.device_3,20362
2026-01-01 11:16:50 UTC,view,5114,30004,electronics.device_4,20345
2026-01-01 11:16:53 UTC,view,1010,30000,electronics.device_0,20157
2026-01-01 11:16:55 UTC,view,1018,30008,electronics.device_8,20073
2026-01-01 11:17:04 UTC,view,1023,30003,electronics.device_3,20071
2026-01-01 11:17:14 UTC,view,1021,30001,electronics.device_1,20250
2026-01-01 11:17:23 UTC,cart,5155,30005,electronics.device_5,20477
2026-01-01 11:17:26 UTC,view,5084,30004,electronics.device_4,20148
2026-01-01 11:17:29 UTC,view,1020,30000,electronics.device_0,20231
2026-01-01 11:17:39 UTC,cart,1002,30002,electronics.device_2,20488
2026-01-01 11:17:40 UTC,view,5048,30008,electronics.device_8,20418
2026-01-01 11:17:47 UTC,view,5087,30007,electronics.device_7,20254
2026-01-01 11:17:54 UTC,view,5150,30000,electronics.device_0,20364
2026-01-01 11:18:02 UTC,view,5050,30000,electronics.device_0,20290
2026-01-01 11:18:03 UTC,view,5189,30009,electronics.device_9,20017
2026-01-01 11:18:08 UTC,view,1015,30005,electronics.device_5,20087
2026-01-01 11:18:16 UTC,view,5089,30009,electronics.device_9,20393
2026-01-01 11:18:24 UTC,view,5081,30001,electronics.device_1,20294
2026-01-01 11:18:26 UTC,view,1012,30002,electronics.device_2,20422
2026-01-01 11:18:32 UTC,view,5077,30007,electronics.device_7,20022
2026-01-01 11:18:40 UTC,view,5079,30009,electronics.device_9,20218
2026-01-01 11:18:42 UTC,view,5176,30006,electronics.device_6,20385
2026-01-01 11:18:46 UTC,cart,1002,30002,electronics.device_2,20017
2026-01-01 11:18:54 UTC,view,1009,30009,electronics.device_9,20419
2026-01-01 11:18:56 UTC,cart,5024,30004,electronics.device_4,20061
2026-01-01 11:19:00 UTC,view,1007,30007,electronics.device_7,20302
2026-01-01 11:19:06 UTC,view,5163,30003,electronics.device_3,20220
2026-01-01 11:19:09 UTC,view,5115,30005,electronics.device_5,20106
2026-01-01 11:19:13 UTC,view,1005,30005,electronics.device_5,20273
2026-01-01 11:19:18 UTC,view,5105,30005,electronics.device_5,20166
2026-01-01 11:19:23 UTC,view,1023,30003,electronics.device_3,20488
2026-01-01 11:19:32 UTC,view,5147,30007,electronics.device_7,20070
2026-01-01 11:19:39 UTC,purchase,1005,30005,electronics.device_5,20444
2026-01-01 11:19:42 UTC,cart,5159,30009,electronics.device_9,20128
2026-01-01 11:19:45 UTC,view,5164,30004,electronics.device_4,20127
2026-01-01 11:19:52 UTC,view,5050,30000,electronics.device_0,20324
2026-01-01 11:19:57 UTC,view,5121,30001,electronics.device_1,20232
2026-01-01 11:19:59 UTC,view,5124,30004,electronics.device_4,20394
2026-01-01 11:20:01 UTC,view,5006,30006,electronics.device_6,20143
2026-01-01 11:20:07 UTC,purchase,5032,30002,electronics.device_2,20168
2026-01-01 11:20:17 UTC,cart,1001,30001,electronics.device_1,20434
2026-01-01 11:20:19 UTC,purchase,5174,30004,electronics.device_4,20326
2026-01-01 11:20:25 UTC,view,1007,30007,electronics.device_7,20204
2026-01-01 11:20:29 UTC,view,5019,30009,electronics.device_9,20254
2026-01-01 11:20:34 UTC,view,1015,30005,electronics.device_5,20173
2026-01-01 11:20:43 UTC,view,5095,30005,electronics.device_5,20437
2026-01-01 11:20:51 UTC,cart,1000,30000,electronics.device_0,20391
2026-01-01 11:20:52 UTC,view,1023,30003,electronics.device_3,20402
2026-01-01 11:21:00 UTC,view,1008,30008,electronics.device_8,20440
2026-01-01 11:21:03 UTC,view,5025,30005,electronics.device_5,20491
2026-01-01 11:21:10 UTC,purchase,1003,30003,electronics.device_3,20466
2026-01-01 11:21:13 UTC,view,5132,30002,electronics.device_2,20448
2026-01-01 11:21:18 UTC,view,1022,30002,electronics.device_2,20129
2026-01-01 11:21:20 UTC,view,1015,30005,electronics.device_5,20333
2026-01-01 11:21:23 UTC,view,1001,30001,electronics.device_1,20157
2026-01-01 11:21:27 UTC,view,5019,30009,electronics.device_9,20361
2026-01-01 11:21:29 UTC,view,1000,30000,electronics.device_0,20040
2026-01-01 11:21:32 UTC,view,5103,30003,electronics.device_3,20349
2026-01-01 11:21:40 UTC,view,1004,30004,electronics.device_4,20176
2026-01-01 11:21:42 UTC,view,5016,30006,electronics.device_6,20245
2026-01-01 11:21:44 UTC,view,1017,30007,electronics.device_7,20375
2026-01-01 11:21:46 UTC,view,1002,30002,electronics.device_2,20452
2026-01-01 11:21:51 UTC,view,1020,30000,electronics.device_0,20417
2026-01-01 11:21:54 UTC,purchase,5128,30008,electronics.device_8,20074
2026-01-01 11:21:56 UTC,view,5071,30001,electronics.device_1,20313
2026-01-01 11:21:59 UTC,view,5025,30005,electronics.device_5,20110
2026-01-01 11:22:02 UTC,view,5010,30000,electronics.device_0,20227
2026-01-01 11:22:06 UTC,cart,1019,30009,electronics.device_9,20072
2026-01-01 11:22:08 UTC,view,5101,30001,electronics.device_1,20180
2026-01-01 11:22:15 UTC,view,1011,30001,electronics.device_1,20127
2026-01-01 11:22:20 UTC,view,5130,30000,electronics.device_0,20284
2026-01-01 11:22:30 UTC,view,5107,30007,electronics.device_7,20146
2026-01-01 11:22:31 UTC,cart,5137,30007,electronics.device_7,20106
2026-01-01 11:22:40 UTC,view,5110,30000,electronics.device_0,20383
2026-01-01 11:22:47 UTC,view,1001,30001,electronics.device_1,20402
2026-01-01 11:22:51 UTC,view,5053,30003,electronics.device_3,20124
2026-01-01 11:22:59 UTC,view,5126,30006,electronics.device_6,20271
2026-01-01 11:23:00 UTC,cart,1009,30009,electronics.device_9,20068
2026-01-01 11:23:07 UTC,view,5091,30001,electronics.device_1,20280
2026-01-01 11:23:10 UTC,view,5190,30000,electronics.device_0,20395
2026-01-01 11:23:12 UTC,view,1008,30008,electronics.device_8,20008
2026-01-01 11:23:17 UTC,view,1010,30000,electronics.device_0,20031
2026-01-01 11:23:24 UTC,view,5059,30009,electronics.device_9,20365
2026-01-01 11:23:33 UTC,view,5192,30002,electronics.device_2,20360
2026-01-01 11:23:40 UTC,view,1017,30007,electronics.device_7,20276
2026-01-01 11:23:50 UTC,view,1003,30003,electronics.device_3,20159
2026-01-01 11:23:52 UTC,cart,5061,30001,electronics.device_1,20499
2026-01-01 11:23:55 UTC,view,5074,30004,electronics.device_4,20301
2026-01-01 11:23:57 UTC,view,1008,30008,electronics.device_8,20374
2026-01-01 11:24:01 UTC,view,1004,30004,electronics.device_4,20474
2026-01-01 11:24:08 UTC,view,1009,30009,electronics.device_9,20312
2026-01-01 11:24:09 UTC,view,1008,30008,electronics.device_8,20337
2026-01-01 11:24:12 UTC,view,1011,30001,electronics.device_1,20071
2026-01-01 11:24:13 UTC,view,1008,30008,electronics.device_8,20178
2026-01-01 11:24:22 UTC,view,5064,30004,electronics.device_4,20370
2026-01-01 11:24:27 UTC,view,1010,30000,electronics.device_0,20384
2026-01-01 11:24:32 UTC,cart,5175,30005,electronics.device_5,20395
2026-01-01 11:24:33 UTC,view,1021,30001,electronics.device_1,20140
2026-01-01 11:24:42 UTC,view,1007,30007,electronics.device_7,20500
2026-01-01 11:24:52 UTC,view,5121,30001,electronics.device_1,20234
2026-01-01 11:25:01 UTC,view,1009,30009,electronics.device_9,20440
2026-01-01 11:25:11 UTC,view,1010,30000,electronics.device_0,20131
2026-01-01 11:25:13 UTC,view,5093,30003,electronics.device_3,20060
2026-01-01 11:25:17 UTC,view,5179,30009,electronics.device_9,20023
2026-01-01 11:25:18 UTC,view,1000,30000,electronics.device_0,20187
2026-01-01 11:25:25 UTC,view,1001,30001,electronics.device_1,20492
2026-01-01 11:25:26 UTC,view,5083,30003,electronics.device_3,20366
2026-01-01 11:25:33 UTC,view,1014,30004,electronics.device_4,20214
2026-01-01 11:25:39 UTC,view,1013,30003,electronics.device_3,20293
2026-01-01 11:25:45 UTC,view,1011,30001,electronics.device_1,20462
2026-01-01 11:25:46 UTC,view,1016,30006,electronics.device_6,20265
2026-01-01 11:25:47 UTC,view,5005,30005,electronics.device_5,20239
2026-01-01 11:25:52 UTC,view,5196,30006,electronics.device_6,20168
2026-01-01 11:25:54 UTC,view,5083,30003,electronics.device_3,20189
2026-01-01 11:25:58 UTC,view,1024,30004,electronics.device_4,20156
2026-01-01 11:26:08 UTC,view,1024,30004,electronics.device_4,20303
2026-01-01 11:26:16 UTC,view,5195,30005,electronics.device_5,20376
2026-01-01 11:26:25 UTC,view,5189,30009,electronics.device_9,20078
2026-01-01 11:26:26 UTC,view,5009,30009,electronics.device_9,20278
2026-01-01 11:26:32 UTC,view,5125,30005,electronics.device_5,20450
2026-01-01 11:26:33 UTC,view,1021,30001,electronics.device_1,20337
2026-01-01 11:26:40 UTC,view,5177,30007,electronics.device_7,20054
2026-01-01 11:26:44 UTC,purchase,5071,30001,electronics.device_1,20215
2026-01-01 11:26:52 UTC,purchase,1005,30005,electronics.device_5,20073
2026-01-01 11:26:57 UTC,view,1022,30002,electronics.device_2,20119
2026-01-01 11:27:06 UTC,view,5011,30001,electronics.device_1,20191
2026-01-01 11:27:14 UTC,view,5182,30002,electronics.device_2,20049
2026-01-01 11:27:23 UTC,view,1018,30008,electronics.device_8,20202
2026-01-01 11:27:25 UTC,view,5103,30003,electronics.device_3,20223
2026-01-01 11:27:28 UTC,view,1021,30001,electronics.device_1,20436
2026-01-01 11:27:34 UTC,view,5001,30001,electronics.device_1,20377
2026-01-01 11:27:40 UTC,view,1012,30002,electronics.device_2,20120
2026-01-01 11:27:42 UTC,view,1003,30003,electronics.device_3,20395
2026-01-01 11:27:52 UTC,view,1005,30005,electronics.device_5,20085
2026-01-01 11:28:00 UTC,view,5038,30008,electronics.device_8,20062
2026-01-01 11:28:09 UTC,purchase,1008,30008,electronics.device_8,20107
2026-01-01 11:28:17 UTC,view,1007,30007,electronics.device_7,20437
2026-01-01 11:28:19 UTC,view,1021,30001,electronics.device_1,20352
2026-01-01 11:28:24 UTC,view,5160,30000,electronics.device_0,20021
2026-01-01 11:28:28 UTC,view,1017,30007,electronics.device_7,20365
2026-01-01 11:28:32 UTC,view,1007,30007,electronics.device_7,20026
2026-01-01 11:28:37 UTC,view,1008,30008,electronics.device_8,20090
2026-01-01 11:28:38 UTC,cart,5007,30007,electronics.device_7,20285
2026-01-01 11:28:47 UTC,view,1002,30002,electronics.device_2,20053
2026-01-01 11:28:50 UTC,view,1012,30002,electronics.device_2,20426
2026-01-01 11:28:54 UTC,view,1016,30006,electronics.device_6,20206
2026-01-01 11:29:00 UTC,view,5151,30001,electronics.device_1,20331
2026-01-01 11:29:02 UTC,view,5098,30008,electronics.device_8,20470
2026-01-01 11:29:04 UTC,purchase,1011,30001,electronics.device_1,20102
2026-01-01 11:29:12 UTC,view,1015,30005,electronics.device_5,20434
2026-01-01 11:29:18 UTC,view,1012,30002,electronics.device_2,20237
2026-01-01 11:29:19 UTC,cart,1011,30001,electronics.device_1,20222
2026-01-01 11:29:26 UTC,view,5054,30004,electronics.device_4,20350
2026-01-01 11:29:33 UTC,view,1013,30003,electronics.device_3,20466
2026-01-01 11:29:36 UTC,view,1015,30005,electronics.device_5,20453
2026-01-01 11:29:39 UTC,view,1017,30007,electronics.device_7,20316
2026-01-01 11:29:43 UTC,view,5131,30001,electronics.device_1,20211
2026-01-01 11:29:52 UTC,view,5045,30005,electronics.device_5,20144
2026-01-01 11:29:59 UTC,view,1020,30000,electronics.device_0,20330
2026-01-01 11:30:08 UTC,view,1002,30002,electronics.device_2,20411
2026-01-01 11:30:17 UTC,purchase,1009,30009,electronics.device_9,20401
2026-01-01 11:30:23 UTC,view,5045,30005,electronics.device_5,20249
2026-01-01 11:30:29 UTC,view,5089,30009,electronics.device_9,20199
2026-01-01 11:30:34 UTC,view,1017,30007,electronics.device_7,20306
2026-01-01 11:30:38 UTC,cart,1015,30005,electronics.device_5,20399
2026-01-01 11:30:43 UTC,view,1004,30004,electronics.device_4,20242
2026-01-01 11:30:52 UTC,view,1008,30008,electronics.device_8,20120
2026-01-01 11:30:55 UTC,view,1001,30001,electronics.device_1,20124
2026-01-01 11:31:00 UTC,view,5073,30003,electronics.device_3,20470
2026-01-01 11:31:01 UTC,purchase,5191,30001,electronics.device_1,20113
2026-01-01 11:31:11 UTC,view,1023,30003,electronics.device_3,20430
2026-01-01 11:31:14 UTC,view,1015,30005,electronics.device_5,20163
2026-01-01 11:31:20 UTC,view,5102,30002,electronics.device_2,20359
2026-01-01 11:31:26 UTC,view,5090,30000,electronics.device_0,20289
2026-01-01 11:31:30 UTC,view,5052,30002,electronics.device_2,20090
2026-01-01 11:31:38 UTC,view,1019,30009,electronics.device_9,20120
2026-01-01 11:31:48 UTC,view,1012,30002,electronics.device_2,20245
2026-01-01 11:31:49 UTC,cart,1019,30009,electronics.device_9,20104
2026-01-01 11:31:52 UTC,view,1024,30004,electronics.device_4,20471
2026-01-01 11:31:58 UTC,view,1005,30005,electronics.device_5,20301
2026-01-01 11:32:01 UTC,view,5196,30006,electronics.device_6,20270
2026-01-01 11:32:07 UTC,view,1012,30002,electronics.device_2,20483
2026-01-01 11:32:14 UTC,view,5100,30000,electronics.device_0,20155
2026-01-01 11:32:20 UTC,purchase,1019,30009,electronics.device_9,20375
2026-01-01 11:32:27 UTC,purchase,5127,30007,electronics.device_7,20333
2026-01-01 11:32:33 UTC,view,1014,30004,electronics.device_4,20288
2026-01-01 11:32:43 UTC,view,1007,30007,electronics.device_7,20302
2026-01-01 11:32:46 UTC,view,1018,30008,electronics.device_8,20353
2026-01-01 11:32:51 UTC,view,1015,30005,electronics.device_5,20001
2026-01-01 11:33:01 UTC,cart,5000,30000,electronics.device_0,20395
2026-01-01 11:33:11 UTC,view,1016,30006,electronics.device_6,20163
2026-01-01 11:33:21 UTC,view,1013,30003,electronics.device_3,20054
2026-01-01 11:33:29 UTC,view,1022,30002,electronics.device_2,20040
2026-01-01 11:33:33 UTC,purchase,1002,30002,electronics.device_2,20086
2026-01-01 11:33:35 UTC,view,5162,30002,electronics.device_2,20374
2026-01-01 11:33:41 UTC,view,5028,30008,electronics.device_8,20108
2026-01-01 11:33:45 UTC,view,5154,30004,electronics.device_4,20132
2026-01-01 11:33:47 UTC,view,5168,30008,electronics.device_8,20198
2026-01-01 11:33:55 UTC,view,5175,30005,electronics.device_5,20086
2026-01-01 11:34:02 UTC,cart,5052,30002,electronics.device_2,20180
2026-01-01 11:34:11 UTC,view,1017,30007,electronics.device_7,20246
2026-01-01 11:34:21 UTC,view,5133,30003,electronics.device_3,20116
2026-01-01 11:34:24 UTC,view,5031,30001,electronics.device_1,20434
2026-01-01 11:34:25 UTC,view,1000,30000,electronics.device_0,20134
2026-01-01 11:34:27 UTC,view,1012,30002,electronics.device_2,20455
2026-01-01 11:34:34 UTC,view,1007,30007,electronics.device_7,20281
2026-01-01 11:34:36 UTC,view,1023,30003,electronics.device_3,20315
2026-01-01 11:34:44 UTC,view,5160,30000,electronics.device_0,20483
2026-01-01 11:34:47 UTC,cart,5110,30000,electronics.device_0,20081
2026-01-01 11:34:48 UTC,view,1001,30001,electronics.device_1,20499
2026-01-01 11:34:52 UTC,view,5009,30009,electronics.device_9,20370
2026-01-01 11:35:01 UTC,view,1010,30000,electronics.device_0,20153
2026-01-01 11:35:05 UTC,view,1024,30004,electronics.device_4,20293
2026-01-01 11:35:14 UTC,view,5051,30001,electronics.device_1,20185
2026-01-01 11:35:15 UTC,view,5018,30008,electronics.device_8,20422
2026-01-01 11:35:25 UTC,view,5045,30005,electronics.device_5,20014
2026-01-01 11:35:29 UTC,view,1012,30002,electronics.device_2,20042
2026-01-01 11:35:37 UTC,view,1009,30009,electronics.device_9,20204
2026-01-01 11:35:45 UTC,cart,5050,30000,electronics.device_0,20136
2026-01-01 11:35:47 UTC,view,5128,30008,electronics.device_8,20095
2026-01-01 11:35:53 UTC,view,1020,30000,electronics.device_0,20229
2026-01-01 11:35:54 UTC,view,1009,30009,electronics.device_9,20135
2026-01-01 11:35:58 UTC,view,1012,30002,electronics.device_2,20078
2026-01-01 11:36:00 UTC,view,1018,30008,electronics.device_8,20414
2026-01-01 11:36:09 UTC,purchase,5011,30001,electronics.device_1,20302
2026-01-01 11:36:13 UTC,view,5083,30003,electronics.device_3,20199
2026-01-01 11:36:22 UTC,purchase,5014,30004,electronics.device_4,20352
2026-01-01 11:36:30 UTC,cart,5093,30003,electronics.device_3,20244
2026-01-01 11:36:35 UTC,view,1015,30005,electronics.device_5,20438
2026-01-01 11:36:36 UTC,view,5057,30007,electronics.device_7,20265
2026-01-01 11:36:46 UTC,purchase,5146,30006,electronics.device_6,20076
2026-01-01 11:36:48 UTC,view,5187,30007,electronics.device_7,20486
2026-01-01 11:36:51 UTC,view,1008,30008,electronics.device_8,20065
2026-01-01 11:36:52 UTC,view,5016,30006,electronics.device_6,20350
2026-01-01 11:36:59 UTC,purchase,1003,30003,electronics.device_3,20322
2026-01-01 11:37:02 UTC,view,5104,30004,electronics.device_4,20467
2026-01-01 11:37:04 UTC,view,1019,30009,electronics.device_9,20204
2026-01-01 11:37:13 UTC,cart,1016,30006,electronics.device_6,20267
2026-01-01 11:37:21 UTC,view,1006,30006,electronics.device_6,20320
2026-01-01 11:37:31 UTC,view,5067,30007,electronics.device_7,20058
2026-01-01 11:37:38 UTC,view,1001,30001,electronics.device_1,20302
2026-01-01 11:37:48 UTC,purchase,5188,30008,electronics.device_8,20052
2026-01-01 11:37:50 UTC,view,5088,30008,electronics.device_8,20403
2026-01-01 11:37:55 UTC,cart,5074,30004,electronics.device_4,20450
2026-01-01 11:38:02 UTC,view,1010,30000,electronics.device_0,20249
2026-01-01 11:38:12 UTC,view,5111,30001,electronics.device_1,20089
2026-01-01 11:38:17 UTC,view,5006,30006,electronics.device_6,20312
2026-01-01 11:38:24 UTC,view,1019,30009,electronics.device_9,20451
2026-01-01 11:38:30 UTC,view,5153,30003,electronics.device_3,20382
2026-01-01 11:38:38 UTC,cart,1012,30002,electronics.device_2,20011
2026-01-01 11:38:44 UTC,view,1005,30005,electronics.device_5,20432
2026-01-01 11:38:52 UTC,view,5156,30006,electronics.device_6,20498
2026-01-01 11:38:56 UTC,view,1018,30008,electronics.device_8,20381
2026-01-01 11:39:04 UTC,view,5196,30006,electronics.device_6,20138
2026-01-01 11:39:11 UTC,view,5109,30009,electronics.device_9,20097
2026-01-01 11:39:19 UTC,cart,1008,30008,electronics.device_8,20209
2026-01-01 11:39:27 UTC,view,5188,30008,electronics.device_8,20192
2026-01-01 11:39:28 UTC,view,5063,30003,electronics.device_3,20034
2026-01-01 11:39:33 UTC,view,5163,30003,electronics.device_3,20070
2026-01-01 11:39:42 UTC,view,5091,30001,electronics.device_1,20099
2026-01-01 11:39:46 UTC,view,1004,30004,electronics.device_4,20234
2026-01-01 11:39:47 UTC,view,1009,30009,electronics.device_9,20141
2026-01-01 11:39:53 UTC,view,5037,30007,electronics.device_7,20326
2026-01-01 11:39:55 UTC,view,5148,30008,electronics.device_8,20191
2026-01-01 11:40:03 UTC,view,5104,30004,electronics.device_4,20492
2026-01-01 11:40:11 UTC,view,5100,30000,electronics.device_0,20177
2026-01-01 11:40:14 UTC,view,1007,30007,electronics.device_7,20353
2026-01-01 11:40:16 UTC,view,1020,30000,electronics.device_0,20026
2026-01-01 11:40:19 UTC,view,5092,30002,electronics.device_2,20110
2026-01-01 11:40:23 UTC,view,5131,30001,electronics.device_1,20106
2026-01-01 11:40:28 UTC,view,5133,30003,electronics.device_3,20011
2026-01-01 11:40:29 UTC,cart,5042,30002,electronics.device_2,20332
2026-01-01 11:40:32 UTC,view,5107,30007,electronics.device_7,20115
2026-01-01 11:40:37 UTC,view,5111,30001,electronics.device_1,20157
2026-01-01 11:40:42 UTC,cart,5016,30006,electronics.device_6,20437
2026-01-01 11:40:48 UTC,view,5035,30005,electronics.device_5,20239
2026-01-01 11:40:53 UTC,view,5146,30006,electronics.device_6,20320
2026-01-01 11:41:00 UTC,view,5099,30009,electronics.device_9,20262
2026-01-01 11:41:06 UTC,view,5087,30007,electronics.device_7,20312
2026-01-01 11:41:11 UTC,view,1002,30002,electronics.device_2,20247
2026-01-01 11:41:13 UTC,purchase,1022,30002,electronics.device_2,20328
2026-01-01 11:41:19 UTC,view,1016,30006,electronics.device_6,20365
2026-01-01 11:41:24 UTC,view,1021,30001,electronics.device_1,20392
2026-01-01 11:41:28 UTC,view,1004,30004,electronics.device_4,20411
2026-01-01 11:41:38 UTC,view,5006,30006,electronics.device_6,20349
2026-01-01 11:41:41 UTC,view,5169,30009,electronics.device_9,20255
2026-01-01 11:41:46 UTC,cart,1007,30007,electronics.device_7,20208
2026-01-01 11:41:53 UTC,view,5177,30007,electronics.device_7,20363
2026-01-01 11:42:03 UTC,view,1022,30002,electronics.device_2,20366
2026-01-01 11:42:07 UTC,view,5151,30001,electronics.device_1,20402
2026-01-01 11:42:15 UTC,view,5143,30003,electronics.device_3,20154
2026-01-01 11:42:18 UTC,cart,5136,30006,electronics.device_6,20093
2026-01-01 11:42:23 UTC,view,1024,30004,electronics.device_4,20380
2026-01-01 11:42:28 UTC,view,5171,30001,electronics.device_1,20391
2026-01-01 11:42:31 UTC,cart,5148,30008,electronics.device_8,20336
2026-01-01 11:42:33 UTC,view,1013,30003,electronics.device_3,20382
2026-01-01 11:42:38 UTC,view,5015,30005,electronics.device_5,20170
2026-01-01 11:42:44 UTC,view,1008,30008,electronics.device_8,20238
2026-01-01 11:42:46 UTC,view,5040,30000,electronics.device_0,20325
2026-01-01 11:42:56 UTC,cart,5097,30007,electronics.device_7,20037
2026-01-01 11:43:04 UTC,view,1024,30004,electronics.device_4,20445
2026-01-01 11:43:11 UTC,view,5071,30001,electronics.device_1,20028
2026-01-01 11:43:14 UTC,purchase,1020,30000,electronics.device_0,20176
2026-01-01 11:43:21 UTC,cart,5091,30001,electronics.device_1,20235
2026-01-01 11:43:24 UTC,cart,1011,30001,electronics.device_1,20093
2026-01-01 11:43:26 UTC,view,5049,30009,electronics.device_9,20091
2026-01-01 11:43:32 UTC,view,5124,30004,electronics.device_4,20232
2026-01-01 11:43:37 UTC,view,1007,30007,electronics.device_7,20087
2026-01-01 11:43:47 UTC,view,5191,30001,electronics.device_1,20403
2026-01-01 11:43:49 UTC,view,1016,30006,electronics.device_6,20325
2026-01-01 11:43:56 UTC,view,5006,30006,electronics.device_6,20245
2026-01-01 11:44:03 UTC,view,1002,30002,electronics.device_2,20103
2026-01-01 11:44:09 UTC,cart,1007,30007,electronics.device_7,20388
2026-01-01 11:44:18 UTC,view,1022,30002,electronics.device_2,20003
2026-01-01 11:44:22 UTC,view,1015,30005,electronics.device_5,20177
2026-01-01 11:44:27 UTC,view,1016,30006,electronics.device_6,20258
2026-01-01 11:44:37 UTC,view,1006,30006,electronics.device_6,20422
2026-01-01 11:44:38 UTC,cart,1002,30002,electronics.device_2,20234
2026-01-01 11:44:47 UTC,view,5105,30005,electronics.device_5,20223
2026-01-01 11:44:50 UTC,purchase,1000,30000,electronics.device_0,20251
2026-01-01 11:44:56 UTC,view,5184,30004,electronics.device_4,20486
2026-01-01 11:45:03 UTC,view,1009,30009,electronics.device_9,20373
2026-01-01 11:45:06 UTC,view,1008,30008,electronics.device_8,20302
2026-01-01 11:45:15 UTC,view,1011,30001,electronics.device_1,20365
2026-01-01 11:45:16 UTC,cart,1017,30007,electronics.device_7,20131
2026-01-01 11:45:25 UTC,view,5119,30009,electronics.device_9,20025
2026-01-01 11:45:27 UTC,view,5134,30004,electronics.device_4,20025
2026-01-01 11:45:29 UTC,view,5013,30003,electronics.device_3,20064
2026-01-01 11:45:38 UTC,view,1004,30004,electronics.device_4,20079
2026-01-01 11:45:42 UTC,view,5155,30005,electronics.device_5,20005
2026-01-01 11:45:47 UTC,view,5015,30005,electronics.device_5,20340
2026-01-01 11:45:56 UTC,view,1013,30003,electronics.device_3,20359
2026-01-01 11:45:59 UTC,view,5014,30004,electronics.device_4,20054
2026-01-01 11:46:08 UTC,view,5168,30008,electronics.device_8,20145
2026-01-01 11:46:10 UTC,view,1004,30004,electronics.device_4,20312
2026-01-01 11:46:14 UTC,view,5198,30008,electronics.device_8,20268
2026-01-01 11:46:18 UTC,view,1008,30008,electronics.device_8,20152
2026-01-01 11:46:21 UTC,view,1020,30000,electronics.device_0,20467
2026-01-01 11:46:25 UTC,cart,5152,30002,electronics.device_2,20170
2026-01-01 11:46:29 UTC,view,1001,30001,electronics.device_1,20046
2026-01-01 11:46:31 UTC,view,5093,30003,electronics.device_3,20077
2026-01-01 11:46:33 UTC,view,5199,30009,electronics.device_9,20371
2026-01-01 11:46:35 UTC,view,1006,30006,electronics.device_6,20234
2026-01-01 11:46:40 UTC,view,1010,30000,electronics.device_0,20052
2026-01-01 11:46:43 UTC,cart,1020,30000,electronics.device_0,20185
2026-01-01 11:46:49 UTC,view,5018,30008,electronics.device_8,20049
2026-01-01 11:46:50 UTC,cart,1004,30004,electronics.device_4,20340
2026-01-01 11:46:53 UTC,view,1018,30008,electronics.device_8,20225
2026-01-01 11:47:03 UTC,cart,1012,30002,electronics.device_2,20048
2026-01-01 11:47:09 UTC,view,1000,30000,electronics.device_0,20206
2026-01-01 11:47:16 UTC,view,5033,30003,electronics.device_3,20198
2026-01-01 11:47:24 UTC,view,5015,30005,electronics.device_5,20409
2026-01-01 11:47:27 UTC,view,1007,30007,electronics.device_7,20372
2026-01-01 11:47:28 UTC,view,1006,30006,electronics.device_6,20467
2026-01-01 11:47:38 UTC,view,5047,30007,electronics.device_7,20348
2026-01-01 11:47:46 UTC,view,1017,30007,electronics.device_7,20399
2026-01-01 11:47:52 UTC,view,5113,30003,electronics.device_3,20351
2026-01-01 11:47:55 UTC,cart,5047,30007,electronics.device_7,20058
2026-01-01 11:48:02 UTC,view,5025,30005,electronics.device_5,20134
2026-01-01 11:48:08 UTC,view,1006,30006,electronics.device_6,20348
2026-01-01 11:48:17 UTC,view,5192,30002,electronics.device_2,20371
2026-01-01 11:48:27 UTC,purchase,1014,30004,electronics.device_4,20343
2026-01-01 11:48:33 UTC,view,5065,30005,electronics.device_5,20359
2026-01-01 11:48:43 UTC,view,1023,30003,electronics.device_3,20373
2026-01-01 11:48:47 UTC,view,5046,30006,electronics.device_6,20347
2026-01-01 11:48:54 UTC,view,1001,30001,electronics.device_1,20286
2026-01-01 11:49:04 UTC,view,1002,30002,electronics.device_2,20479
2026-01-01 11:49:07 UTC,view,5058,30008,electronics.device_8,20437
2026-01-01 11:49:15 UTC,view,1009,30009,electronics.device_9,20252
2026-01-01 11:49:21 UTC,view,1023,30003,electronics.device_3,20143
2026-01-01 11:49:22 UTC,view,5059,30009,electronics.device_9,20330
2026-01-01 11:49:29 UTC,view,5006,30006,electronics.device_6,20041
2026-01-01 11:49:37 UTC,view,5027,30007,electronics.device_7,20230
2026-01-01 11:49:39 UTC,view,5055,30005,electronics.device_5,20061
2026-01-01 11:49:47 UTC,view,5181,30001,electronics.device_1,20053
2026-01-01 11:49:54 UTC,view,5011,30001,electronics.device_1,20282
2026-01-01 11:49:55 UTC,view,1021,30001,electronics.device_1,20494
2026-01-01 11:50:05 UTC,view,5126,30006,electronics.device_6,20261
2026-01-01 11:50:14 UTC,view,1005,30005,electronics.device_5,20234
2026-01-01 11:50:20 UTC,view,1011,30001,electronics.device_1,20419
2026-01-01 11:50:24 UTC,view,5032,30002,electronics.device_2,20393
2026-01-01 11:50:34 UTC,view,5107,30007,electronics.device_7,20337
2026-01-01 11:50:40 UTC,view,5166,30006,electronics.device_6,20050
2026-01-01 11:50:44 UTC,view,1001,30001,electronics.device_1,20425
2026-01-01 11:50:49 UTC,view,5080,30000,electronics.device_0,20360
2026-01-01 11:50:51 UTC,cart,1023,30003,electronics.device_3,20253
2026-01-01 11:50:54 UTC,view,5167,30007,electronics.device_7,20210
2026-01-01 11:50:56 UTC,view,1005,30005,electronics.device_5,20097
2026-01-01 11:50:58 UTC,view,5001,30001,electronics.device_1,20423
2026-01-01 11:51:02 UTC,view,5166,30006,electronics.device_6,20388
2026-01-01 11:51:09 UTC,cart,1023,30003,electronics.device_3,20429
2026-01-01 11:51:19 UTC,view,1013,30003,electronics.device_3,20231
2026-01-01 11:51:27 UTC,view,5137,30007,electronics.device_7,20259
2026-01-01 11:51:30 UTC,view,5055,30005,electronics.device_5,20377
2026-01-01 11:51:31 UTC,cart,5083,30003,electronics.device_3,20430
2026-01-01 11:51:41 UTC,cart,5047,30007,electronics.device_7,20400
2026-01-01 11:51:44 UTC,view,5154,30004,electronics.device_4,20375
2026-01-01 11:51:47 UTC,view,1003,30003,electronics.device_3,20308
2026-01-01 11:51:57 UTC,view,1014,30004,electronics.device_4,20197
2026-01-01 11:52:04 UTC,cart,5111,30001,electronics.device_1,20391
2026-01-01 11:52:08 UTC,view,1015,30005,electronics.device_5,20176
2026-01-01 11:52:13 UTC,view,5031,30001,electronics.device_1,20071
2026-01-01 11:52:20 UTC,view,5108,30008,electronics.device_8,20384
2026-01-01 11:52:29 UTC,view,1003,30003,electronics.device_3,20281
2026-01-01 11:52:35 UTC,view,5164,30004,electronics.device_4,20284
2026-01-01 11:52:39 UTC,view,1002,30002,electronics.device_2,20366
2026-01-01 11:52:44 UTC,view,5151,30001,electronics.device_1,20345
2026-01-01 11:52:47 UTC,view,5163,30003,electronics.device_3,20491
2026-01-01 11:52:50 UTC,view,5057,30007,electronics.device_7,20327
2026-01-01 11:52:56 UTC,view,5163,30003,electronics.device_3,20181
2026-01-01 11:53:05 UTC,view,5045,30005,electronics.device_5,20483
2026-01-01 11:53:12 UTC,view,5145,30005,electronics.device_5,20431
2026-01-01 11:53:21 UTC,cart,1021,30001,electronics.device_1,20217
2026-01-01 11:53:22 UTC,view,5067,30007,electronics.device_7,20196
2026-01-01 11:53:25 UTC,view,1002,30002,electronics.device_2,20103
2026-01-01 11:53:30 UTC,view,5184,30004,electronics.device_4,20147
2026-01-01 11:53:35 UTC,view,1024,30004,electronics.device_4,20354
2026-01-01 11:53:40 UTC,view,1004,30004,electronics.device_4,20017
2026-01-01 11:53:46 UTC,view,5031,30001,electronics.device_1,20445
2026-01-01 11:53:55 UTC,view,1014,30004,electronics.device_4,20288
2026-01-01 11:54:02 UTC,view,1021,30001,electronics.device_1,20408
2026-01-01 11:54:07 UTC,view,5154,30004,electronics.device_4,20475
2026-01-01 11:54:14 UTC,view,1023,30003,electronics.device_3,20404
2026-01-01 11:54:20 UTC,view,5082,30002,electronics.device_2,20381
2026-01-01 11:54:25 UTC,view,1003,30003,electronics.device_3,20400
2026-01-01 11:54:33 UTC,cart,1015,30005,electronics.device_5,20361
2026-01-01 11:54:39 UTC,view,5186,30006,electronics.device_6,20379
2026-01-01 11:54:49 UTC,view,1000,30000,electronics.device_0,20494
2026-01-01 11:54:53 UTC,view,1000,30000,electronics.device_0,20350
2026-01-01 11:54:55 UTC,purchase,1020,30000,electronics.device_0,20377
2026-01-01 11:55:04 UTC,view,1011,30001,electronics.device_1,20220
2026-01-01 11:55:09 UTC,view,5084,30004,electronics.device_4,20083
2026-01-01 11:55:19 UTC,view,1005,30005,electronics.device_5,20239
2026-01-01 11:55:22 UTC,view,1020,30000,electronics.device_0,20166
2026-01-01 11:55:32 UTC,view,1001,30001,electronics.device_1,20321
2026-01-01 11:55:42 UTC,view,5138,30008,electronics.device_8,20405
2026-01-01 11:55:52 UTC,view,5081,30001,electronics.device_1,20402
2026-01-01 11:55:58 UTC,view,5069,30009,electronics.device_9,20095
2026-01-01 11:56:07 UTC,view,1009,30009,electronics.device_9,20082
2026-01-01 11:56:14 UTC,view,5078,30008,electronics.device_8,20048
2026-01-01 11:56:20 UTC,cart,1013,30003,electronics.device_3,20340
2026-01-01 11:56:26 UTC,view,1019,30009,electronics.device_9,20112
2026-01-01 11:56:36 UTC,view,5071,30001,electronics.device_1,20288
2026-01-01 11:56:37 UTC,view,1008,30008,electronics.device_8,20229
2026-01-01 11:56:41 UTC,view,5128,30008,electronics.device_8,20319
2026-01-01 11:56:45 UTC,view,1020,30000,electronics.device_0,20165
2026-01-01 11:56:52 UTC,view,1008,30008,electronics.device_8,20277
2026-01-01 11:56:57 UTC,cart,1012,30002,electronics.device_2,20421
2026-01-01 11:57:03 UTC,view,5063,30003,electronics.device_3,20229
2026-01-01 11:57:11 UTC,view,1022,30002,electronics.device_2,20334
2026-01-01 11:57:15 UTC,view,1014,30004,electronics.device_4,20486
2026-01-01 11:57:17 UTC,purchase,1010,30000,electronics.device_0,20396
2026-01-01 11:57:26 UTC,view,5073,30003,electronics.device_3,20034
2026-01-01 11:57:30 UTC,view,5143,30003,electronics.device_3,20110
2026-01-01 11:57:37 UTC,view,1003,30003,electronics.device_3,20425
2026-01-01 11:57:44 UTC,view,5131,30001,electronics.device_1,20037
2026-01-01 11:57:47 UTC,view,1012,30002,electronics.device_2,20170
2026-01-01 11:57:48 UTC,view,1019,30009,electronics.device_9,20092
2026-01-01 11:57:53 UTC,view,5085,30005,electronics.device_5,20421
2026-01-01 11:57:57 UTC,view,1007,30007,electronics.device_7,20231
2026-01-01 11:58:04 UTC,view,5021,30001,electronics.device_1,20200
2026-01-01 11:58:06 UTC,view,5073,30003,electronics.device_3,20369
2026-01-01 11:58:16 UTC,view,1007,30007,electronics.device_7,20300
2026-01-01 11:58:17 UTC,view,5158,30008,electronics.device_8,20184
2026-01-01 11:58:26 UTC,view,1004,30004,electronics.device_4,20352
2026-01-01 11:58:31 UTC,view,5110,30000,electronics.device_0,20392
2026-01-01 11:58:39 UTC,view,1020,30000,electronics.device_0,20339
2026-01-01 11:58:40 UTC,view,5042,30002,electronics.device_2,20113
2026-01-01 11:58:43 UTC,view,5182,30002,electronics.device_2,20409
2026-01-01 11:58:52 UTC,purchase,1001,30001,electronics.device_1,20074
2026-01-01 11:58:57 UTC,cart,5146,30006,electronics.device_6,20495
2026-01-01 11:59:03 UTC,view,1005,30005,electronics.device_5,20285
2026-01-01 11:59:06 UTC,view,1013,30003,electronics.device_3,20294
2026-01-01 11:59:16 UTC,view,5001,30001,electronics.device_1,20485
2026-01-01 11:59:18 UTC,view,1006,30006,electronics.device_6,20380
2026-01-01 11:59:24 UTC,view,1008,30008,electronics.device_8,20331
2026-01-01 11:59:33 UTC,view,1022,30002,electronics.device_2,20114
2026-01-01 11:59:43 UTC,view,1004,30004,electronics.device_4,20093
2026-01-01 11:59:53 UTC,cart,1002,30002,electronics.device_2,20478
2026-01-01 12:00:02 UTC,view,5036,30006,electronics.device_6,20038
2026-01-01 12:00:07 UTC,view,5143,30003,electronics.device_3,20051
2026-01-01 12:00:11 UTC,view,5171,30001,electronics.device_1,20488
2026-01-01 12:00:17 UTC,view,1007,30007,electronics.device_7,20336
2026-01-01 12:00:21 UTC,view,1001,30001,electronics.device_1,20036
2026-01-01 12:00:25 UTC,view,1012,30002,electronics.device_2,20169
2026-01-01 12:00:35 UTC,view,5137,30007,electronics.device_7,20300
2026-01-01 12:00:38 UTC,view,5089,30009,electronics.device_9,20414
2026-01-01 12:00:44 UTC,view,5019,30009,electronics.device_9,20161
2026-01-01 12:00:48 UTC,view,1013,30003,electronics.device_3,20329
2026-01-01 12:00:55 UTC,view,1016,30006,electronics.device_6,20069
2026-01-01 12:01:01 UTC,view,5045,30005,electronics.device_5,20184
2026-01-01 12:01:06 UTC,view,5049,30009,electronics.device_9,20090
2026-01-01 12:01:16 UTC,view,1016,30006,electronics.device_6,20440
2026-01-01 12:01:19 UTC,view,5075,30005,electronics.device_5,20376
2026-01-01 12:01:21 UTC,view,5172,30002,electronics.device_2,20010
2026-01-01 12:01:30 UTC,view,5123,30003,electronics.device_3,20298
2026-01-01 12:01:40 UTC,view,5007,30007,electronics.device_7,20109
2026-01-01 12:01:41 UTC,view,5082,30002,electronics.device_2,20458
2026-01-01 12:01:50 UTC,view,5041,30001,electronics.device_1,20077
2026-01-01 12:01:56 UTC,view,5000,30000,electronics.device_0,20396
2026-01-01 12:02:06 UTC,cart,5175,30005,electronics.device_5,20069
2026-01-01 12:02:14 UTC,view,5056,30006,electronics.device_6,20204
2026-01-01 12:02:20 UTC,view,5057,30007,electronics.device_7,20123
2026-01-01 12:02:30 UTC,view,5150,30000,electronics.device_0,20264
2026-01-01 12:02:33 UTC,view,5028,30008,electronics.device_8,20290
2026-01-01 12:02:43 UTC,cart,5137,30007,electronics.device_7,20075
2026-01-01 12:02:51 UTC,view,1008,30008,electronics.device_8,20390
2026-01-01 12:02:59 UTC,view,1018,30008,electronics.device_8,20190
2026-01-01 12:03:03 UTC,view,1021,30001,electronics.device_1,20266
2026-01-01 12:03:09 UTC,view,1023,30003,electronics.device_3,20233
2026-01-01 12:03:10 UTC,purchase,1020,30000,electronics.device_0,20166
2026-01-01 12:03:12 UTC,purchase,5160,30000,electronics.device_0,20325
2026-01-01 12:03:17 UTC,view,5179,30009,electronics.device_9,20279
2026-01-01 12:03:27 UTC,view,1014,30004,electronics.device_4,20194
2026-01-01 12:03:33 UTC,view,5100,30000,electronics.device_0,20428
2026-01-01 12:03:35 UTC,view,5064,30004,electronics.device_4,20499
2026-01-01 12:03:39 UTC,view,5064,30004,electronics.device_4,20419
2026-01-01 12:03:45 UTC,view,5049,30009,electronics.device_9,20455
2026-01-01 12:03:55 UTC,view,1003,30003,electronics.device_3,20072
2026-01-01 12:04:03 UTC,view,1009,30009,electronics.device_9,20264
2026-01-01 12:04:08 UTC,view,1008,30008,electronics.device_8,20081
2026-01-01 12:04:14 UTC,view,5108,30008,electronics.device_8,20061
2026-01-01 12:04:18 UTC,view,5012,30002,electronics.device_2,20369
2026-01-01 12:04:20 UTC,view,5046,30006,electronics.device_6,20246
2026-01-01 12:04:24 UTC,view,5102,30002,electronics.device_2,20427
2026-01-01 12:04:31 UTC,view,1011,30001,electronics.device_1,20066
2026-01-01 12:04:41 UTC,view,5103,30003,electronics.device_3,20323
2026-01-01 12:04:50 UTC,cart,1020,30000,electronics.device_0,20076
2026-01-01 12:04:51 UTC,view,1010,30000,electronics.device_0,20093
2026-01-01 12:05:00 UTC,view,5007,30007,electronics.device_7,20289
2026-01-01 12:05:01 UTC,view,5168,30008,electronics.device_8,20421
2026-01-01 12:05:06 UTC,view,1018,30008,electronics.device_8,20311
2026-01-01 12:05:14 UTC,view,5046,30006,electronics.device_6,20426
2026-01-01 12:05:21 UTC,view,5107,30007,electronics.device_7,20299
2026-01-01 12:05:24 UTC,view,5119,30009,electronics.device_9,20136
2026-01-01 12:05:27 UTC,view,5170,30000,electronics.device_0,20473
2026-01-01 12:05:35 UTC,view,5105,30005,electronics.device_5,20118
2026-01-01 12:05:42 UTC,view,1022,30002,electronics.device_2,20009
2026-01-01 12:05:46 UTC,cart,5067,30007,electronics.device_7,20259
2026-01-01 12:05:53 UTC,view,1001,30001,electronics.device_1,20091
2026-01-01 12:06:01 UTC,view,5114,30004,electronics.device_4,20450
2026-01-01 12:06:10 UTC,view,5057,30007,electronics.device_7,20048
2026-01-01 12:06:18 UTC,view,5137,30007,electronics.device_7,20309
2026-01-01 12:06:27 UTC,cart,1000,30000,electronics.device_0,20397
2026-01-01 12:06:34 UTC,view,5067,30007,electronics.device_7,20448
2026-01-01 12:06:35 UTC,view,5157,30007,electronics.device_7,20118
2026-01-01 12:06:43 UTC,view,5193,30003,electronics.device_3,20302
2026-01-01 12:06:53 UTC,view,1000,30000,electronics.device_0,20131
2026-01-01 12:07:01 UTC,view,5192,30002,electronics.device_2,20440
2026-01-01 12:07:03 UTC,view,1020,30000,electronics.device_0,20279
2026-01-01 12:07:10 UTC,view,1006,30006,electronics.device_6,20364
2026-01-01 12:07:11 UTC,view,5095,30005,electronics.device_5,20267
2026-01-01 12:07:12 UTC,view,1017,30007,electronics.device_7,20353
2026-01-01 12:07:18 UTC,view,5009,30009,electronics.device_9,20080
2026-01-01 12:07:25 UTC,view,5133,30003,electronics.device_3,20134
2026-01-01 12:07:34 UTC,view,5016,30006,electronics.device_6,20314
2026-01-01 12:07:39 UTC,view,5148,30008,electronics.device_8,20105
2026-01-01 12:07:46 UTC,view,5082,30002,electronics.device_2,20248
2026-01-01 12:07:49 UTC,view,1014,30004,electronics.device_4,20248
2026-01-01 12:07:54 UTC,view,1007,30007,electronics.device_7,20397
2026-01-01 12:08:01 UTC,view,5176,30006,electronics.device_6,20443
2026-01-01 12:08:03 UTC,view,5182,30002,electronics.device_2,20401
2026-01-01 12:08:06 UTC,view,1001,30001,electronics.device_1,20206
2026-01-01 12:08:12 UTC,view,5081,30001,electronics.device_1,20351
2026-01-01 12:08:13 UTC,view,1007,30007,electronics.device_7,20326
2026-01-01 12:08:14 UTC,view,1021,30001,electronics.device_1,20242
2026-01-01 12:08:24 UTC,view,5022,30002,electronics.device_2,20135
2026-01-01 12:08:28 UTC,view,1014,30004,electronics.device_4,20020
2026-01-01 12:08:35 UTC,view,5005,30005,electronics.device_5,20267
2026-01-01 12:08:40 UTC,purchase,5164,30004,electronics.device_4,20030
2026-01-01 12:08:43 UTC,view,5127,30007,electronics.device_7,20006
2026-01-01 12:08:47 UTC,cart,5136,30006,electronics.device_6,20266
2026-01-01 12:08:52 UTC,view,1024,30004,electronics.device_4,20307
2026-01-01 12:09:01 UTC,view,5064,30004,electronics.device_4,20315
2026-01-01 12:09:04 UTC,view,5145,30005,electronics.device_5,20123
2026-01-01 12:09:05 UTC,view,1005,30005,electronics.device_5,20142
2026-01-01 12:09:12 UTC,view,1005,30005,electronics.device_5,20208
2026-01-01 12:09:22 UTC,view,1002,30002,electronics.device_2,20378
2026-01-01 12:09:24 UTC,view,1021,30001,electronics.device_1,20372
2026-01-01 12:09:33 UTC,view,5098,30008,electronics.device_8,20494
2026-01-01 12:09:38 UTC,view,1015,30005,electronics.device_5,20100
2026-01-01 12:09:46 UTC,view,5006,30006,electronics.device_6,20134
2026-01-01 12:09:49 UTC,view,5008,30008,electronics.device_8,20287
2026-01-01 12:09:51 UTC,view,5057,30007,electronics.device_7,20485
2026-01-01 12:09:53 UTC,purchase,5062,30002,electronics.device_2,20449
2026-01-01 12:10:02 UTC,view,5094,30004,electronics.device_4,20227
2026-01-01 12:10:09 UTC,view,5088,30008,electronics.device_8,20125
2026-01-01 12:10:15 UTC,view,5197,30007,electronics.device_7,20236
2026-01-01 12:10:25 UTC,view,1014,30004,electronics.device_4,20133
2026-01-01 12:10:27 UTC,view,1020,30000,electronics.device_0,20113
2026-01-01 12:10:31 UTC,view,1011,30001,electronics.device_1,20181
2026-01-01 12:10:40 UTC,view,5074,30004,electronics.device_4,20427
2026-01-01 12:10:45 UTC,view,1002,30002,electronics.device_2,20205
2026-01-01 12:10:51 UTC,view,1013,30003,electronics.device_3,20092
2026-01-01 12:10:59 UTC,view,1010,30000,electronics.device_0,20458
2026-01-01 12:11:09 UTC,view,1012,30002,electronics.device_2,20383
2026-01-01 12:11:13 UTC,view,5055,30005,electronics.device_5,20121
2026-01-01 12:11:17 UTC,view,1010,30000,electronics.device_0,20104
2026-01-01 12:11:21 UTC,view,5116,30006,electronics.device_6,20399
2026-01-01 12:11:23 UTC,cart,1011,30001,electronics.device_1,20347
2026-01-01 12:11:31 UTC,view,5114,30004,electronics.device_4,20439
2026-01-01 12:11:40 UTC,view,1021,30001,electronics.device_1,20191
2026-01-01 12:11:50 UTC,view,1011,30001,electronics.device_1,20452
2026-01-01 12:12:00 UTC,view,1015,30005,electronics.device_5,20392
2026-01-01 12:12:09 UTC,view,1018,30008,electronics.device_8,20385
2026-01-01 12:12:19 UTC,view,1015,30005,electronics.device_5,20410
2026-01-01 12:12:26 UTC,cart,5044,30004,electronics.device_4,20017
2026-01-01 12:12:35 UTC,view,1002,30002,electronics.device_2,20352
2026-01-01 12:12:38 UTC,purchase,5034,30004,electronics.device_4,20358
2026-01-01 12:12:47 UTC,view,5035,30005,electronics.device_5,20005
2026-01-01 12:12:48 UTC,view,5145,30005,electronics.device_5,20298
2026-01-01 12:12:50 UTC,view,1016,30006,electronics.device_6,20442
2026-01-01 12:12:55 UTC,view,1020,30000,electronics.device_0,20122
2026-01-01 12:13:00 UTC,purchase,5041,30001,electronics.device_1,20176
2026-01-01 12:13:06 UTC,view,1019,30009,electronics.device_9,20108
2026-01-01 12:13:13 UTC,view,5158,30008,electronics.device_8,20187
2026-01-01 12:13:20 UTC,view,1018,30008,electronics.device_8,20293
2026-01-01 12:13:23 UTC,view,5094,30004,electronics.device_4,20417
2026-01-01 12:13:25 UTC,view,5169,30009,electronics.device_9,20121
2026-01-01 12:13:34 UTC,cart,5021,30001,electronics.device_1,20101
2026-01-01 12:13:37 UTC,view,5178,30008,electronics.device_8,20413
2026-01-01 12:13:38 UTC,view,1015,30005,electronics.device_5,20069
2026-01-01 12:13:47 UTC,view,5073,30003,electronics.device_3,20403
2026-01-01 12:13:55 UTC,view,1003,30003,electronics.device_3,20440
2026-01-01 12:14:05 UTC,view,1024,30004,electronics.device_4,20354
2026-01-01 12:14:08 UTC,view,1005,30005,electronics.device_5,20131
2026-01-01 12:14:16 UTC,view,5122,30002,electronics.device_2,20382
2026-01-01 12:14:22 UTC,view,1008,30008,electronics.device_8,20287
2026-01-01 12:14:31 UTC,view,1006,30006,electronics.device_6,20211
2026-01-01 12:14:33 UTC,cart,1004,30004,electronics.device_4,20494
2026-01-01 12:14:43 UTC,view,1001,30001,electronics.device_1,20333
2026-01-01 12:14:52 UTC,purchase,1014,30004,electronics.device_4,20146
2026-01-01 12:14:58 UTC,view,1016,30006,electronics.device_6,20250
2026-01-01 12:15:06 UTC,view,1015,30005,electronics.device_5,20147
2026-01-01 12:15:14 UTC,purchase,5123,30003,electronics.device_3,20445
2026-01-01 12:15:17 UTC,view,5127,30007,electronics.device_7,20173
2026-01-01 12:15:24 UTC,view,5123,30003,electronics.device_3,20208
2026-01-01 12:15:26 UTC,view,1015,30005,electronics.device_5,20117
2026-01-01 12:15:32 UTC,view,1012,30002,electronics.device_2,20364
2026-01-01 12:15:37 UTC,view,5109,30009,electronics.device_9,20139
2026-01-01 12:15:45 UTC,cart,5199,30009,electronics.device_9,20186
2026-01-01 12:15:55 UTC,purchase,5066,30006,electronics.device_6,20212
2026-01-01 12:15:58 UTC,cart,1019,30009,electronics.device_9,20065
2026-01-01 12:16:02 UTC,view,5138,30008,electronics.device_8,20381
2026-01-01 12:16:04 UTC,view,1007,30007,electronics.device_7,20053
2026-01-01 12:16:06 UTC,cart,1007,30007,electronics.device_7,20243
2026-01-01 12:16:15 UTC,view,1002,30002,electronics.device_2,20204
2026-01-01 12:16:24 UTC,purchase,5191,30001,electronics.device_1,20054
2026-01-01 12:16:29 UTC,view,5116,30006,electronics.device_6,20336
2026-01-01 12:16:36 UTC,view,1008,30008,electronics.device_8,20378
2026-01-01 12:16:41 UTC,view,5026,30006,electronics.device_6,20068
2026-01-01 12:16:50 UTC,view,1012,30002,electronics.device_2,20340
2026-01-01 12:16:56 UTC,cart,1016,30006,electronics.device_6,20240
2026-01-01 12:17:05 UTC,view,1014,30004,electronics.device_4,20070
2026-01-01 12:17:14 UTC,view,1015,30005,electronics.device_5,20234
2026-01-01 12:17:24 UTC,view,5022,30002,electronics.device_2,20328
2026-01-01 12:17:33 UTC,cart,1008,30008,electronics.device_8,20247
2026-01-01 12:17:42 UTC,view,1016,30006,electronics.device_6,20227
2026-01-01 12:17:47 UTC,view,1012,30002,electronics.device_2,20080
2026-01-01 12:17:52 UTC,view,1005,30005,electronics.device_5,20418
2026-01-01 12:17:55 UTC,view,1001,30001,electronics.device_1,20274
2026-01-01 12:17:56 UTC,cart,5152,30002,electronics.device_2,20485
2026-01-01 12:18:04 UTC,view,1003,30003,electronics.device_3,20221
2026-01-01 12:18:09 UTC,view,5105,30005,electronics.device_5,20004
2026-01-01 12:18:18 UTC,view,1016,30006,electronics.device_6,20452
2026-01-01 12:18:27 UTC,view,5023,30003,electronics.device_3,20084
2026-01-01 12:18:34 UTC,view,1018,30008,electronics.device_8,20041
2026-01-01 12:18:41 UTC,view,5120,30000,electronics.device_0,20392
2026-01-01 12:18:51 UTC,view,5155,30005,electronics.device_5,20146
2026-01-01 12:19:00 UTC,view,1012,30002,electronics.device_2,20437
2026-01-01 12:19:02 UTC,view,1018,30008,electronics.device_8,20057
2026-01-01 12:19:10 UTC,view,5116,30006,electronics.device_6,20359
2026-01-01 12:19:20 UTC,view,5051,30001,electronics.device_1,20010
2026-01-01 12:19:23 UTC,purchase,1000,30000,electronics.device_0,20012
2026-01-01 12:19:26 UTC,view,1002,30002,electronics.device_2,20065
2026-01-01 12:19:34 UTC,view,5172,30002,electronics.device_2,20047
2026-01-01 12:19:37 UTC,view,1007,30007,electronics.device_7,20176
2026-01-01 12:19:44 UTC,view,1009,30009,electronics.device_9,20256
2026-01-01 12:19:50 UTC,view,5037,30007,electronics.device_7,20017
2026-01-01 12:19:56 UTC,view,1016,30006,electronics.device_6,20488
2026-01-01 12:19:59 UTC,view,1003,30003,electronics.device_3,20201
2026-01-01 12:20:01 UTC,view,5078,30008,electronics.device_8,20099
2026-01-01 12:20:06 UTC,view,1020,30000,electronics.device_0,20063
2026-01-01 12:20:10 UTC,view,1022,30002,electronics.device_2,20227
2026-01-01 12:20:14 UTC,purchase,5177,30007,electronics.device_7,20102
2026-01-01 12:20:22 UTC,view,5176,30006,electronics.device_6,20267
2026-01-01 12:20:26 UTC,view,5042,30002,electronics.device_2,20493
2026-01-01 12:20:31 UTC,view,1015,30005,electronics.device_5,20373
2026-01-01 12:20:32 UTC,cart,5181,30001,electronics.device_1,20267
2026-01-01 12:20:34 UTC,view,1004,30004,electronics.device_4,20153
2026-01-01 12:20:38 UTC,cart,1009,30009,electronics.device_9,20443
2026-01-01 12:20:42 UTC,view,1007,30007,electronics.device_7,20223
2026-01-01 12:20:48 UTC,view,1007,30007,electronics.device_7,20142
2026-01-01 12:20:58 UTC,view,1011,30001,electronics.device_1,20125
2026-01-01 12:20:59 UTC,view,1021,30001,electronics.device_1,20354
2026-01-01 12:21:07 UTC,view,5152,30002,electronics.device_2,20191
2026-01-01 12:21:09 UTC,view,1002,30002,electronics.device_2,20047
2026-01-01 12:21:19 UTC,cart,1023,30003,electronics.device_3,20389
2026-01-01 12:21:20 UTC,view,1005,30005,electronics.device_5,20079
2026-01-01 12:21:29 UTC,view,1004,30004,electronics.device_4,20120
2026-01-01 12:21:35 UTC,view,5085,30005,electronics.device_5,20388
2026-01-01 12:21:41 UTC,view,5024,30004,electronics.device_4,20011
2026-01-01 12:21:48 UTC,view,1008,30008,electronics.device_8,20129
2026-01-01 12:21:49 UTC,view,5048,30008,electronics.device_8,20287
2026-01-01 12:21:54 UTC,view,5077,30007,electronics.device_7,20098
2026-01-01 12:22:04 UTC,view,1020,30000,electronics.device_0,20166
2026-01-01 12:22:12 UTC,cart,1015,30005,electronics.device_5,20307
2026-01-01 12:22:21 UTC,view,1007,30007,electronics.device_7,20080
2026-01-01 12:22:29 UTC,view,1001,30001,electronics.device_1,20278
2026-01-01 12:22:35 UTC,view,5032,30002,electronics.device_2,20327
2026-01-01 12:22:44 UTC,view,1019,30009,electronics.device_9,20453
2026-01-01 12:22:45 UTC,cart,5117,30007,electronics.device_7,20398
2026-01-01 12:22:55 UTC,view,1022,30002,electronics.device_2,20033
2026-01-01 12:23:04 UTC,view,1023,30003,electronics.device_3,20350
2026-01-01 12:23:12 UTC,view,5192,30002,electronics.device_2,20314
2026-01-01 12:23:17 UTC,view,1015,30005,electronics.device_5,20165
2026-01-01 12:23:19 UTC,view,1024,30004,electronics.device_4,20035
2026-01-01 12:23:20 UTC,view,1016,30006,electronics.device_6,20017
2026-01-01 12:23:24 UTC,view,1004,30004,electronics.device_4,20051
2026-01-01 12:23:25 UTC,view,5092,30002,electronics.device_2,20199
2026-01-01 12:23:33 UTC,view,5069,30009,electronics.device_9,20303
2026-01-01 12:23:38 UTC,view,1000,30000,electronics.device_0,20311
2026-01-01 12:23:40 UTC,cart,1006,30006,electronics.device_6,20107
2026-01-01 12:23:48 UTC,view,1015,30005,electronics.device_5,20328
2026-01-01 12:23:49 UTC,view,1009,30009,electronics.device_9,20481
2026-01-01 12:23:56 UTC,view,1013,30003,electronics.device_3,20030
2026-01-01 12:24:06 UTC,view,1011,30001,electronics.device_1,20376
2026-01-01 12:24:08 UTC,view,1005,30005,electronics.device_5,20111
2026-01-01 12:24:17 UTC,view,1024,30004,electronics.device_4,20119
2026-01-01 12:24:26 UTC,view,1022,30002,electronics.device_2,20270
2026-01-01 12:24:30 UTC,view,5091,30001,electronics.device_1,20092
2026-01-01 12:24:39 UTC,view,5183,30003,electronics.device_3,20383
2026-01-01 12:24:41 UTC,view,5192,30002,electronics.device_2,20184
2026-01-01 12:24:49 UTC,view,5159,30009,electronics.device_9,20453
2026-01-01 12:24:51 UTC,view,1010,30000,electronics.device_0,20282
2026-01-01 12:24:58 UTC,view,5058,30008,electronics.device_8,20081
2026-01-01 12:25:07 UTC,view,5107,30007,electronics.device_7,20181
2026-01-01 12:25:13 UTC,purchase,5081,30001,electronics.device_1,20167
2026-01-01 12:25:19 UTC,view,5011,30001,electronics.device_1,20221
2026-01-01 12:25:25 UTC,view,5111,30001,electronics.device_1,20280
2026-01-01 12:25:29 UTC,view,1017,30007,electronics.device_7,20475
2026-01-01 12:25:34 UTC,purchase,1009,30009,electronics.device_9,20230
2026-01-01 12:25:41 UTC,view,1000,30000,electronics.device_0,20146
2026-01-01 12:25:51 UTC,view,1008,30008,electronics.device_8,20456
2026-01-01 12:25:56 UTC,view,1003,30003,electronics.device_3,20114
2026-01-01 12:26:00 UTC,view,1011,30001,electronics.device_1,20421
2026-01-01 12:26:05 UTC,view,5083,30003,electronics.device_3,20293
2026-01-01 12:26:15 UTC,view,1004,30004,electronics.device_4,20236
2026-01-01 12:26:21 UTC,view,1004,30004,electronics.device_4,20188
2026-01-01 12:26:31 UTC,view,1002,30002,electronics.device_2,20416
2026-01-01 12:26:36 UTC,view,1022,30002,electronics.device_2,20292
2026-01-01 12:26:40 UTC,view,5175,30005,electronics.device_5,20167
2026-01-01 12:26:48 UTC,view,1013,30003,electronics.device_3,20461
2026-01-01 12:26:58 UTC,view,1023,30003,electronics.device_3,20154
2026-01-01 12:26:59 UTC,view,5174,30004,electronics.device_4,20196
2026-01-01 12:27:01 UTC,view,5199,30009,electronics.device_9,20395
2026-01-01 12:27:07 UTC,cart,1003,30003,electronics.device_3,20223
2026-01-01 12:27:14 UTC,cart,1011,30001,electronics.device_1,20117
2026-01-01 12:27:24 UTC,view,1005,30005,electronics.device_5,20324
2026-01-01 12:27:31 UTC,view,1002,30002,electronics.device_2,20022
2026-01-01 12:27:37 UTC,view,5076,30006,electronics.device_6,20168
2026-01-01 12:27:46 UTC,view,5157,30007,electronics.device_7,20026
2026-01-01 12:27:53 UTC,view,5028,30008,electronics.device_8,20295
2026-01-01 12:28:02 UTC,view,1021,30001,electronics.device_1,20149
2026-01-01 12:28:09 UTC,view,1000,30000,electronics.device_0,20043
2026-01-01 12:28:17 UTC,view,5092,30002,electronics.device_2,20281
2026-01-01 12:28:24 UTC,view,1009,30009,electronics.device_9,20257
2026-01-01 12:28:31 UTC,view,5196,30006,electronics.device_6,20391
2026-01-01 12:28:34 UTC,view,5046,30006,electronics.device_6,20250
2026-01-01 12:28:41 UTC,view,5133,30003,electronics.device_3,20288
2026-01-01 12:28:51 UTC,view,5176,30006,electronics.device_6,20125
2026-01-01 12:28:53 UTC,view,1011,30001,electronics.device_1,20166
2026-01-01 12:29:03 UTC,view,1020,30000,electronics.device_0,20212
2026-01-01 12:29:10 UTC,view,1012,30002,electronics.device_2,20165
2026-01-01 12:29:16 UTC,view,5104,30004,electronics.device_4,20395
2026-01-01 12:29:21 UTC,purchase,1011,30001,electronics.device_1,20316
2026-01-01 12:29:29 UTC,view,5119,30009,electronics.device_9,20023
2026-01-01 12:29:33 UTC,view,1002,30002,electronics.device_2,20080
2026-01-01 12:29:35 UTC,view,1007,30007,electronics.device_7,20125
2026-01-01 12:29:45 UTC,cart,1000,30000,electronics.device_0,20420
2026-01-01 12:29:50 UTC,view,1007,30007,electronics.device_7,20412
2026-01-01 12:29:52 UTC,view,1006,30006,electronics.device_6,20012
2026-01-01 12:29:58 UTC,view,1007,30007,electronics.device_7,20109
2026-01-01 12:30:02 UTC,view,5079,30009,electronics.device_9,20133
2026-01-01 12:30:11 UTC,view,5047,30007,electronics.device_7,20073
2026-01-01 12:30:12 UTC,view,1017,30007,electronics.device_7,20340
2026-01-01 12:30:21 UTC,view,1022,30002,electronics.device_2,20031
2026-01-01 12:30:26 UTC,view,1002,30002,electronics.device_2,20317
2026-01-01 12:30:31 UTC,view,1002,30002,electronics.device_2,20484
2026-01-01 12:30:32 UTC,view,1009,30009,electronics.device_9,20139
2026-01-01 12:30:38 UTC,view,1005,30005,electronics.device_5,20445
2026-01-01 12:30:45 UTC,purchase,1018,30008,electronics.device_8,20261
2026-01-01 12:30:47 UTC,view,1011,30001,electronics.device_1,20306
2026-01-01 12:30:56 UTC,view,1020,30000,electronics.device_0,20257
2026-01-01 12:31:04 UTC,cart,5087,30007,electronics.device_7,20012
2026-01-01 12:31:05 UTC,cart,1001,30001,electronics.device_1,20157
2026-01-01 12:31:11 UTC,view,5050,30000,electronics.device_0,20081
2026-01-01 12:31:12 UTC,view,1002,30002,electronics.device_2,20182
2026-01-01 12:31:17 UTC,purchase,1020,30000,electronics.device_0,20257
2026-01-01 12:31:22 UTC,view,1006,30006,electronics.device_6,20450
2026-01-01 12:31:29 UTC,cart,1015,30005,electronics.device_5,20486
2026-01-01 12:31:34 UTC,view,1015,30005,electronics.device_5,20460
2026-01-01 12:31:41 UTC,view,5136,30006,electronics.device_6,20374
2026-01-01 12:31:48 UTC,purchase,5066,30006,electronics.device_6,20314
2026-01-01 12:31:52 UTC,view,5013,30003,electronics.device_3,20079
2026-01-01 12:31:59 UTC,cart,1009,30009,electronics.device_9,20169
2026-01-01 12:32:07 UTC,view,5077,30007,electronics.device_7,20335
2026-01-01 12:32:10 UTC,view,5097,30007,electronics.device_7,20410
2026-01-01 12:32:14 UTC,view,1020,30000,electronics.device_0,20362
2026-01-01 12:32:23 UTC,view,1019,30009,electronics.device_9,20466
2026-01-01 12:32:26 UTC,cart,5135,30005,electronics.device_5,20470
2026-01-01 12:32:29 UTC,view,1012,30002,electronics.device_2,20273
2026-01-01 12:32:31 UTC,view,1019,30009,electronics.device_9,20451
2026-01-01 12:32:34 UTC,view,5172,30002,electronics.device_2,20164
2026-01-01 12:32:41 UTC,view,5010,30000,electronics.device_0,20382
2026-01-01 12:32:46 UTC,view,1002,30002,electronics.device_2,20055
2026-01-01 12:32:49 UTC,view,1019,30009,electronics.device_9,20314
2026-01-01 12:32:59 UTC,view,1011,30001,electronics.device_1,20314
2026-01-01 12:33:03 UTC,view,5105,30005,electronics.device_5,20352
2026-01-01 12:33:04 UTC,view,1008,30008,electronics.device_8,20400
2026-01-01 12:33:12 UTC,view,1018,30008,electronics.device_8,20310
2026-01-01 12:33:20 UTC,view,5164,30004,electronics.device_4,20095
2026-01-01 12:33:27 UTC,view,5051,30001,electronics.device_1,20084
2026-01-01 12:33:31 UTC,view,1015,30005,electronics.device_5,20392
2026-01-01 12:33:32 UTC,purchase,1013,30003,electronics.device_3,20114
2026-01-01 12:33:36 UTC,view,5187,30007,electronics.device_7,20091
2026-01-01 12:33:44 UTC,view,5115,30005,electronics.device_5,20167
2026-01-01 12:33:52 UTC,view,1001,30001,electronics.device_1,20398
2026-01-01 12:33:53 UTC,view,5111,30001,electronics.device_1,20195
2026-01-01 12:33:59 UTC,view,5001,30001,electronics.device_1,20381
2026-01-01 12:34:09 UTC,view,5104,30004,electronics.device_4,20329
2026-01-01 12:34:10 UTC,view,5066,30006,electronics.device_6,20234
2026-01-01 12:34:11 UTC,view,1000,30000,electronics.device_0,20203
2026-01-01 12:34:12 UTC,view,5085,30005,electronics.device_5,20392
2026-01-01 12:34:13 UTC,view,1022,30002,electronics.device_2,20204
2026-01-01 12:34:18 UTC,view,5196,30006,electronics.device_6,20237
2026-01-01 12:34:21 UTC,view,5016,30006,electronics.device_6,20471
2026-01-01 12:34:22 UTC,view,5153,30003,electronics.device_3,20073
2026-01-01 12:34:30 UTC,view,5130,30000,electronics.device_0,20370
2026-01-01 12:34:39 UTC,view,1007,30007,electronics.device_7,20300
2026-01-01 12:34:48 UTC,view,1019,30009,electronics.device_9,20166
2026-01-01 12:34:56 UTC,view,1012,30002,electronics.device_2,20303
2026-01-01 12:35:00 UTC,view,5032,30002,electronics.device_2,20166
2026-01-01 12:35:03 UTC,view,5167,30007,electronics.device_7,20047
2026-01-01 12:35:05 UTC,view,5161,30001,electronics.device_1,20186
2026-01-01 12:35:07 UTC,view,5068,30008,electronics.device_8,20373
2026-01-01 12:35:16 UTC,cart,5113,30003,electronics.device_3,20194
2026-01-01 12:35:25 UTC,view,1019,30009,electronics.device_9,20088
2026-01-01 12:35:31 UTC,cart,5089,30009,electronics.device_9,20442
2026-01-01 12:35:34 UTC,cart,1008,30008,electronics.device_8,20092
2026-01-01 12:35:35 UTC,view,5014,30004,electronics.device_4,20374
2026-01-01 12:35:43 UTC,view,1022,30002,electronics.device_2,20061
2026-01-01 12:35:46 UTC,view,1003,30003,electronics.device_3,20392
2026-01-01 12:35:51 UTC,view,1006,30006,electronics.device_6,20438
2026-01-01 12:35:59 UTC,view,5078,30008,electronics.device_8,20312
2026-01-01 12:36:07 UTC,view,1021,30001,electronics.device_1,20338
2026-01-01 12:36:15 UTC,view,5032,30002,electronics.device_2,20041
2026-01-01 12:36:25 UTC,view,5107,30007,electronics.device_7,20452
2026-01-01 12:36:34 UTC,view,1017,30007,electronics.device_7,20286
2026-01-01 12:36:38 UTC,view,1000,30000,electronics.device_0,20029
2026-01-01 12:36:44 UTC,view,1018,30008,electronics.device_8,20017
2026-01-01 12:36:54 UTC,view,5108,30008,electronics.device_8,20472
2026-01-01 12:36:56 UTC,view,1000,30000,electronics.device_0,20092
2026-01-01 12:36:59 UTC,view,5144,30004,electronics.device_4,20339
2026-01-01 12:37:09 UTC,view,5093,30003,electronics.device_3,20091
2026-01-01 12:37:17 UTC,view,5183,30003,electronics.device_3,20477
2026-01-01 12:37:18 UTC,view,1022,30002,electronics.device_2,20166
2026-01-01 12:37:24 UTC,view,1019,30009,electronics.device_9,20389
2026-01-01 12:37:31 UTC,view,5081,30001,electronics.device_1,20242
2026-01-01 12:37:34 UTC,view,1012,30002,electronics.device_2,20141
2026-01-01 12:37:40 UTC,view,5069,30009,electronics.device_9,20108
2026-01-01 12:37:44 UTC,view,5113,30003,electronics.device_3,20293
2026-01-01 12:37:53 UTC,view,1019,30009,electronics.device_9,20353
2026-01-01 12:38:03 UTC,view,5161,30001,electronics.device_1,20312
2026-01-01 12:38:09 UTC,view,1007,30007,electronics.device_7,20320
2026-01-01 12:38:15 UTC,view,1016,30006,electronics.device_6,20255
2026-01-01 12:38:24 UTC,view,5173,30003,electronics.device_3,20253
2026-01-01 12:38:27 UTC,view,5112,30002,electronics.device_2,20149
2026-01-01 12:38:31 UTC,view,1000,30000,electronics.device_0,20239
2026-01-01 12:38:33 UTC,view,5177,30007,electronics.device_7,20410
2026-01-01 12:38:43 UTC,view,5012,30002,electronics.device_2,20171
2026-01-01 12:38:49 UTC,view,5086,30006,electronics.device_6,20109
2026-01-01 12:38:50 UTC,view,5127,30007,electronics.device_7,20145
2026-01-01 12:38:55 UTC,view,1009,30009,electronics.device_9,20260
2026-01-01 12:39:04 UTC,view,1015,30005,electronics.device_5,20059
2026-01-01 12:39:10 UTC,view,1024,30004,electronics.device_4,20292
2026-01-01 12:39:20 UTC,view,1014,30004,electronics.device_4,20100
2026-01-01 12:39:26 UTC,cart,1023,30003,electronics.device_3,20246
2026-01-01 12:39:34 UTC,view,1018,30008,electronics.device_8,20247
2026-01-01 12:39:37 UTC,view,5121,30001,electronics.device_1,20443
2026-01-01 12:39:46 UTC,view,1021,30001,electronics.device_1,20417
2026-01-01 12:39:53 UTC,view,5180,30000,electronics.device_0,20267
2026-01-01 12:39:58 UTC,view,5089,30009,electronics.device_9,20162
2026-01-01 12:40:07 UTC,view,5074,30004,electronics.device_4,20296
2026-01-01 12:40:13 UTC,view,1006,30006,electronics.device_6,20077
2026-01-01 12:40:18 UTC,view,1015,30005,electronics.device_5,20193
2026-01-01 12:40:27 UTC,view,1009,30009,electronics.device_9,20200
2026-01-01 12:40:30 UTC,view,5104,30004,electronics.device_4,20401
2026-01-01 12:40:35 UTC,cart,5161,30001,electronics.device_1,20364
2026-01-01 12:40:36 UTC,view,1014,30004,electronics.device_4,20255
2026-01-01 12:40:40 UTC,view,1015,30005,electronics.device_5,20487
2026-01-01 12:40:45 UTC,view,1010,30000,electronics.device_0,20090
2026-01-01 12:40:47 UTC,view,1016,30006,electronics.device_6,20399
2026-01-01 12:40:51 UTC,view,1022,30002,electronics.device_2,20013
2026-01-01 12:40:59 UTC,view,5056,30006,electronics.device_6,20175
2026-01-01 12:41:07 UTC,cart,5175,30005,electronics.device_5,20159
2026-01-01 12:41:13 UTC,view,1023,30003,electronics.device_3,20051
2026-01-01 12:41:22 UTC,purchase,5146,30006,electronics.device_6,20106
2026-01-01 12:41:23 UTC,view,5035,30005,electronics.device_5,20443
2026-01-01 12:41:32 UTC,view,1009,30009,electronics.device_9,20478
2026-01-01 12:41:33 UTC,view,5151,30001,electronics.device_1,20447
2026-01-01 12:41:35 UTC,view,1020,30000,electronics.device_0,20024
2026-01-01 12:41:37 UTC,view,5066,30006,electronics.device_6,20382
2026-01-01 12:41:42 UTC,view,1011,30001,electronics.device_1,20160
2026-01-01 12:41:46 UTC,view,1014,30004,electronics.device_4,20147
2026-01-01 12:41:51 UTC,view,5072,30002,electronics.device_2,20226
2026-01-01 12:41:53 UTC,view,1014,30004,electronics.device_4,20141
2026-01-01 12:41:55 UTC,purchase,1007,30007,electronics.device_7,20287
2026-01-01 12:42:04 UTC,view,1002,30002,electronics.device_2,20180
2026-01-01 12:42:13 UTC,view,1013,30003,electronics.device_3,20483
2026-01-01 12:42:18 UTC,view,5093,30003,electronics.device_3,20037
2026-01-01 12:42:23 UTC,cart,5113,30003,electronics.device_3,20277
2026-01-01 12:42:31 UTC,view,1000,30000,electronics.device_0,20242
2026-01-01 12:42:32 UTC,view,1004,30004,electronics.device_4,20045
2026-01-01 12:42:39 UTC,view,5000,30000,electronics.device_0,20306
2026-01-01 12:42:49 UTC,view,5122,30002,electronics.device_2,20359
2026-01-01 12:42:57 UTC,view,5115,30005,electronics.device_5,20171
2026-01-01 12:43:01 UTC,view,5165,30005,electronics.device_5,20415
2026-01-01 12:43:10 UTC,purchase,1015,30005,electronics.device_5,20387
2026-01-01 12:43:18 UTC,view,5090,30000,electronics.device_0,20417
2026-01-01 12:43:26 UTC,view,1024,30004,electronics.device_4,20351
2026-01-01 12:43:34 UTC,view,5040,30000,electronics.device_0,20115
2026-01-01 12:43:37 UTC,view,5115,30005,electronics.device_5,20187
2026-01-01 12:43:44 UTC,view,1018,30008,electronics.device_8,20341
2026-01-01 12:43:50 UTC,view,1016,30006,electronics.device_6,20016
2026-01-01 12:43:52 UTC,view,5043,30003,electronics.device_3,20246
2026-01-01 12:44:00 UTC,view,1012,30002,electronics.device_2,20179
2026-01-01 12:44:10 UTC,view,5094,30004,electronics.device_4,20053
2026-01-01 12:44:17 UTC,view,5165,30005,electronics.device_5,20167
2026-01-01 12:44:26 UTC,view,5132,30002,electronics.device_2,20155
2026-01-01 12:44:35 UTC,view,5036,30006,electronics.device_6,20212
2026-01-01 12:44:39 UTC,view,5117,30007,electronics.device_7,20082
2026-01-01 12:44:47 UTC,view,1021,30001,electronics.device_1,20107
2026-01-01 12:44:57 UTC,view,5020,30000,electronics.device_0,20223
2026-01-01 12:45:07 UTC,view,1000,30000,electronics.device_0,20121
2026-01-01 12:45:10 UTC,view,5139,30009,electronics.device_9,20379
2026-01-01 12:45:20 UTC,view,5049,30009,electronics.device_9,20306
2026-01-01 12:45:28 UTC,view,1016,30006,electronics.device_6,20421
2026-01-01 12:45:36 UTC,view,1015,30005,electronics.device_5,20208
2026-01-01 12:45:38 UTC,view,5106,30006,electronics.device_6,20417
2026-01-01 12:45:48 UTC,view,5194,30004,electronics.device_4,20168
2026-01-01 12:45:56 UTC,view,5130,30000,electronics.device_0,20047
2026-01-01 12:46:00 UTC,cart,1021,30001,electronics.device_1,20463
2026-01-01 12:46:01 UTC,view,5187,30007,electronics.device_7,20077
2026-01-01 12:46:09 UTC,view,5072,30002,electronics.device_2,20316
2026-01-01 12:46:19 UTC,view,5028,30008,electronics.device_8,20349
2026-01-01 12:46:25 UTC,view,1003,30003,electronics.device_3,20468
2026-01-01 12:46:30 UTC,view,5022,30002,electronics.device_2,20469
2026-01-01 12:46:36 UTC,view,1020,30000,electronics.device_0,20314
2026-01-01 12:46:45 UTC,view,5006,30006,electronics.device_6,20437
2026-01-01 12:46:50 UTC,view,1006,30006,electronics.device_6,20282
2026-01-01 12:46:51 UTC,view,1000,30000,electronics.device_0,20421
2026-01-01 12:46:57 UTC,cart,1006,30006,electronics.device_6,20444
2026-01-01 12:46:58 UTC,view,1020,30000,electronics.device_0,20303
2026-01-01 12:47:05 UTC,view,5120,30000,electronics.device_0,20196
2026-01-01 12:47:12 UTC,view,1020,30000,electronics.device_0,20109
2026-01-01 12:47:15 UTC,view,5043,30003,electronics.device_3,20285
2026-01-01 12:47:22 UTC,view,1009,30009,electronics.device_9,20079
2026-01-01 12:47:27 UTC,view,5143,30003,electronics.device_3,20006
2026-01-01 12:47:29 UTC,view,5131,30001,electronics.device_1,20370
2026-01-01 12:47:37 UTC,view,5136,30006,electronics.device_6,20070
2026-01-01 12:47:39 UTC,view,1020,30000,electronics.device_0,20213
2026-01-01 12:47:47 UTC,view,5156,30006,electronics.device_6,20218
2026-01-01 12:47:57 UTC,view,1017,30007,electronics.device_7,20218
2026-01-01 12:48:06 UTC,view,5030,30000,electronics.device_0,20116
2026-01-01 12:48:09 UTC,view,5017,30007,electronics.device_7,20296
2026-01-01 12:48:17 UTC,view,5174,30004,electronics.device_4,20257
2026-01-01 12:48:22 UTC,cart,5010,30000,electronics.device_0,20296
2026-01-01 12:48:28 UTC,purchase,1017,30007,electronics.device_7,20291
2026-01-01 12:48:36 UTC,view,5160,30000,electronics.device_0,20298
2026-01-01 12:48:44 UTC,view,5153,30003,electronics.device_3,20374
2026-01-01 12:48:53 UTC,view,5184,30004,electronics.device_4,20239
2026-01-01 12:49:02 UTC,view,1015,30005,electronics.device_5,20313
2026-01-01 12:49:04 UTC,view,1000,30000,electronics.device_0,20380
2026-01-01 12:49:06 UTC,view,5150,30000,electronics.device_0,20409
2026-01-01 12:49:16 UTC,view,1009,30009,electronics.device_9,20463
2026-01-01 12:49:22 UTC,view,5073,30003,electronics.device_3,20241
2026-01-01 12:49:30 UTC,cart,5062,30002,electronics.device_2,20294
2026-01-01 12:49:36 UTC,view,5015,30005,electronics.device_5,20409
2026-01-01 12:49:41 UTC,view,1023,30003,electronics.device_3,20356
2026-01-01 12:49:51 UTC,view,5183,30003,electronics.device_3,20402
2026-01-01 12:50:01 UTC,view,1008,30008,electronics.device_8,20243
2026-01-01 12:50:11 UTC,view,1011,30001,electronics.device_1,20337
2026-01-01 12:50:16 UTC,view,5177,30007,electronics.device_7,20147
2026-01-01 12:50:24 UTC,view,1017,30007,electronics.device_7,20040
2026-01-01 12:50:29 UTC,view,1004,30004,electronics.device_4,20144
2026-01-01 12:50:34 UTC,view,1006,30006,electronics.device_6,20058
2026-01-01 12:50:44 UTC,cart,1014,30004,electronics.device_4,20379
2026-01-01 12:50:47 UTC,view,5137,30007,electronics.device_7,20414
2026-01-01 12:50:50 UTC,view,1008,30008,electronics.device_8,20121
2026-01-01 12:50:58 UTC,view,1017,30007,electronics.device_7,20442
2026-01-01 12:50:59 UTC,purchase,1000,30000,electronics.device_0,20496
2026-01-01 12:51:02 UTC,cart,5104,30004,electronics.device_4,20079
2026-01-01 12:51:10 UTC,purchase,5185,30005,electronics.device_5,20395
2026-01-01 12:51:17 UTC,view,1021,30001,electronics.device_1,20372
2026-01-01 12:51:20 UTC,view,1007,30007,electronics.device_7,20432
2026-01-01 12:51:26 UTC,view,1002,30002,electronics.device_2,20387
2026-01-01 12:51:28 UTC,view,1001,30001,electronics.device_1,20205
2026-01-01 12:51:36 UTC,view,1004,30004,electronics.device_4,20486
2026-01-01 12:51:45 UTC,view,1019,30009,electronics.device_9,20362
2026-01-01 12:51:52 UTC,view,5042,30002,electronics.device_2,20272
2026-01-01 12:51:59 UTC,view,1006,30006,electronics.device_6,20409
2026-01-01 12:52:07 UTC,view,1020,30000,electronics.device_0,20493
2026-01-01 12:52:16 UTC,purchase,5149,30009,electronics.device_9,20050
2026-01-01 12:52:25 UTC,view,5126,30006,electronics.device_6,20433
2026-01-01 12:52:32 UTC,cart,5112,30002,electronics.device_2,20440
2026-01-01 12:52:37 UTC,view,1021,30001,electronics.device_1,20411
2026-01-01 12:52:39 UTC,view,1005,30005,electronics.device_5,20201
2026-01-01 12:52:47 UTC,view,5195,30005,electronics.device_5,20124
2026-01-01 12:52:57 UTC,view,5194,30004,electronics.device_4,20173
2026-01-01 12:53:00 UTC,view,1010,30000,electronics.device_0,20345
2026-01-01 12:53:01 UTC,view,1009,30009,electronics.device_9,20051
2026-01-01 12:53:10 UTC,view,1003,30003,electronics.device_3,20180
2026-01-01 12:53:14 UTC,view,5171,30001,electronics.device_1,20099
2026-01-01 12:53:15 UTC,view,1012,30002,electronics.device_2,20030
2026-01-01 12:53:25 UTC,cart,5136,30006,electronics.device_6,20112
2026-01-01 12:53:35 UTC,view,5126,30006,electronics.device_6,20491
2026-01-01 12:53:37 UTC,cart,1019,30009,electronics.device_9,20067
2026-01-01 12:53:44 UTC,view,5136,30006,electronics.device_6,20332
2026-01-01 12:53:54 UTC,cart,1019,30009,electronics.device_9,20357
2026-01-01 12:53:57 UTC,view,1004,30004,electronics.device_4,20339
2026-01-01 12:53:59 UTC,view,5127,30007,electronics.device_7,20142
2026-01-01 12:54:06 UTC,cart,5154,30004,electronics.device_4,20395
2026-01-01 12:54:12 UTC,view,1006,30006,electronics.device_6,20038
2026-01-01 12:54:17 UTC,view,5197,30007,electronics.device_7,20199
2026-01-01 12:54:23 UTC,view,1005,30005,electronics.device_5,20417
2026-01-01 12:54:28 UTC,view,1016,30006,electronics.device_6,20252
2026-01-01 12:54:32 UTC,view,5112,30002,electronics.device_2,20331
2026-01-01 12:54:40 UTC,view,1005,30005,electronics.device_5,20394
2026-01-01 12:54:47 UTC,view,1011,30001,electronics.device_1,20055
2026-01-01 12:54:55 UTC,view,5166,30006,electronics.device_6,20018
2026-01-01 12:54:57 UTC,view,1011,30001,electronics.device_1,20129
2026-01-01 12:55:05 UTC,cart,1009,30009,electronics.device_9,20077
2026-01-01 12:55:06 UTC,view,1019,30009,electronics.device_9,20137
2026-01-01 12:55:09 UTC,view,5158,30008,electronics.device_8,20201
2026-01-01 12:55:19 UTC,view,1001,30001,electronics.device_1,20482
2026-01-01 12:55:27 UTC,view,5044,30004,electronics.device_4,20433
2026-01-01 12:55:29 UTC,view,5076,30006,electronics.device_6,20197
2026-01-01 12:55:37 UTC,view,1012,30002,electronics.device_2,20479
2026-01-01 12:55:43 UTC,view,1020,30000,electronics.device_0,20206
2026-01-01 12:55:44 UTC,purchase,5123,30003,electronics.device_3,20332
2026-01-01 12:55:46 UTC,view,1012,30002,electronics.device_2,20492
2026-01-01 12:55:52 UTC,view,1016,30006,electronics.device_6,20390
2026-01-01 12:55:57 UTC,view,5131,30001,electronics.device_1,20284
2026-01-01 12:55:58 UTC,view,1021,30001,electronics.device_1,20154
2026-01-01 12:56:05 UTC,view,1004,30004,electronics.device_4,20184
2026-01-01 12:56:13 UTC,cart,1018,30008,electronics.device_8,20225
2026-01-01 12:56:17 UTC,view,1021,30001,electronics.device_1,20013
2026-01-01 12:56:27 UTC,view,1022,30002,electronics.device_2,20033
2026-01-01 12:56:36 UTC,view,5129,30009,electronics.device_9,20274
2026-01-01 12:56:44 UTC,view,1008,30008,electronics.device_8,20029
2026-01-01 12:56:50 UTC,view,5169,30009,electronics.device_9,20061
2026-01-01 12:56:54 UTC,view,5134,30004,electronics.device_4,20235
2026-01-01 12:57:03 UTC,view,1001,30001,electronics.device_1,20120
2026-01-01 12:57:05 UTC,view,1018,30008,electronics.device_8,20251
2026-01-01 12:57:06 UTC,cart,5041,30001,electronics.device_1,20317
2026-01-01 12:57:07 UTC,view,1024,30004,electronics.device_4,20067
2026-01-01 12:57:08 UTC,view,1013,30003,electronics.device_3,20464
2026-01-01 12:57:13 UTC,view,1024,30004,electronics.device_4,20088
2026-01-01 12:57:23 UTC,view,1007,30007,electronics.device_7,20055
2026-01-01 12:57:25 UTC,view,5054,30004,electronics.device_4,20316
2026-01-01 12:57:29 UTC,view,1007,30007,electronics.device_7,20219
2026-01-01 12:57:35 UTC,view,5177,30007,electronics.device_7,20167
2026-01-01 12:57:37 UTC,view,5150,30000,electronics.device_0,20071
2026-01-01 12:57:43 UTC,view,1009,30009,electronics.device_9,20304
2026-01-01 12:57:46 UTC,view,1021,30001,electronics.device_1,20141
2026-01-01 12:57:49 UTC,view,5187,30007,electronics.device_7,20357
2026-01-01 12:57:55 UTC,view,5083,30003,electronics.device_3,20125
2026-01-01 12:58:05 UTC,view,1020,30000,electronics.device_0,20406
2026-01-01 12:58:15 UTC,view,1017,30007,electronics.device_7,20009
2026-01-01 12:58:23 UTC,view,1016,30006,electronics.device_6,20092
2026-01-01 12:58:25 UTC,view,5161,30001,electronics.device_1,20455
2026-01-01 12:58:30 UTC,view,5013,30003,electronics.device_3,20406
2026-01-01 12:58:38 UTC,view,5154,30004,electronics.device_4,20074
2026-01-01 12:58:43 UTC,view,5067,30007,electronics.device_7,20123
2026-01-01 12:58:46 UTC,view,5112,30002,electronics.device_2,20306
2026-01-01 12:58:49 UTC,view,5167,30007,electronics.device_7,20487
2026-01-01 12:58:51 UTC,view,5121,30001,electronics.device_1,20155
2026-01-01 12:58:57 UTC,view,5014,30004,electronics.device_4,20121
2026-01-01 12:59:01 UTC,purchase,1010,30000,electronics.device_0,20049
2026-01-01 12:59:11 UTC,cart,1010,30000,electronics.device_0,20277
2026-01-01 12:59:20 UTC,view,1012,30002,electronics.device_2,20321
2026-01-01 12:59:24 UTC,view,1016,30006,electronics.device_6,20058
2026-01-01 12:59:27 UTC,view,5150,30000,electronics.device_0,20467
2026-01-01 12:59:35 UTC,view,5054,30004,electronics.device_4,20344
2026-01-01 12:59:36 UTC,view,1002,30002,electronics.device_2,20146
2026-01-01 12:59:40 UTC,view,5022,30002,electronics.device_2,20316
2026-01-01 12:59:48 UTC,view,1022,30002,electronics.device_2,20027
2026-01-01 12:59:57 UTC,view,1015,30005,electronics.device_5,20015
2026-01-01 13:00:05 UTC,view,5063,30003,electronics.device_3,20459
2026-01-01 13:00:09 UTC,view,5169,30009,electronics.device_9,20297
2026-01-01 13:00:15 UTC,view,5014,30004,electronics.device_4,20347
2026-01-01 13:00:21 UTC,view,1017,30007,electronics.device_7,20167
2026-01-01 13:00:25 UTC,view,1000,30000,electronics.device_0,20212
2026-01-01 13:00:29 UTC,cart,1017,30007,electronics.device_7,20038
2026-01-01 13:00:37 UTC,view,5099,30009,electronics.device_9,20456
2026-01-01 13:00:44 UTC,view,1024,30004,electronics.device_4,20313
2026-01-01 13:00:52 UTC,view,1016,30006,electronics.device_6,20070
2026-01-01 13:01:00 UTC,view,5168,30008,electronics.device_8,20184
2026-01-01 13:01:05 UTC,view,1003,30003,electronics.device_3,20017
2026-01-01 13:01:15 UTC,view,1005,30005,electronics.device_5,20057
2026-01-01 13:01:23 UTC,view,5034,30004,electronics.device_4,20390
2026-01-01 13:01:29 UTC,cart,1012,30002,electronics.device_2,20310
2026-01-01 13:01:32 UTC,purchase,5126,30006,electronics.device_6,20464
2026-01-01 13:01:35 UTC,purchase,5095,30005,electronics.device_5,20438
2026-01-01 13:01:39 UTC,view,1019,30009,electronics.device_9,20268
2026-01-01 13:01:47 UTC,view,1010,30000,electronics.device_0,20429
2026-01-01 13:01:55 UTC,view,1017,30007,electronics.device_7,20220
2026-01-01 13:01:59 UTC,view,1001,30001,electronics.device_1,20297
2026-01-01 13:02:03 UTC,cart,5102,30002,electronics.device_2,20468
2026-01-01 13:02:13 UTC,view,1002,30002,electronics.device_2,20023
2026-01-01 13:02:14 UTC,view,5040,30000,electronics.device_0,20259
2026-01-01 13:02:15 UTC,view,5017,30007,electronics.device_7,20246
2026-01-01 13:02:17 UTC,view,5031,30001,electronics.device_1,20043
2026-01-01 13:02:26 UTC,view,5185,30005,electronics.device_5,20375
2026-01-01 13:02:33 UTC,view,1011,30001,electronics.device_1,20152
2026-01-01 13:02:37 UTC,purchase,5131,30001,electronics.device_1,20009
2026-01-01 13:02:45 UTC,view,5142,30002,electronics.device_2,20361
2026-01-01 13:02:53 UTC,view,5092,30002,electronics.device_2,20013
2026-01-01 13:03:01 UTC,view,5037,30007,electronics.device_7,20448
2026-01-01 13:03:08 UTC,view,1019,30009,electronics.device_9,20190
2026-01-01 13:03:16 UTC,view,5160,30000,electronics.device_0,20441
2026-01-01 13:03:18 UTC,cart,1022,30002,electronics.device_2,20171
2026-01-01 13:03:27 UTC,view,1016,30006,electronics.device_6,20386
2026-01-01 13:03:32 UTC,cart,5157,30007,electronics.device_7,20278
2026-01-01 13:03:42 UTC,view,1006,30006,electronics.device_6,20042
2026-01-01 13:03:52 UTC,view,1021,30001,electronics.device_1,20029
2026-01-01 13:04:01 UTC,view,5145,30005,electronics.device_5,20027
2026-01-01 13:04:03 UTC,view,1021,30001,electronics.device_1,20317
2026-01-01 13:04:04 UTC,view,1012,30002,electronics.device_2,20332
2026-01-01 13:04:13 UTC,view,5160,30000,electronics.device_0,20364
2026-01-01 13:04:17 UTC,purchase,1020,30000,electronics.device_0,20123
2026-01-01 13:04:26 UTC,view,1008,30008,electronics.device_8,20378
2026-01-01 13:04:36 UTC,view,5159,30009,electronics.device_9,20382
2026-01-01 13:04:40 UTC,view,1014,30004,electronics.device_4,20137
2026-01-01 13:04:49 UTC,view,5148,30008,electronics.device_8,20028
2026-01-01 13:04:51 UTC,view,1015,30005,electronics.device_5,20249
2026-01-01 13:05:00 UTC,view,5069,30009,electronics.device_9,20241
2026-01-01 13:05:09 UTC,view,5147,30007,electronics.device_7,20461
2026-01-01 13:05:14 UTC,view,5031,30001,electronics.device_1,20410
2026-01-01 13:05:16 UTC,cart,1021,30001,electronics.device_1,20235
2026-01-01 13:05:18 UTC,view,1016,30006,electronics.device_6,20092
2026-01-01 13:05:23 UTC,view,1014,30004,electronics.device_4,20142
2026-01-01 13:05:25 UTC,view,5156,30006,electronics.device_6,20078
2026-01-01 13:05:29 UTC,purchase,5066,30006,electronics.device_6,20012
2026-01-01 13:05:34 UTC,purchase,5013,30003,electronics.device_3,20278
2026-01-01 13:05:37 UTC,view,5042,30002,electronics.device_2,20228
2026-01-01 13:05:38 UTC,view,1024,30004,electronics.device_4,20012
2026-01-01 13:05:42 UTC,view,5066,30006,electronics.device_6,20211
2026-01-01 13:05:52 UTC,view,1000,30000,electronics.device_0,20403
2026-01-01 13:05:58 UTC,view,5048,30008,electronics.device_8,20357
2026-01-01 13:06:07 UTC,view,5080,30000,electronics.device_0,20156
2026-01-01 13:06:17 UTC,cart,1017,30007,electronics.device_7,20157
2026-01-01 13:06:20 UTC,view,1008,30008,electronics.device_8,20191
2026-01-01 13:06:25 UTC,view,5194,30004,electronics.device_4,20076
2026-01-01 13:06:31 UTC,view,1020,30000,electronics.device_0,20086
2026-01-01 13:06:41 UTC,view,1007,30007,electronics.device_7,20147
2026-01-01 13:06:44 UTC,view,1014,30004,electronics.device_4,20355
2026-01-01 13:06:47 UTC,view,1007,30007,electronics.device_7,20022
2026-01-01 13:06:53 UTC,view,5094,30004,electronics.device_4,20134
2026-01-01 13:06:59 UTC,view,1019,30009,electronics.device_9,20363
2026-01-01 13:07:00 UTC,view,5140,30000,electronics.device_0,20177
2026-01-01 13:07:03 UTC,view,1015,30005,electronics.device_5,20500
2026-01-01 13:07:06 UTC,view,5073,30003,electronics.device_3,20472
2026-01-01 13:07:07 UTC,cart,5007,30007,electronics.device_7,20394
2026-01-01 13:07:10 UTC,cart,5034,30004,electronics.device_4,20080
2026-01-01 13:07:11 UTC,view,5178,30008,electronics.device_8,20260
2026-01-01 13:07:17 UTC,view,5131,30001,electronics.device_1,20243
2026-01-01 13:07:22 UTC,purchase,5186,30006,electronics.device_6,20294
2026-01-01 13:07:25 UTC,view,5089,30009,electronics.device_9,20473
2026-01-01 13:07:33 UTC,view,1023,30003,electronics.device_3,20375
2026-01-01 13:07:41 UTC,view,1020,30000,electronics.device_0,20283
2026-01-01 13:07:43 UTC,view,1007,30007,electronics.device_7,20317
2026-01-01 13:07:47 UTC,view,5028,30008,electronics.device_8,20168
2026-01-01 13:07:48 UTC,view,5111,30001,electronics.device_1,20299
2026-01-01 13:07:57 UTC,view,1013,30003,electronics.device_3,20393
2026-01-01 13:08:02 UTC,view,1000,30000,electronics.device_0,20276
2026-01-01 13:08:10 UTC,view,5146,30006,electronics.device_6,20045
2026-01-01 13:08:19 UTC,view,5001,30001,electronics.device_1,20163
2026-01-01 13:08:29 UTC,view,5109,30009,electronics.device_9,20029
2026-01-01 13:08:35 UTC,view,5003,30003,electronics.device_3,20438
2026-01-01 13:08:42 UTC,view,1014,30004,electronics.device_4,20007
2026-01-01 13:08:47 UTC,view,1001,30001,electronics.device_1,20229
2026-01-01 13:08:56 UTC,view,1019,30009,electronics.device_9,20455
2026-01-01 13:09:04 UTC,purchase,5179,30009,electronics.device_9,20412
2026-01-01 13:09:12 UTC,view,1022,30002,electronics.device_2,20373
2026-01-01 13:09:19 UTC,cart,5173,30003,electronics.device_3,20072
2026-01-01 13:09:29 UTC,view,5106,30006,electronics.device_6,20107
2026-01-01 13:09:34 UTC,purchase,5043,30003,electronics.device_3,20269
2026-01-01 13:09:40 UTC,cart,1008,30008,electronics.device_8,20303
2026-01-01 13:09:47 UTC,view,1020,30000,electronics.device_0,20328
2026-01-01 13:09:52 UTC,view,5012,30002,electronics.device_2,20237
2026-01-01 13:10:02 UTC,cart,5186,30006,electronics.device_6,20103
2026-01-01 13:10:05 UTC,view,1020,30000,electronics.device_0,20252
2026-01-01 13:10:06 UTC,view,1004,30004,electronics.device_4,20156
2026-01-01 13:10:14 UTC,view,5086,30006,electronics.device_6,20115
2026-01-01 13:10:15 UTC,view,1001,30001,electronics.device_1,20154
2026-01-01 13:10:23 UTC,view,1013,30003,electronics.device_3,20458
2026-01-01 13:10:28 UTC,view,5013,30003,electronics.device_3,20465
2026-01-01 13:10:32 UTC,view,1014,30004,electronics.device_4,20142
2026-01-01 13:10:40 UTC,view,1009,30009,electronics.device_9,20186
2026-01-01 13:10:50 UTC,view,5046,30006,electronics.device_6,20445
2026-01-01 13:10:55 UTC,view,5121,30001,electronics.device_1,20499
2026-01-01 13:10:57 UTC,view,1016,30006,electronics.device_6,20295
2026-01-01 13:10:58 UTC,view,1007,30007,electronics.device_7,20030
2026-01-01 13:11:01 UTC,view,1013,30003,electronics.device_3,20355
2026-01-01 13:11:04 UTC,view,1007,30007,electronics.device_7,20140
2026-01-01 13:11:10 UTC,view,5014,30004,electronics.device_4,20490
2026-01-01 13:11:16 UTC,view,1024,30004,electronics.device_4,20272
2026-01-01 13:11:18 UTC,view,5063,30003,electronics.device_3,20322
2026-01-01 13:11:21 UTC,view,5191,30001,electronics.device_1,20386
2026-01-01 13:11:24 UTC,view,5078,30008,electronics.device_8,20162
2026-01-01 13:11:29 UTC,view,1013,30003,electronics.device_3,20353
2026-01-01 13:11:35 UTC,view,1024,30004,electronics.device_4,20181
2026-01-01 13:11:38 UTC,view,1006,30006,electronics.device_6,20145
2026-01-01 13:11:44 UTC,view,5198,30008,electronics.device_8,20175
2026-01-01 13:11:47 UTC,view,1002,30002,electronics.device_2,20258
2026-01-01 13:11:51 UTC,view,1021,30001,electronics.device_1,20287
2026-01-01 13:12:01 UTC,view,5153,30003,electronics.device_3,20270
2026-01-01 13:12:10 UTC,view,5164,30004,electronics.device_4,20388
2026-01-01 13:12:12 UTC,view,5013,30003,electronics.device_3,20040
2026-01-01 13:12:14 UTC,cart,1017,30007,electronics.device_7,20246
2026-01-01 13:12:20 UTC,view,1009,30009,electronics.device_9,20072
2026-01-01 13:12:28 UTC,view,5105,30005,electronics.device_5,20497
2026-01-01 13:12:34 UTC,view,1013,30003,electronics.device_3,20015
2026-01-01 13:12:36 UTC,view,1013,30003,electronics.device_3,20356
2026-01-01 13:12:39 UTC,view,5152,30002,electronics.device_2,20065
2026-01-01 13:12:43 UTC,purchase,1016,30006,electronics.device_6,20218
2026-01-01 13:12:45 UTC,view,1014,30004,electronics.device_4,20248
2026-01-01 13:12:52 UTC,view,1021,30001,electronics.device_1,20017
2026-01-01 13:13:01 UTC,view,5103,30003,electronics.device_3,20061
2026-01-01 13:13:06 UTC,view,1022,30002,electronics.device_2,20342
2026-01-01 13:13:07 UTC,view,5186,30006,electronics.device_6,20064
2026-01-01 13:13:17 UTC,view,1005,30005,electronics.device_5,20103
2026-01-01 13:13:20 UTC,view,5143,30003,electronics.device_3,20047
2026-01-01 13:13:23 UTC,cart,5182,30002,electronics.device_2,20486
2026-01-01 13:13:33 UTC,view,1003,30003,electronics.device_3,20438
2026-01-01 13:13:42 UTC,view,5199,30009,electronics.device_9,20124
2026-01-01 13:13:51 UTC,view,5091,30001,electronics.device_1,20420
2026-01-01 13:14:01 UTC,view,5190,30000,electronics.device_0,20112
2026-01-01 13:14:05 UTC,view,1019,30009,electronics.device_9,20387
2026-01-01 13:14:14 UTC,purchase,1002,30002,electronics.device_2,20051
2026-01-01 13:14:18 UTC,cart,5058,30008,electronics.device_8,20244
2026-01-01 13:14:24 UTC,view,5157,30007,electronics.device_7,20226
2026-01-01 13:14:26 UTC,view,1017,30007,electronics.device_7,20195
2026-01-01 13:14:33 UTC,view,1009,30009,electronics.device_9,20209
2026-01-01 13:14:35 UTC,purchase,5189,30009,electronics.device_9,20064
2026-01-01 13:14:43 UTC,view,1006,30006,electronics.device_6,20254
2026-01-01 13:14:49 UTC,view,5160,30000,electronics.device_0,20370
2026-01-01 13:14:50 UTC,view,1017,30007,electronics.device_7,20060
2026-01-01 13:14:57 UTC,view,1020,30000,electronics.device_0,20377
2026-01-01 13:15:02 UTC,purchase,5151,30001,electronics.device_1,20228
2026-01-01 13:15:06 UTC,view,5083,30003,electronics.device_3,20438
2026-01-01 13:15:13 UTC,cart,1021,30001,electronics.device_1,20459
2026-01-01 13:15:21 UTC,view,5147,30007,electronics.device_7,20007
2026-01-01 13:15:29 UTC,view,5144,30004,electronics.device_4,20225
2026-01-01 13:15:38 UTC,view,5137,30007,electronics.device_7,20062
2026-01-01 13:15:41 UTC,view,5002,30002,electronics.device_2,20303
2026-01-01 13:15:43 UTC,cart,5179,30009,electronics.device_9,20087
2026-01-01 13:15:45 UTC,purchase,1011,30001,electronics.device_1,20174
2026-01-01 13:15:49 UTC,view,5104,30004,electronics.device_4,20207
2026-01-01 13:15:51 UTC,view,1019,30009,electronics.device_9,20372
2026-01-01 13:15:59 UTC,view,1017,30007,electronics.device_7,20393
2026-01-01 13:16:09 UTC,view,5103,30003,electronics.device_3,20405
2026-01-01 13:16:16 UTC,view,1007,30007,electronics.device_7,20309
2026-01-01 13:16:23 UTC,view,5048,30008,electronics.device_8,20076
2026-01-01 13:16:31 UTC,view,1005,30005,electronics.device_5,20251
2026-01-01 13:16:39 UTC,view,1018,30008,electronics.device_8,20069
2026-01-01 13:16:40 UTC,view,1000,30000,electronics.device_0,20426
2026-01-01 13:16:42 UTC,view,5055,30005,electronics.device_5,20498
2026-01-01 13:16:45 UTC,view,1020,30000,electronics.device_0,20168
2026-01-01 13:16:48 UTC,view,1005,30005,electronics.device_5,20050
2026-01-01 13:16:50 UTC,view,5138,30008,electronics.device_8,20393
2026-01-01 13:16:58 UTC,view,5038,30008,electronics.device_8,20339
2026-01-01 13:17:06 UTC,view,5051,30001,electronics.device_1,20278
2026-01-01 13:17:12 UTC,view,5076,30006,electronics.device_6,20488
2026-01-01 13:17:13 UTC,cart,5020,30000,electronics.device_0,20061
2026-01-01 13:17:20 UTC,view,5030,30000,electronics.device_0,20193
2026-01-01 13:17:28 UTC,view,5035,30005,electronics.device_5,20091
2026-01-01 13:17:37 UTC,cart,5137,30007,electronics.device_7,20156
2026-01-01 13:17:40 UTC,view,5051,30001,electronics.device_1,20160
2026-01-01 13:17:47 UTC,view,5049,30009,electronics.device_9,20292
2026-01-01 13:17:55 UTC,view,5137,30007,electronics.device_7,20277
2026-01-01 13:18:05 UTC,view,5040,30000,electronics.device_0,20438
2026-01-01 13:18:08 UTC,view,5059,30009,electronics.device_9,20135
2026-01-01 13:18:16 UTC,purchase,5102,30002,electronics.device_2,20316
2026-01-01 13:18:22 UTC,purchase,5192,30002,electronics.device_2,20165
2026-01-01 13:18:23 UTC,view,1014,30004,electronics.device_4,20066
2026-01-01 13:18:29 UTC,view,1003,30003,electronics.device_3,20299
2026-01-01 13:18:30 UTC,cart,5191,30001,electronics.device_1,20175
2026-01-01 13:18:37 UTC,view,1024,30004,electronics.device_4,20183
2026-01-01 13:18:44 UTC,view,1004,30004,electronics.device_4,20126
2026-01-01 13:18:48 UTC,view,1020,30000,electronics.device_0,20304
2026-01-01 13:18:50 UTC,view,5152,30002,electronics.device_2,20157
2026-01-01 13:18:52 UTC,view,1022,30002,electronics.device_2,20276
2026-01-01 13:18:58 UTC,view,1019,30009,electronics.device_9,20443
2026-01-01 13:19:05 UTC,view,5090,30000,electronics.device_0,20216
2026-01-01 13:19:10 UTC,view,1010,30000,electronics.device_0,20302
2026-01-01 13:19:11 UTC,view,1012,30002,electronics.device_2,20200
2026-01-01 13:19:17 UTC,view,5093,30003,electronics.device_3,20251
2026-01-01 13:19:19 UTC,view,5153,30003,electronics.device_3,20173
2026-01-01 13:19:27 UTC,view,5057,30007,electronics.device_7,20342
2026-01-01 13:19:33 UTC,view,1010,30000,electronics.device_0,20187
2026-01-01 13:19:40 UTC,view,1003,30003,electronics.device_3,20434
2026-01-01 13:19:42 UTC,view,5074,30004,electronics.device_4,20136
2026-01-01 13:19:43 UTC,purchase,1002,30002,electronics.device_2,20206
2026-01-01 13:19:47 UTC,view,5119,30009,electronics.device_9,20048
2026-01-01 13:19:57 UTC,view,1023,30003,electronics.device_3,20140
2026-01-01 13:19:59 UTC,view,5090,30000,electronics.device_0,20244
2026-01-01 13:20:06 UTC,view,1007,30007,electronics.device_7,20040
2026-01-01 13:20:11 UTC,view,5058,30008,electronics.device_8,20222
2026-01-01 13:20:20 UTC,view,1010,30000,electronics.device_0,20206
2026-01-01 13:20:25 UTC,view,5119,30009,electronics.device_9,20344
2026-01-01 13:20:34 UTC,cart,1017,30007,electronics.device_7,20322
2026-01-01 13:20:43 UTC,view,1020,30000,electronics.device_0,20110
2026-01-01 13:20:51 UTC,cart,1012,30002,electronics.device_2,20273
2026-01-01 13:21:01 UTC,cart,5193,30003,electronics.device_3,20479
2026-01-01 13:21:11 UTC,view,5172,30002,electronics.device_2,20268
2026-01-01 13:21:15 UTC,view,1011,30001,electronics.device_1,20124
2026-01-01 13:21:18 UTC,view,5182,30002,electronics.device_2,20154
2026-01-01 13:21:25 UTC,view,5010,30000,electronics.device_0,20426
2026-01-01 13:21:27 UTC,view,5124,30004,electronics.device_4,20212
2026-01-01 13:21:32 UTC,view,1021,30001,electronics.device_1,20132
2026-01-01 13:21:42 UTC,view,1020,30000,electronics.device_0,20059
2026-01-01 13:21:45 UTC,view,1023,30003,electronics.device_3,20409
2026-01-01 13:21:50 UTC,view,5037,30007,electronics.device_7,20224
2026-01-01 13:21:57 UTC,cart,5131,30001,electronics.device_1,20104
2026-01-01 13:22:00 UTC,view,1014,30004,electronics.device_4,20133
2026-01-01 13:22:05 UTC,view,5137,30007,electronics.device_7,20330
2026-01-01 13:22:06 UTC,view,5169,30009,electronics.device_9,20011
2026-01-01 13:22:07 UTC,view,1017,30007,electronics.device_7,20153
2026-01-01 13:22:09 UTC,cart,5008,30008,electronics.device_8,20344
2026-01-01 13:22:11 UTC,cart,5003,30003,electronics.device_3,20371
2026-01-01 13:22:14 UTC,view,1020,30000,electronics.device_0,20377
2026-01-01 13:22:23 UTC,view,1011,30001,electronics.device_1,20425
2026-01-01 13:22:33 UTC,cart,5196,30006,electronics.device_6,20129
2026-01-01 13:22:41 UTC,view,1021,30001,electronics.device_1,20063
2026-01-01 13:22:47 UTC,view,1018,30008,electronics.device_8,20378
2026-01-01 13:22:54 UTC,view,5183,30003,electronics.device_3,20479
2026-01-01 13:23:01 UTC,view,1011,30001,electronics.device_1,20090
2026-01-01 13:23:05 UTC,view,1015,30005,electronics.device_5,20131
2026-01-01 13:23:15 UTC,view,1003,30003,electronics.device_3,20192
2026-01-01 13:23:17 UTC,view,1012,30002,electronics.device_2,20244
2026-01-01 13:23:21 UTC,cart,1017,30007,electronics.device_7,20480
2026-01-01 13:23:24 UTC,view,1010,30000,electronics.device_0,20189
2026-01-01 13:23:29 UTC,view,1010,30000,electronics.device_0,20464
2026-01-01 13:23:39 UTC,view,1017,30007,electronics.device_7,20340
2026-01-01 13:23:40 UTC,cart,5153,30003,electronics.device_3,20344
2026-01-01 13:23:44 UTC,view,1004,30004,electronics.device_4,20159
2026-01-01 13:23:50 UTC,view,5150,30000,electronics.device_0,20444
2026-01-01 13:23:54 UTC,view,5026,30006,electronics.device_6,20466
2026-01-01 13:24:01 UTC,view,1005,30005,electronics.device_5,20480
2026-01-01 13:24:05 UTC,view,1002,30002,electronics.device_2,20456
2026-01-01 13:24:08 UTC,view,5024,30004,electronics.device_4,20451
2026-01-01 13:24:15 UTC,view,1017,30007,electronics.device_7,20042
2026-01-01 13:24:23 UTC,view,5041,30001,electronics.device_1,20475
2026-01-01 13:24:29 UTC,view,5167,30007,electronics.device_7,20471
2026-01-01 13:24:31 UTC,view,1007,30007,electronics.device_7,20260
2026-01-01 13:24:33 UTC,view,1005,30005,electronics.device_5,20374
2026-01-01 13:24:42 UTC,view,5177,30007,electronics.device_7,20356
2026-01-01 13:24:43 UTC,view,5190,30000,electronics.device_0,20329
2026-01-01 13:24:46 UTC,view,5122,30002,electronics.device_2,20329
2026-01-01 13:24:49 UTC,view,1001,30001,electronics.device_1,20322
2026-01-01 13:24:54 UTC,view,1010,30000,electronics.device_0,20057
2026-01-01 13:24:57 UTC,view,1002,30002,electronics.device_2,20497
2026-01-01 13:25:00 UTC,view,5104,30004,electronics.device_4,20406
2026-01-01 13:25:06 UTC,view,5031,30001,electronics.device_1,20377
2026-01-01 13:25:09 UTC,view,1008,30008,electronics.device_8,20304
2026-01-01 13:25:15 UTC,view,1019,30009,electronics.device_9,20213
2026-01-01 13:25:21 UTC,view,1018,30008,electronics.device_8,20194
2026-01-01 13:25:31 UTC,view,1014,30004,electronics.device_4,20012
2026-01-01 13:25:40 UTC,view,5131,30001,electronics.device_1,20118
2026-01-01 13:25:42 UTC,view,5036,30006,electronics.device_6,20360
2026-01-01 13:25:45 UTC,view,1000,30000,electronics.device_0,20220
2026-01-01 13:25:55 UTC,view,1008,30008,electronics.device_8,20491
2026-01-01 13:26:01 UTC,cart,1012,30002,electronics.device_2,20061
2026-01-01 13:26:02 UTC,view,5167,30007,electronics.device_7,20396
2026-01-01 13:26:10 UTC,view,5144,30004,electronics.device_4,20115
2026-01-01 13:26:14 UTC,cart,1022,30002,electronics.device_2,20417
2026-01-01 13:26:19 UTC,view,1022,30002,electronics.device_2,20196
2026-01-01 13:26:22 UTC,cart,5020,30000,electronics.device_0,20308
2026-01-01 13:26:26 UTC,view,1019,30009,electronics.device_9,20097
2026-01-01 13:26:33 UTC,view,1017,30007,electronics.device_7,20075
2026-01-01 13:26:34 UTC,purchase,1023,30003,electronics.device_3,20121
2026-01-01 13:26:44 UTC,cart,5030,30000,electronics.device_0,20190
2026-01-01 13:26:54 UTC,view,5150,30000,electronics.device_0,20044
2026-01-01 13:26:55 UTC,view,5040,30000,electronics.device_0,20166
2026-01-01 13:27:02 UTC,view,5151,30001,electronics.device_1,20197
2026-01-01 13:27:09 UTC,view,5176,30006,electronics.device_6,20038
2026-01-01 13:27:11 UTC,view,5085,30005,electronics.device_5,20171
2026-01-01 13:27:15 UTC,cart,5041,30001,electronics.device_1,20311
2026-01-01 13:27:25 UTC,view,5163,30003,electronics.device_3,20024
2026-01-01 13:27:26 UTC,view,1004,30004,electronics.device_4,20196
2026-01-01 13:27:31 UTC,view,5002,30002,electronics.device_2,20068
2026-01-01 13:27:40 UTC,view,1021,30001,electronics.device_1,20134
2026-01-01 13:27:43 UTC,view,5057,30007,electronics.device_7,20174
2026-01-01 13:27:51 UTC,view,1017,30007,electronics.device_7,20364
2026-01-01 13:28:00 UTC,view,5021,30001,electronics.device_1,20060
2026-01-01 13:28:06 UTC,purchase,1022,30002,electronics.device_2,20256
2026-01-01 13:28:11 UTC,view,5182,30002,electronics.device_2,20221
2026-01-01 13:28:16 UTC,view,1009,30009,electronics.device_9,20390
2026-01-01 13:28:21 UTC,view,5064,30004,electronics.device_4,20458
2026-01-01 13:28:24 UTC,view,1011,30001,electronics.device_1,20252
2026-01-01 13:28:27 UTC,cart,5084,30004,electronics.device_4,20337
2026-01-01 13:28:35 UTC,view,1002,30002,electronics.device_2,20028
2026-01-01 13:28:39 UTC,view,1018,30008,electronics.device_8,20134
2026-01-01 13:28:42 UTC,view,5161,30001,electronics.device_1,20060
2026-01-01 13:28:50 UTC,view,1020,30000,electronics.device_0,20364
2026-01-01 13:28:59 UTC,view,5048,30008,electronics.device_8,20058
2026-01-01 13:29:02 UTC,view,1013,30003,electronics.device_3,20105
2026-01-01 13:29:07 UTC,view,1017,30007,electronics.device_7,20384
2026-01-01 13:29:16 UTC,view,1014,30004,electronics.device_4,20340
2026-01-01 13:29:26 UTC,view,1008,30008,electronics.device_8,20498
2026-01-01 13:29:27 UTC,view,5069,30009,electronics.device_9,20093
2026-01-01 13:29:34 UTC,view,1014,30004,electronics.device_4,20256
2026-01-01 13:29:36 UTC,view,1018,30008,electronics.device_8,20349
2026-01-01 13:29:38 UTC,view,5001,30001,electronics.device_1,20476
2026-01-01 13:29:40 UTC,view,1015,30005,electronics.device_5,20042
2026-01-01 13:29:48 UTC,view,5162,30002,electronics.device_2,20233
2026-01-01 13:29:53 UTC,view,5104,30004,electronics.device_4,20169
2026-01-01 13:29:54 UTC,view,5135,30005,electronics.device_5,20232
2026-01-01 13:30:00 UTC,purchase,5174,30004,electronics.device_4,20465
2026-01-01 13:30:10 UTC,view,1016,30006,electronics.device_6,20025
2026-01-01 13:30:15 UTC,view,1015,30005,electronics.device_5,20381
2026-01-01 13:30:17 UTC,purchase,5080,30000,electronics.device_0,20196
2026-01-01 13:30:19 UTC,view,5004,30004,electronics.device_4,20123
2026-01-01 13:30:26 UTC,view,1020,30000,electronics.device_0,20107
2026-01-01 13:30:29 UTC,view,1023,30003,electronics.device_3,20146
2026-01-01 13:30:32 UTC,view,1011,30001,electronics.device_1,20411
2026-01-01 13:30:39 UTC,view,5176,30006,electronics.device_6,20159
2026-01-01 13:30:49 UTC,view,1017,30007,electronics.device_7,20050
2026-01-01 13:30:55 UTC,view,5062,30002,electronics.device_2,20229
2026-01-01 13:31:02 UTC,view,5043,30003,electronics.device_3,20308
2026-01-01 13:31:09 UTC,view,1021,30001,electronics.device_1,20416
2026-01-01 13:31:15 UTC,view,5114,30004,electronics.device_4,20323
2026-01-01 13:31:22 UTC,view,1022,30002,electronics.device_2,20175
2026-01-01 13:31:30 UTC,view,5146,30006,electronics.device_6,20352
2026-01-01 13:31:33 UTC,view,5053,30003,electronics.device_3,20332
2026-01-01 13:31:42 UTC,view,1017,30007,electronics.device_7,20224
2026-01-01 13:31:44 UTC,view,5044,30004,electronics.device_4,20066
2026-01-01 13:31:49 UTC,view,1002,30002,electronics.device_2,20152
2026-01-01 13:31:59 UTC,view,1024,30004,electronics.device_4,20470
2026-01-01 13:32:00 UTC,view,5062,30002,electronics.device_2,20218
2026-01-01 13:32:07 UTC,view,1023,30003,electronics.device_3,20369
2026-01-01 13:32:17 UTC,view,1004,30004,electronics.device_4,20300
2026-01-01 13:32:19 UTC,view,5193,30003,electronics.device_3,20059
2026-01-01 13:32:27 UTC,view,1016,30006,electronics.device_6,20432
2026-01-01 13:32:34 UTC,view,1023,30003,electronics.device_3,20449
2026-01-01 13:32:39 UTC,view,1010,30000,electronics.device_0,20233
2026-01-01 13:32:47 UTC,view,5119,30009,electronics.device_9,20175
2026-01-01 13:32:50 UTC,view,1008,30008,electronics.device_8,20383
2026-01-01 13:33:00 UTC,cart,1007,30007,electronics.device_7,20055
2026-01-01 13:33:07 UTC,view,5073,30003,electronics.device_3,20203
2026-01-01 13:33:09 UTC,view,1006,30006,electronics.device_6,20245
2026-01-01 13:33:17 UTC,view,5154,30004,electronics.device_4,20337
2026-01-01 13:33:27 UTC,view,5171,30001,electronics.device_1,20317
2026-01-01 13:33:37 UTC,view,1009,30009,electronics.device_9,20494
2026-01-01 13:33:44 UTC,view,1004,30004,electronics.device_4,20070
2026-01-01 13:33:45 UTC,view,1022,30002,electronics.device_2,20009
2026-01-01 13:33:49 UTC,view,1013,30003,electronics.device_3,20333
2026-01-01 13:33:52 UTC,view,5132,30002,electronics.device_2,20432
2026-01-01 13:34:01 UTC,view,1022,30002,electronics.device_2,20395
2026-01-01 13:34:09 UTC,view,1000,30000,electronics.device_0,20012
2026-01-01 13:34:11 UTC,cart,1010,30000,electronics.device_0,20379
2026-01-01 13:34:19 UTC,view,5048,30008,electronics.device_8,20441
2026-01-01 13:34:27 UTC,view,5099,30009,electronics.device_9,20151
2026-01-01 13:34:37 UTC,view,5000,30000,electronics.device_0,20005
2026-01-01 13:34:39 UTC,view,5122,30002,electronics.device_2,20222
2026-01-01 13:34:46 UTC,view,5053,30003,electronics.device_3,20306
2026-01-01 13:34:55 UTC,view,1023,30003,electronics.device_3,20205
2026-01-01 13:35:03 UTC,view,5062,30002,electronics.device_2,20314
2026-01-01 13:35:11 UTC,view,1018,30008,electronics.device_8,20271
2026-01-01 13:35:12 UTC,view,5016,30006,electronics.device_6,20284
2026-01-01 13:35:14 UTC,cart,1012,30002,electronics.device_2,20214
2026-01-01 13:35:22 UTC,view,1009,30009,electronics.device_9,20481
2026-01-01 13:35:28 UTC,view,5029,30009,electronics.device_9,20011
2026-01-01 13:35:31 UTC,view,1022,30002,electronics.device_2,20241
2026-01-01 13:35:37 UTC,view,5024,30004,electronics.device_4,20113
2026-01-01 13:35:47 UTC,view,5150,30000,electronics.device_0,20309
2026-01-01 13:35:55 UTC,cart,1017,30007,electronics.device_7,20371
2026-01-01 13:36:02 UTC,view,5013,30003,electronics.device_3,20345
2026-01-01 13:36:08 UTC,view,5041,30001,electronics.device_1,20433
2026-01-01 13:36:11 UTC,view,5118,30008,electronics.device_8,20354
2026-01-01 13:36:13 UTC,view,5141,30001,electronics.device_1,20089
2026-01-01 13:36:17 UTC,view,1005,30005,electronics.device_5,20052
2026-01-01 13:36:24 UTC,view,5052,30002,electronics.device_2,20108
2026-01-01 13:36:33 UTC,purchase,1024,30004,electronics.device_4,20184
2026-01-01 13:36:38 UTC,view,1007,30007,electronics.device_7,20090
2026-01-01 13:36:47 UTC,view,1016,30006,electronics.device_6,20173
2026-01-01 13:36:54 UTC,view,1008,30008,electronics.device_8,20062
2026-01-01 13:37:03 UTC,view,1014,30004,electronics.device_4,20175
2026-01-01 13:37:09 UTC,view,5193,30003,electronics.device_3,20450
2026-01-01 13:37:18 UTC,cart,1011,30001,electronics.device_1,20437
2026-01-01 13:37:27 UTC,view,5109,30009,electronics.device_9,20362
2026-01-01 13:37:28 UTC,view,5024,30004,electronics.device_4,20493
2026-01-01 13:37:30 UTC,view,1004,30004,electronics.device_4,20313
2026-01-01 13:37:32 UTC,view,5087,30007,electronics.device_7,20054
2026-01-01 13:37:35 UTC,view,5122,30002,electronics.device_2,20106
2026-01-01 13:37:41 UTC,view,1005,30005,electronics.device_5,20363
2026-01-01 13:37:49 UTC,view,5190,30000,electronics.device_0,20376
2026-01-01 13:37:51 UTC,view,1003,30003,electronics.device_3,20172
2026-01-01 13:37:54 UTC,view,1012,30002,electronics.device_2,20225
2026-01-01 13:38:01 UTC,view,5193,30003,electronics.device_3,20126
2026-01-01 13:38:09 UTC,view,1024,30004,electronics.device_4,20088
2026-01-01 13:38:11 UTC,view,1011,30001,electronics.device_1,20387
2026-01-01 13:38:18 UTC,view,1009,30009,electronics.device_9,20126
2026-01-01 13:38:21 UTC,view,5185,30005,electronics.device_5,20216
2026-01-01 13:38:25 UTC,view,1020,30000,electronics.device_0,20212
2026-01-01 13:38:32 UTC,purchase,5034,30004,electronics.device_4,20265
2026-01-01 13:38:38 UTC,view,1015,30005,electronics.device_5,20395
2026-01-01 13:38:39 UTC,view,5167,30007,electronics.device_7,20484
2026-01-01 13:38:41 UTC,view,1018,30008,electronics.device_8,20206
2026-01-01 13:38:44 UTC,view,5022,30002,electronics.device_2,20389
2026-01-01 13:38:45 UTC,cart,5138,30008,electronics.device_8,20078
2026-01-01 13:38:55 UTC,purchase,1004,30004,electronics.device_4,20366
2026-01-01 13:39:04 UTC,view,1001,30001,electronics.device_1,20454
2026-01-01 13:39:13 UTC,view,1005,30005,electronics.device_5,20161
2026-01-01 13:39:19 UTC,view,1004,30004,electronics.device_4,20461
2026-01-01 13:39:28 UTC,cart,5112,30002,electronics.device_2,20359
2026-01-01 13:39:35 UTC,view,5028,30008,electronics.device_8,20455
2026-01-01 13:39:44 UTC,view,5119,30009,electronics.device_9,20334
2026-01-01 13:39:52 UTC,view,5157,30007,electronics.device_7,20416
2026-01-01 13:39:59 UTC,view,5197,30007,electronics.device_7,20155
2026-01-01 13:40:01 UTC,view,1018,30008,electronics.device_8,20200
2026-01-01 13:40:04 UTC,purchase,5066,30006,electronics.device_6,20146
2026-01-01 13:40:08 UTC,view,1022,30002,electronics.device_2,20160
2026-01-01 13:40:17 UTC,view,1024,30004,electronics.device_4,20082
2026-01-01 13:40:18 UTC,cart,1014,30004,electronics.device_4,20277
2026-01-01 13:40:28 UTC,view,1007,30007,electronics.device_7,20397
2026-01-01 13:40:33 UTC,view,5171,30001,electronics.device_1,20259
2026-01-01 13:40:35 UTC,view,5174,30004,electronics.device_4,20191
2026-01-01 13:40:40 UTC,view,5121,30001,electronics.device_1,20064
2026-01-01 13:40:41 UTC,view,5187,30007,electronics.device_7,20064
2026-01-01 13:40:49 UTC,view,1002,30002,electronics.device_2,20003
2026-01-01 13:40:57 UTC,purchase,1023,30003,electronics.device_3,20413
2026-01-01 13:41:07 UTC,view,5089,30009,electronics.device_9,20481
2026-01-01 13:41:16 UTC,view,5104,30004,electronics.device_4,20154
2026-01-01 13:41:21 UTC,view,5141,30001,electronics.device_1,20367
2026-01-01 13:41:31 UTC,view,5144,30004,electronics.device_4,20194
2026-01-01 13:41:40 UTC,view,5177,30007,electronics.device_7,20168
2026-01-01 13:41:49 UTC,view,5098,30008,electronics.device_8,20399
2026-01-01 13:41:55 UTC,view,5032,30002,electronics.device_2,20365
2026-01-01 13:42:02 UTC,view,5010,30000,electronics.device_0,20032
2026-01-01 13:42:09 UTC,view,1016,30006,electronics.device_6,20229
2026-01-01 13:42:11 UTC,view,1014,30004,electronics.device_4,20207
2026-01-01 13:42:21 UTC,view,5086,30006,electronics.device_6,20203
2026-01-01 13:42:26 UTC,view,5099,30009,electronics.device_9,20217
2026-01-01 13:42:34 UTC,cart,5152,30002,electronics.device_2,20251
2026-01-01 13:42:41 UTC,view,1008,30008,electronics.device_8,20066
2026-01-01 13:42:49 UTC,view,5164,30004,electronics.device_4,20496
2026-01-01 13:42:58 UTC,view,5070,30000,electronics.device_0,20109
2026-01-01 13:43:06 UTC,view,5042,30002,electronics.device_2,20081
2026-01-01 13:43:15 UTC,cart,1014,30004,electronics.device_4,20061
2026-01-01 13:43:25 UTC,view,5009,30009,electronics.device_9,20190
2026-01-01 13:43:35 UTC,view,1023,30003,electronics.device_3,20079
2026-01-01 13:43:37 UTC,view,1015,30005,electronics.device_5,20192
2026-01-01 13:43:42 UTC,view,1000,30000,electronics.device_0,20406
2026-01-01 13:43:45 UTC,view,1022,30002,electronics.device_2,20216
2026-01-01 13:43:46 UTC,cart,1006,30006,electronics.device_6,20111
2026-01-01 13:43:49 UTC,view,5178,30008,electronics.device_8,20063
2026-01-01 13:43:58 UTC,view,1003,30003,electronics.device_3,20023
2026-01-01 13:44:05 UTC,view,5046,30006,electronics.device_6,20290
2026-01-01 13:44:13 UTC,view,1022,30002,electronics.device_2,20244
2026-01-01 13:44:23 UTC,view,1017,30007,electronics.device_7,20259
2026-01-01 13:44:31 UTC,view,5189,30009,electronics.device_9,20230
2026-01-01 13:44:34 UTC,view,5172,30002,electronics.device_2,20410
2026-01-01 13:44:44 UTC,view,5140,30000,electronics.device_0,20199
2026-01-01 13:44:48 UTC,view,5002,30002,electronics.device_2,20024
2026-01-01 13:44:56 UTC,view,5176,30006,electronics.device_6,20046
2026-01-01 13:44:59 UTC,view,5162,30002,electronics.device_2,20323
2026-01-01 13:45:04 UTC,view,5087,30007,electronics.device_7,20330
2026-01-01 13:45:13 UTC,view,1018,30008,electronics.device_8,20317
2026-01-01 13:45:22 UTC,view,5095,30005,electronics.device_5,20491
2026-01-01 13:45:32 UTC,view,5067,30007,electronics.device_7,20244
2026-01-01 13:45:41 UTC,view,1009,30009,electronics.device_9,20480
2026-01-01 13:45:50 UTC,purchase,1017,30007,electronics.device_7,20141
2026-01-01 13:45:54 UTC,view,1000,30000,electronics.device_0,20430
2026-01-01 13:46:04 UTC,view,5027,30007,electronics.device_7,20274
2026-01-01 13:46:14 UTC,view,1014,30004,electronics.device_4,20024
2026-01-01 13:46:22 UTC,view,1011,30001,electronics.device_1,20093
2026-01-01 13:46:29 UTC,cart,1012,30002,electronics.device_2,20163
2026-01-01 13:46:36 UTC,view,1006,30006,electronics.device_6,20051
2026-01-01 13:46:45 UTC,view,1011,30001,electronics.device_1,20094
2026-01-01 13:46:50 UTC,view,5193,30003,electronics.device_3,20158
2026-01-01 13:46:57 UTC,view,5147,30007,electronics.device_7,20315
2026-01-01 13:47:03 UTC,view,1017,30007,electronics.device_7,20030
2026-01-01 13:47:08 UTC,view,1024,30004,electronics.device_4,20073
2026-01-01 13:47:15 UTC,view,1015,30005,electronics.device_5,20483
2026-01-01 13:47:17 UTC,view,1001,30001,electronics.device_1,20386
2026-01-01 13:47:27 UTC,view,5100,30000,electronics.device_0,20261
2026-01-01 13:47:36 UTC,cart,1022,30002,electronics.device_2,20138
2026-01-01 13:47:37 UTC,view,1012,30002,electronics.device_2,20209
2026-01-01 13:47:39 UTC,view,5047,30007,electronics.device_7,20325
2026-01-01 13:47:43 UTC,view,1009,30009,electronics.device_9,20494
2026-01-01 13:47:53 UTC,view,5145,30005,electronics.device_5,20391
2026-01-01 13:48:02 UTC,view,5133,30003,electronics.device_3,20156
2026-01-01 13:48:12 UTC,view,5008,30008,electronics.device_8,20434
2026-01-01 13:48:21 UTC,view,1004,30004,electronics.device_4,20073
2026-01-01 13:48:27 UTC,purchase,5076,30006,electronics.device_6,20401
2026-01-01 13:48:31 UTC,purchase,5075,30005,electronics.device_5,20493
2026-01-01 13:48:40 UTC,view,5031,30001,electronics.device_1,20417
2026-01-01 13:48:48 UTC,view,5117,30007,electronics.device_7,20498
2026-01-01 13:48:51 UTC,view,1000,30000,electronics.device_0,20472
2026-01-01 13:48:59 UTC,view,1014,30004,electronics.device_4,20430
2026-01-01 13:49:06 UTC,view,1004,30004,electronics.device_4,20109
2026-01-01 13:49:16 UTC,view,5061,30001,electronics.device_1,20083
2026-01-01 13:49:25 UTC,view,5088,30008,electronics.device_8,20046
2026-01-01 13:49:32 UTC,view,5157,30007,electronics.device_7,20072
2026-01-01 13:49:41 UTC,cart,1018,30008,electronics.device_8,20108
2026-01-01 13:49:51 UTC,purchase,5058,30008,electronics.device_8,20163
2026-01-01 13:49:57 UTC,view,5125,30005,electronics.device_5,20386
2026-01-01 13:50:05 UTC,view,1014,30004,electronics.device_4,20165
2026-01-01 13:50:11 UTC,view,1007,30007,electronics.device_7,20307
2026-01-01 13:50:17 UTC,cart,1008,30008,electronics.device_8,20069
2026-01-01 13:50:18 UTC,view,5111,30001,electronics.device_1,20462
2026-01-01 13:50:19 UTC,view,5144,30004,electronics.device_4,20285
2026-01-01 13:50:27 UTC,view,5190,30000,electronics.device_0,20042
2026-01-01 13:50:29 UTC,view,5075,30005,electronics.device_5,20427
2026-01-01 13:50:37 UTC,view,5144,30004,electronics.device_4,20498
2026-01-01 13:50:44 UTC,view,5107,30007,electronics.device_7,20091
2026-01-01 13:50:45 UTC,view,1013,30003,electronics.device_3,20480
2026-01-01 13:50:49 UTC,view,5027,30007,electronics.device_7,20381
2026-01-01 13:50:50 UTC,view,5188,30008,electronics.device_8,20472
2026-01-01 13:50:56 UTC,view,1023,30003,electronics.device_3,20315
2026-01-01 13:51:01 UTC,view,5167,30007,electronics.device_7,20253
2026-01-01 13:51:07 UTC,view,1018,30008,electronics.device_8,20464
2026-01-01 13:51:17 UTC,view,1007,30007,electronics.device_7,20421
2026-01-01 13:51:24 UTC,cart,1006,30006,electronics.device_6,20292
2026-01-01 13:51:33 UTC,view,5052,30002,electronics.device_2,20100
2026-01-01 13:51:43 UTC,view,5144,30004,electronics.device_4,20290
2026-01-01 13:51:46 UTC,view,1008,30008,electronics.device_8,20382
2026-01-01 13:51:48 UTC,view,1015,30005,electronics.device_5,20292
2026-01-01 13:51:52 UTC,view,5067,30007,electronics.device_7,20141
2026-01-01 13:51:56 UTC,view,5147,30007,electronics.device_7,20497
2026-01-01 13:52:05 UTC,view,5114,30004,electronics.device_4,20287
2026-01-01 13:52:13 UTC,cart,1001,30001,electronics.device_1,20329
2026-01-01 13:52:14 UTC,view,1015,30005,electronics.device_5,20209
2026-01-01 13:52:19 UTC,view,1012,30002,electronics.device_2,20239
2026-01-01 13:52:27 UTC,view,1010,30000,electronics.device_0,20023
2026-01-01 13:52:31 UTC,view,1024,30004,electronics.device_4,20216
2026-01-01 13:52:40 UTC,view,5029,30009,electronics.device_9,20201
2026-01-01 13:52:44 UTC,view,1021,30001,electronics.device_1,20293
2026-01-01 13:52:45 UTC,view,5177,30007,electronics.device_7,20354
2026-01-01 13:52:52 UTC,cart,1013,30003,electronics.device_3,20101
2026-01-01 13:52:55 UTC,view,1018,30008,electronics.device_8,20321
2026-01-01 13:52:57 UTC,view,1014,30004,electronics.device_4,20414
2026-01-01 13:52:58 UTC,view,5103,30003,electronics.device_3,20479
2026-01-01 13:53:04 UTC,view,1003,30003,electronics.device_3,20243
2026-01-01 13:53:08 UTC,view,1024,30004,electronics.device_4,20421
2026-01-01 13:53:14 UTC,view,5066,30006,electronics.device_6,20484
2026-01-01 13:53:16 UTC,view,5197,30007,electronics.device_7,20225
2026-01-01 13:53:18 UTC,view,5120,30000,electronics.device_0,20064
2026-01-01 13:53:20 UTC,cart,1006,30006,electronics.device_6,20194
2026-01-01 13:53:26 UTC,view,5155,30005,electronics.device_5,20066
2026-01-01 13:53:27 UTC,view,5026,30006,electronics.device_6,20313
2026-01-01 13:53:34 UTC,view,1008,30008,electronics.device_8,20029
2026-01-01 13:53:43 UTC,view,1001,30001,electronics.device_1,20196
2026-01-01 13:53:50 UTC,view,1024,30004,electronics.device_4,20211
2026-01-01 13:53:54 UTC,view,5106,30006,electronics.device_6,20320
2026-01-01 13:53:55 UTC,view,5032,30002,electronics.device_2,20408
2026-01-01 13:54:02 UTC,view,5117,30007,electronics.device_7,20174
2026-01-01 13:54:03 UTC,view,5032,30002,electronics.device_2,20301
2026-01-01 13:54:07 UTC,view,1005,30005,electronics.device_5,20305
2026-01-01 13:54:09 UTC,view,5103,30003,electronics.device_3,20100
2026-01-01 13:54:19 UTC,view,1014,30004,electronics.device_4,20132
2026-01-01 13:54:25 UTC,view,5015,30005,electronics.device_5,20318
2026-01-01 13:54:33 UTC,view,1020,30000,electronics.device_0,20409
2026-01-01 13:54:34 UTC,view,1005,30005,electronics.device_5,20300
2026-01-01 13:54:41 UTC,purchase,5062,30002,electronics.device_2,20387
2026-01-01 13:54:47 UTC,view,1009,30009,electronics.device_9,20278
2026-01-01 13:54:50 UTC,view,1000,30000,electronics.device_0,20309
2026-01-01 13:54:56 UTC,view,1024,30004,electronics.device_4,20005
2026-01-01 13:55:05 UTC,view,5100,30000,electronics.device_0,20075
2026-01-01 13:55:06 UTC,view,1021,30001,electronics.device_1,20428
2026-01-01 13:55:15 UTC,view,1002,30002,electronics.device_2,20101
2026-01-01 13:55:19 UTC,cart,5127,30007,electronics.device_7,20403
2026-01-01 13:55:21 UTC,view,1024,30004,electronics.device_4,20244
2026-01-01 13:55:29 UTC,view,5107,30007,electronics.device_7,20437
2026-01-01 13:55:39 UTC,purchase,5089,30009,electronics.device_9,20316
2026-01-01 13:55:44 UTC,view,5014,30004,electronics.device_4,20054
2026-01-01 13:55:52 UTC,view,1021,30001,electronics.device_1,20472
2026-01-01 13:55:53 UTC,view,5127,30007,electronics.device_7,20118
2026-01-01 13:56:01 UTC,view,5119,30009,electronics.device_9,20247
2026-01-01 13:56:07 UTC,view,5178,30008,electronics.device_8,20205
2026-01-01 13:56:10 UTC,view,1003,30003,electronics.device_3,20038
2026-01-01 13:56:16 UTC,view,1015,30005,electronics.device_5,20073
2026-01-01 13:56:21 UTC,view,5025,30005,electronics.device_5,20300
2026-01-01 13:56:27 UTC,purchase,1022,30002,electronics.device_2,20102
2026-01-01 13:56:31 UTC,view,1020,30000,electronics.device_0,20454
2026-01-01 13:56:36 UTC,view,5168,30008,electronics.device_8,20434
2026-01-01 13:56:45 UTC,view,1000,30000,electronics.device_0,20012
2026-01-01 13:56:48 UTC,cart,1009,30009,electronics.device_9,20011
2026-01-01 13:56:51 UTC,view,1019,30009,electronics.device_9,20454
2026-01-01 13:56:53 UTC,cart,1023,30003,electronics.device_3,20157
2026-01-01 13:57:01 UTC,view,1022,30002,electronics.device_2,20191
2026-01-01 13:57:04 UTC,purchase,5069,30009,electronics.device_9,20320
2026-01-01 13:57:11 UTC,view,5164,30004,electronics.device_4,20074
2026-01-01 13:57:14 UTC,view,1022,30002,electronics.device_2,20194
2026-01-01 13:57:20 UTC,view,1012,30002,electronics.device_2,20326
2026-01-01 13:57:24 UTC,view,1023,30003,electronics.device_3,20301
2026-01-01 13:57:28 UTC,view,5074,30004,electronics.device_4,20077
2026-01-01 13:57:34 UTC,view,1001,30001,electronics.device_1,20408
2026-01-01 13:57:39 UTC,cart,1014,30004,electronics.device_4,20496
2026-01-01 13:57:49 UTC,view,5050,30000,electronics.device_0,20042
2026-01-01 13:57:57 UTC,view,5139,30009,electronics.device_9,20086
2026-01-01 13:58:06 UTC,view,1023,30003,electronics.device_3,20331
2026-01-01 13:58:15 UTC,view,1016,30006,electronics.device_6,20238
2026-01-01 13:58:18 UTC,view,1014,30004,electronics.device_4,20270
2026-01-01 13:58:26 UTC,purchase,5166,30006,electronics.device_6,20243
2026-01-01 13:58:31 UTC,view,5097,30007,electronics.device_7,20472
2026-01-01 13:58:41 UTC,view,5132,30002,electronics.device_2,20113
2026-01-01 13:58:45 UTC,cart,5031,30001,electronics.device_1,20203
2026-01-01 13:58:49 UTC,view,1006,30006,electronics.device_6,20194
2026-01-01 13:58:59 UTC,cart,1005,30005,electronics.device_5,20192
2026-01-01 13:59:04 UTC,view,5081,30001,electronics.device_1,20385
2026-01-01 13:59:06 UTC,view,1001,30001,electronics.device_1,20181
2026-01-01 13:59:10 UTC,view,5098,30008,electronics.device_8,20263
2026-01-01 13:59:20 UTC,view,1022,30002,electronics.device_2,20240
2026-01-01 13:59:27 UTC,view,5009,30009,electronics.device_9,20255
2026-01-01 13:59:33 UTC,view,1014,30004,electronics.device_4,20092
2026-01-01 13:59:41 UTC,view,1019,30009,electronics.device_9,20039
2026-01-01 13:59:47 UTC,view,1017,30007,electronics.device_7,20257
2026-01-01 13:59:56 UTC,view,5079,30009,electronics.device_9,20403
2026-01-01 14:00:01 UTC,view,1016,30006,electronics.device_6,20037
2026-01-01 14:00:07 UTC,view,1019,30009,electronics.device_9,20171
2026-01-01 14:00:11 UTC,view,5145,30005,electronics.device_5,20155
2026-01-01 14:00:16 UTC,view,1022,30002,electronics.device_2,20071
2026-01-01 14:00:25 UTC,view,1008,30008,electronics.device_8,20154
2026-01-01 14:00:30 UTC,view,1002,30002,electronics.device_2,20207
2026-01-01 14:00:37 UTC,view,5096,30006,electronics.device_6,20007
2026-01-01 14:00:45 UTC,view,5134,30004,electronics.device_4,20390
2026-01-01 14:00:48 UTC,view,5003,30003,electronics.device_3,20371
2026-01-01 14:00:52 UTC,view,5042,30002,electronics.device_2,20301
2026-01-01 14:01:01 UTC,view,5187,30007,electronics.device_7,20417
2026-01-01 14:01:09 UTC,view,1024,30004,electronics.device_4,20161
2026-01-01 14:01:13 UTC,view,5019,30009,electronics.device_9,20358
2026-01-01 14:01:20 UTC,view,1007,30007,electronics.device_7,20437
2026-01-01 14:01:29 UTC,view,1015,30005,electronics.device_5,20296
2026-01-01 14:01:32 UTC,cart,1006,30006,electronics.device_6,20005
2026-01-01 14:01:40 UTC,view,5137,30007,electronics.device_7,20174
2026-01-01 14:01:44 UTC,view,5014,30004,electronics.device_4,20386
2026-01-01 14:01:51 UTC,view,5190,30000,electronics.device_0,20276
2026-01-01 14:01:56 UTC,view,1016,30006,electronics.device_6,20291
2026-01-01 14:01:57 UTC,view,1021,30001,electronics.device_1,20488
2026-01-01 14:02:03 UTC,view,5090,30000,electronics.device_0,20309
2026-01-01 14:02:13 UTC,cart,5093,30003,electronics.device_3,20196
2026-01-01 14:02:17 UTC,view,5000,30000,electronics.device_0,20198
2026-01-01 14:02:21 UTC,view,5043,30003,electronics.device_3,20292
2026-01-01 14:02:29 UTC,cart,5127,30007,electronics.device_7,20048
2026-01-01 14:02:32 UTC,view,1003,30003,electronics.device_3,20091
2026-01-01 14:02:33 UTC,view,5152,30002,electronics.device_2,20014
2026-01-01 14:02:36 UTC,view,1001,30001,electronics.device_1,20494
2026-01-01 14:02:43 UTC,view,1020,30000,electronics.device_0,20150
2026-01-01 14:02:52 UTC,view,1010,30000,electronics.device_0,20189
2026-01-01 14:03:01 UTC,view,1005,30005,electronics.device_5,20441
2026-01-01 14:03:08 UTC,view,5000,30000,electronics.device_0,20057
2026-01-01 14:03:11 UTC,view,5074,30004,electronics.device_4,20381
2026-01-01 14:03:13 UTC,purchase,1024,30004,electronics.device_4,20444
2026-01-01 14:03:17 UTC,cart,1016,30006,electronics.device_6,20159
2026-01-01 14:03:24 UTC,view,5163,30003,electronics.device_3,20082
2026-01-01 14:03:34 UTC,cart,5094,30004,electronics.device_4,20301
2026-01-01 14:03:38 UTC,view,5057,30007,electronics.device_7,20235
2026-01-01 14:03:43 UTC,view,1003,30003,electronics.device_3,20074
2026-01-01 14:03:51 UTC,view,1007,30007,electronics.device_7,20310
2026-01-01 14:03:55 UTC,view,5069,30009,electronics.device_9,20292
2026-01-01 14:04:03 UTC,view,5035,30005,electronics.device_5,20021
2026-01-01 14:04:05 UTC,view,1022,30002,electronics.device_2,20471
2026-01-01 14:04:13 UTC,view,1002,30002,electronics.device_2,20365
2026-01-01 14:04:18 UTC,view,5000,30000,electronics.device_0,20415
2026-01-01 14:04:21 UTC,view,5012,30002,electronics.device_2,20461
2026-01-01 14:04:31 UTC,view,5175,30005,electronics.device_5,20197
2026-01-01 14:04:34 UTC,view,5157,30007,electronics.device_7,20202
2026-01-01 14:04:35 UTC,cart,1022,30002,electronics.device_2,20081
2026-01-01 14:04:40 UTC,view,5121,30001,electronics.device_1,20342
2026-01-01 14:04:42 UTC,view,5157,30007,electronics.device_7,20462
2026-01-01 14:04:46 UTC,view,5052,30002,electronics.device_2,20391
2026-01-01 14:04:55 UTC,purchase,1012,30002,electronics.device_2,20040
2026-01-01 14:04:57 UTC,view,5058,30008,electronics.device_8,20167
2026-01-01 14:05:04 UTC,view,5030,30000,electronics.device_0,20107
2026-01-01 14:05:13 UTC,view,1022,30002,electronics.device_2,20038
2026-01-01 14:05:21 UTC,view,1020,30000,electronics.device_0,20205
2026-01-01 14:05:25 UTC,view,5003,30003,electronics.device_3,20129
2026-01-01 14:05:27 UTC,cart,5163,30003,electronics.device_3,20168
2026-01-01 14:05:35 UTC,view,5048,30008,electronics.device_8,20043
2026-01-01 14:05:44 UTC,view,5136,30006,electronics.device_6,20487
2026-01-01 14:05:52 UTC,view,1021,30001,electronics.device_1,20143
2026-01-01 14:05:55 UTC,view,1012,30002,electronics.device_2,20311
2026-01-01 14:05:57 UTC,view,1015,30005,electronics.device_5,20274
2026-01-01 14:06:04 UTC,view,1011,30001,electronics.device_1,20391
2026-01-01 14:06:05 UTC,view,5146,30006,electronics.device_6,20226
2026-01-01 14:06:11 UTC,view,1016,30006,electronics.device_6,20018
2026-01-01 14:06:20 UTC,view,1010,30000,electronics.device_0,20025
2026-01-01 14:06:29 UTC,view,5128,30008,electronics.device_8,20338
2026-01-01 14:06:31 UTC,view,1024,30004,electronics.device_4,20228
2026-01-01 14:06:32 UTC,view,5106,30006,electronics.device_6,20396
2026-01-01 14:06:39 UTC,view,5192,30002,electronics.device_2,20128
2026-01-01 14:06:45 UTC,view,1022,30002,electronics.device_2,20009
2026-01-01 14:06:52 UTC,purchase,1014,30004,electronics.device_4,20173
2026-01-01 14:06:56 UTC,view,5148,30008,electronics.device_8,20113
2026-01-01 14:06:58 UTC,view,5140,30000,electronics.device_0,20086
2026-01-01 14:06:59 UTC,view,5012,30002,electronics.device_2,20418
2026-01-01 14:07:05 UTC,view,1015,30005,electronics.device_5,20098
2026-01-01 14:07:15 UTC,cart,1006,30006,electronics.device_6,20203
2026-01-01 14:07:22 UTC,view,1011,30001,electronics.device_1,20055
2026-01-01 14:07:28 UTC,view,1015,30005,electronics.device_5,20206
2026-01-01 14:07:34 UTC,view,1006,30006,electronics.device_6,20235
2026-01-01 14:07:38 UTC,view,1008,30008,electronics.device_8,20143
2026-01-01 14:07:48 UTC,view,1013,30003,electronics.device_3,20454
2026-01-01 14:07:52 UTC,view,5010,30000,electronics.device_0,20307
2026-01-01 14:08:00 UTC,view,1002,30002,electronics.device_2,20406
2026-01-01 14:08:10 UTC,view,1012,30002,electronics.device_2,20049
2026-01-01 14:08:20 UTC,purchase,1016,30006,electronics.device_6,20357
2026-01-01 14:08:27 UTC,cart,5147,30007,electronics.device_7,20395
2026-01-01 14:08:30 UTC,view,1020,30000,electronics.device_0,20390
2026-01-01 14:08:36 UTC,view,5141,30001,electronics.device_1,20172
2026-01-01 14:08:37 UTC,cart,5111,30001,electronics.device_1,20230
2026-01-01 14:08:44 UTC,view,5061,30001,electronics.device_1,20120
2026-01-01 14:08:53 UTC,view,5100,30000,electronics.device_0,20007
2026-01-01 14:08:57 UTC,view,1010,30000,electronics.device_0,20460
2026-01-01 14:08:59 UTC,view,1008,30008,electronics.device_8,20220
2026-01-01 14:09:03 UTC,view,5117,30007,electronics.device_7,20071
2026-01-01 14:09:09 UTC,view,5055,30005,electronics.device_5,20078
2026-01-01 14:09:16 UTC,view,1004,30004,electronics.device_4,20122
2026-01-01 14:09:26 UTC,view,5027,30007,electronics.device_7,20169
2026-01-01 14:09:29 UTC,view,1017,30007,electronics.device_7,20403
2026-01-01 14:09:30 UTC,view,5066,30006,electronics.device_6,20213
2026-01-01 14:09:35 UTC,view,5184,30004,electronics.device_4,20434
2026-01-01 14:09:41 UTC,view,1000,30000,electronics.device_0,20277
2026-01-01 14:09:42 UTC,purchase,5140,30000,electronics.device_0,20411
2026-01-01 14:09:46 UTC,cart,5111,30001,electronics.device_1,20267
2026-01-01 14:09:52 UTC,view,1018,30008,electronics.device_8,20004
2026-01-01 14:09:54 UTC,view,5051,30001,electronics.device_1,20099
2026-01-01 14:09:55 UTC,purchase,5124,30004,electronics.device_4,20481
2026-01-01 14:09:59 UTC,view,1014,30004,electronics.device_4,20304
2026-01-01 14:10:08 UTC,view,1004,30004,electronics.device_4,20041
2026-01-01 14:10:15 UTC,view,5171,30001,electronics.device_1,20085
2026-01-01 14:10:19 UTC,view,1000,30000,electronics.device_0,20311
2026-01-01 14:10:23 UTC,view,1005,30005,electronics.device_5,20230
2026-01-01 14:10:27 UTC,cart,1014,30004,electronics.device_4,20247
2026-01-01 14:10:29 UTC,view,1009,30009,electronics.device_9,20086
2026-01-01 14:10:37 UTC,view,5025,30005,electronics.device_5,20313
2026-01-01 14:10:44 UTC,view,5189,30009,electronics.device_9,20489
2026-01-01 14:10:52 UTC,view,1010,30000,electronics.device_0,20219
2026-01-01 14:10:54 UTC,cart,5188,30008,electronics.device_8,20154
2026-01-01 14:11:04 UTC,view,5075,30005,electronics.device_5,20373
2026-01-01 14:11:07 UTC,view,1006,30006,electronics.device_6,20157
2026-01-01 14:11:15 UTC,view,1020,30000,electronics.device_0,20311
2026-01-01 14:11:23 UTC,view,1011,30001,electronics.device_1,20367
2026-01-01 14:11:31 UTC,view,1000,30000,electronics.device_0,20098
2026-01-01 14:11:32 UTC,cart,1006,30006,electronics.device_6,20374
2026-01-01 14:11:38 UTC,view,5051,30001,electronics.device_1,20213
2026-01-01 14:11:45 UTC,view,5180,30000,electronics.device_0,20251
2026-01-01 14:11:50 UTC,purchase,5128,30008,electronics.device_8,20037
2026-01-01 14:11:57 UTC,purchase,1019,30009,electronics.device_9,20064
2026-01-01 14:12:04 UTC,view,5089,30009,electronics.device_9,20391
2026-01-01 14:12:11 UTC,view,1005,30005,electronics.device_5,20385
2026-01-01 14:12:17 UTC,view,5060,30000,electronics.device_0,20326
2026-01-01 14:12:23 UTC,view,5156,30006,electronics.device_6,20198
2026-01-01 14:12:30 UTC,view,5176,30006,electronics.device_6,20245
2026-01-01 14:12:31 UTC,view,1010,30000,electronics.device_0,20347
2026-01-01 14:12:32 UTC,view,5157,30007,electronics.device_7,20076
2026-01-01 14:12:37 UTC,view,5109,30009,electronics.device_9,20349
2026-01-01 14:12:40 UTC,view,1005,30005,electronics.device_5,20297
2026-01-01 14:12:43 UTC,view,1006,30006,electronics.device_6,20048
2026-01-01 14:12:50 UTC,view,5003,30003,electronics.device_3,20499
2026-01-01 14:12:52 UTC,cart,5065,30005,electronics.device_5,20449
2026-01-01 14:12:59 UTC,view,1009,30009,electronics.device_9,20130
2026-01-01 14:13:04 UTC,purchase,5056,30006,electronics.device_6,20338
2026-01-01 14:13:11 UTC,view,5100,30000,electronics.device_0,20211
2026-01-01 14:13:13 UTC,view,1005,30005,electronics.device_5,20398
2026-01-01 14:13:19 UTC,view,1023,30003,electronics.device_3,20108
2026-01-01 14:13:26 UTC,view,5157,30007,electronics.device_7,20087
2026-01-01 14:13:34 UTC,view,1000,30000,electronics.device_0,20397
2026-01-01 14:13:41 UTC,view,5068,30008,electronics.device_8,20148
2026-01-01 14:13:48 UTC,view,1012,30002,electronics.device_2,20096
2026-01-01 14:13:51 UTC,view,1001,30001,electronics.device_1,20258
2026-01-01 14:13:53 UTC,view,5030,30000,electronics.device_0,20109
2026-01-01 14:13:56 UTC,view,1002,30002,electronics.device_2,20094
2026-01-01 14:14:00 UTC,purchase,1007,30007,electronics.device_7,20447
2026-01-01 14:14:07 UTC,view,5025,30005,electronics.device_5,20320
2026-01-01 14:14:09 UTC,view,5125,30005,electronics.device_5,20151
2026-01-01 14:14:11 UTC,view,1018,30008,electronics.device_8,20033
2026-01-01 14:14:17 UTC,view,1015,30005,electronics.device_5,20245
2026-01-01 14:14:25 UTC,view,5144,30004,electronics.device_4,20005
2026-01-01 14:14:26 UTC,view,1011,30001,electronics.device_1,20004
2026-01-01 14:14:36 UTC,view,1021,30001,electronics.device_1,20268
2026-01-01 14:14:37 UTC,view,1017,30007,electronics.device_7,20493
2026-01-01 14:14:42 UTC,view,5048,30008,electronics.device_8,20173
2026-01-01 14:14:52 UTC,view,5019,30009,electronics.device_9,20350
2026-01-01 14:14:58 UTC,view,1011,30001,electronics.device_1,20482
2026-01-01 14:15:04 UTC,view,5140,30000,electronics.device_0,20313
2026-01-01 14:15:05 UTC,cart,1007,30007,electronics.device_7,20413
2026-01-01 14:15:07 UTC,view,1001,30001,electronics.device_1,20358
2026-01-01 14:15:14 UTC,view,5171,30001,electronics.device_1,20474
2026-01-01 14:15:17 UTC,view,1013,30003,electronics.device_3,20445
2026-01-01 14:15:26 UTC,purchase,1018,30008,electronics.device_8,20385
2026-01-01 14:15:30 UTC,view,1013,30003,electronics.device_3,20352
2026-01-01 14:15:38 UTC,view,5063,30003,electronics.device_3,20097
2026-01-01 14:15:39 UTC,purchase,5126,30006,electronics.device_6,20417
2026-01-01 14:15:45 UTC,view,1008,30008,electronics.device_8,20448
2026-01-01 14:15:46 UTC,view,5176,30006,electronics.device_6,20228
2026-01-01 14:15:50 UTC,view,5110,30000,electronics.device_0,20379
2026-01-01 14:16:00 UTC,view,1016,30006,electronics.device_6,20481
2026-01-01 14:16:08 UTC,cart,5137,30007,electronics.device_7,20464
2026-01-01 14:16:10 UTC,view,5175,30005,electronics.device_5,20311
2026-01-01 14:16:14 UTC,view,5164,30004,electronics.device_4,20267
2026-01-01 14:16:24 UTC,view,5166,30006,electronics.device_6,20066
2026-01-01 14:16:32 UTC,view,1019,30009,electronics.device_9,20345
2026-01-01 14:16:41 UTC,view,5039,30009,electronics.device_9,20229
2026-01-01 14:16:43 UTC,view,5046,30006,electronics.device_6,20124
2026-01-01 14:16:47 UTC,view,1008,30008,electronics.device_8,20484
2026-01-01 14:16:49 UTC,view,1004,30004,electronics.device_4,20367
2026-01-01 14:16:50 UTC,cart,1007,30007,electronics.device_7,20168
2026-01-01 14:16:57 UTC,view,5192,30002,electronics.device_2,20369
2026-01-01 14:17:02 UTC,view,5140,30000,electronics.device_0,20460
2026-01-01 14:17:04 UTC,view,5140,30000,electronics.device_0,20274
2026-01-01 14:17:12 UTC,view,1021,30001,electronics.device_1,20171
2026-01-01 14:17:16 UTC,view,5094,30004,electronics.device_4,20308
2026-01-01 14:17:18 UTC,view,5129,30009,electronics.device_9,20467
2026-01-01 14:17:25 UTC,view,5134,30004,electronics.device_4,20288
2026-01-01 14:17:32 UTC,view,1019,30009,electronics.device_9,20060
2026-01-01 14:17:37 UTC,view,1019,30009,electronics.device_9,20175
2026-01-01 14:17:47 UTC,view,1021,30001,electronics.device_1,20060
2026-01-01 14:17:57 UTC,view,1013,30003,electronics.device_3,20161
2026-01-01 14:18:04 UTC,view,5095,30005,electronics.device_5,20160
2026-01-01 14:18:05 UTC,view,5102,30002,electronics.device_2,20434
2026-01-01 14:18:12 UTC,view,5016,30006,electronics.device_6,20187
2026-01-01 14:18:15 UTC,view,5066,30006,electronics.device_6,20303
2026-01-01 14:18:19 UTC,view,1004,30004,electronics.device_4,20276
2026-01-01 14:18:27 UTC,view,1011,30001,electronics.device_1,20483
2026-01-01 14:18:32 UTC,view,1012,30002,electronics.device_2,20234
2026-01-01 14:18:35 UTC,view,5107,30007,electronics.device_7,20383
2026-01-01 14:18:36 UTC,view,5106,30006,electronics.device_6,20258
2026-01-01 14:18:38 UTC,purchase,1015,30005,electronics.device_5,20362
2026-01-01 14:18:48 UTC,view,5044,30004,electronics.device_4,20111
2026-01-01 14:18:56 UTC,view,1024,30004,electronics.device_4,20193
2026-01-01 14:18:57 UTC,view,1020,30000,electronics.device_0,20367
2026-01-01 14:19:01 UTC,cart,5175,30005,electronics.device_5,20116
2026-01-01 14:19:02 UTC,view,5197,30007,electronics.device_7,20250
2026-01-01 14:19:09 UTC,purchase,1003,30003,electronics.device_3,20338
2026-01-01 14:19:12 UTC,view,1011,30001,electronics.device_1,20173
2026-01-01 14:19:19 UTC,view,5147,30007,electronics.device_7,20179
2026-01-01 14:19:26 UTC,view,5000,30000,electronics.device_0,20373
2026-01-01 14:19:31 UTC,view,1019,30009,electronics.device_9,20100
2026-01-01 14:19:40 UTC,view,5001,30001,electronics.device_1,20166
2026-01-01 14:19:50 UTC,view,1002,30002,electronics.device_2,20364
2026-01-01 14:19:55 UTC,view,5034,30004,electronics.device_4,20296
2026-01-01 14:19:58 UTC,view,5026,30006,electronics.device_6,20150
2026-01-01 14:20:01 UTC,view,1007,30007,electronics.device_7,20384
2026-01-01 14:20:05 UTC,view,5176,30006,electronics.device_6,20186
2026-01-01 14:20:15 UTC,view,1002,30002,electronics.device_2,20440
2026-01-01 14:20:18 UTC,purchase,1017,30007,electronics.device_7,20219
2026-01-01 14:20:21 UTC,view,1003,30003,electronics.device_3,20499
2026-01-01 14:20:29 UTC,cart,1016,30006,electronics.device_6,20061
2026-01-01 14:20:38 UTC,view,5132,30002,electronics.device_2,20223
2026-01-01 14:20:41 UTC,view,5121,30001,electronics.device_1,20126
2026-01-01 14:20:42 UTC,view,1010,30000,electronics.device_0,20251
2026-01-01 14:20:47 UTC,view,5152,30002,electronics.device_2,20089
2026-01-01 14:20:54 UTC,view,5197,30007,electronics.device_7,20408
2026-01-01 14:20:56 UTC,view,5198,30008,electronics.device_8,20419
2026-01-01 14:21:03 UTC,view,1015,30005,electronics.device_5,20228
2026-01-01 14:21:09 UTC,view,1005,30005,electronics.device_5,20043
2026-01-01 14:21:11 UTC,view,5050,30000,electronics.device_0,20466
2026-01-01 14:21:20 UTC,view,1015,30005,electronics.device_5,20294
2026-01-01 14:21:30 UTC,view,5045,30005,electronics.device_5,20382
2026-01-01 14:21:32 UTC,view,5103,30003,electronics.device_3,20248
2026-01-01 14:21:39 UTC,view,1002,30002,electronics.device_2,20051
2026-01-01 14:21:45 UTC,view,1007,30007,electronics.device_7,20442
2026-01-01 14:21:54 UTC,view,1019,30009,electronics.device_9,20359
2026-01-01 14:21:55 UTC,view,5001,30001,electronics.device_1,20275
2026-01-01 14:22:04 UTC,view,5050,30000,electronics.device_0,20429
2026-01-01 14:22:14 UTC,view,5075,30005,electronics.device_5,20405
2026-01-01 14:22:16 UTC,view,5185,30005,electronics.device_5,20495
2026-01-01 14:22:18 UTC,cart,1017,30007,electronics.device_7,20356
2026-01-01 14:22:21 UTC,view,1002,30002,electronics.device_2,20410
2026-01-01 14:22:27 UTC,view,1012,30002,electronics.device_2,20295
2026-01-01 14:22:31 UTC,view,5134,30004,electronics.device_4,20288
2026-01-01 14:22:36 UTC,view,5185,30005,electronics.device_5,20064
2026-01-01 14:22:45 UTC,view,1002,30002,electronics.device_2,20279
2026-01-01 14:22:48 UTC,purchase,5016,30006,electronics.device_6,20337
2026-01-01 14:22:49 UTC,view,1002,30002,electronics.device_2,20485
2026-01-01 14:22:58 UTC,view,1000,30000,electronics.device_0,20228
2026-01-01 14:23:01 UTC,view,5095,30005,electronics.device_5,20161
2026-01-01 14:23:10 UTC,view,1005,30005,electronics.device_5,20262
2026-01-01 14:23:14 UTC,view,5152,30002,electronics.device_2,20420
2026-01-01 14:23:15 UTC,view,1021,30001,electronics.device_1,20073
2026-01-01 14:23:20 UTC,purchase,1010,30000,electronics.device_0,20309
2026-01-01 14:23:29 UTC,view,1010,30000,electronics.device_0,20143
2026-01-01 14:23:32 UTC,view,5173,30003,electronics.device_3,20039
2026-01-01 14:23:41 UTC,view,1005,30005,electronics.device_5,20333
2026-01-01 14:23:44 UTC,view,5004,30004,electronics.device_4,20484
2026-01-01 14:23:49 UTC,view,5146,30006,electronics.device_6,20356
2026-01-01 14:23:52 UTC,view,5074,30004,electronics.device_4,20323
2026-01-01 14:23:57 UTC,view,5124,30004,electronics.device_4,20099
2026-01-01 14:24:03 UTC,view,5088,30008,electronics.device_8,20421
2026-01-01 14:24:12 UTC,view,5109,30009,electronics.device_9,20421
2026-01-01 14:24:15 UTC,purchase,1011,30001,electronics.device_1,20223
2026-01-01 14:24:22 UTC,purchase,1013,30003,electronics.device_3,20127
2026-01-01 14:24:24 UTC,view,1013,30003,electronics.device_3,20057
2026-01-01 14:24:33 UTC,view,5008,30008,electronics.device_8,20328
2026-01-01 14:24:35 UTC,cart,1010,30000,electronics.device_0,20399
2026-01-01 14:24:40 UTC,cart,1024,30004,electronics.device_4,20116
2026-01-01 14:24:45 UTC,view,1005,30005,electronics.device_5,20497
2026-01-01 14:24:49 UTC,purchase,1018,30008,electronics.device_8,20401
2026-01-01 14:24:51 UTC,view,1014,30004,electronics.device_4,20449
2026-01-01 14:24:56 UTC,view,5101,30001,electronics.device_1,20251
2026-01-01 14:24:58 UTC,view,5070,30000,electronics.device_0,20293
2026-01-01 14:25:03 UTC,view,5082,30002,electronics.device_2,20051
2026-01-01 14:25:04 UTC,view,1012,30002,electronics.device_2,20385
2026-01-01 14:25:11 UTC,view,1017,30007,electronics.device_7,20380
2026-01-01 14:25:20 UTC,view,5082,30002,electronics.device_2,20436
2026-01-01 14:25:27 UTC,view,5044,30004,electronics.device_4,20133
2026-01-01 14:25:28 UTC,view,5151,30001,electronics.device_1,20080
2026-01-01 14:25:31 UTC,view,1023,30003,electronics.device_3,20377
2026-01-01 14:25:36 UTC,cart,1002,30002,electronics.device_2,20328
2026-01-01 14:25:42 UTC,view,5162,30002,electronics.device_2,20348
2026-01-01 14:25:52 UTC,view,5014,30004,electronics.device_4,20094
2026-01-01 14:26:00 UTC,view,1006,30006,electronics.device_6,20258
2026-01-01 14:26:05 UTC,purchase,1016,30006,electronics.device_6,20267
2026-01-01 14:26:09 UTC,view,1006,30006,electronics.device_6,20045
2026-01-01 14:26:14 UTC,view,5008,30008,electronics.device_8,20433
2026-01-01 14:26:16 UTC,view,5124,30004,electronics.device_4,20374
2026-01-01 14:26:20 UTC,view,1022,30002,electronics.device_2,20030
2026-01-01 14:26:22 UTC,view,5180,30000,electronics.device_0,20476
2026-01-01 14:26:30 UTC,purchase,1005,30005,electronics.device_5,20218
2026-01-01 14:26:39 UTC,view,5174,30004,electronics.device_4,20255
2026-01-01 14:26:48 UTC,purchase,5150,30000,electronics.device_0,20455
2026-01-01 14:26:57 UTC,view,5157,30007,electronics.device_7,20008
2026-01-01 14:27:07 UTC,cart,1022,30002,electronics.device_2,20382
2026-01-01 14:27:08 UTC,view,5165,30005,electronics.device_5,20274
2026-01-01 14:27:14 UTC,purchase,1000,30000,electronics.device_0,20339
2026-01-01 14:27:23 UTC,view,5150,30000,electronics.device_0,20311
2026-01-01 14:27:31 UTC,view,1011,30001,electronics.device_1,20452
2026-01-01 14:27:40 UTC,view,1015,30005,electronics.device_5,20188
2026-01-01 14:27:43 UTC,view,5063,30003,electronics.device_3,20027
2026-01-01 14:27:50 UTC,view,5053,30003,electronics.device_3,20192
2026-01-01 14:27:52 UTC,cart,1023,30003,electronics.device_3,20128
2026-01-01 14:28:01 UTC,cart,5192,30002,electronics.device_2,20149
2026-01-01 14:28:06 UTC,view,5047,30007,electronics.device_7,20110
2026-01-01 14:28:07 UTC,view,5177,30007,electronics.device_7,20202
2026-01-01 14:28:11 UTC,cart,1006,30006,electronics.device_6,20492
2026-01-01 14:28:20 UTC,cart,1018,30008,electronics.device_8,20457
2026-01-01 14:28:30 UTC,view,5049,30009,electronics.device_9,20004
2026-01-01 14:28:40 UTC,view,5035,30005,electronics.device_5,20182
2026-01-01 14:28:42 UTC,view,1002,30002,electronics.device_2,20370
2026-01-01 14:28:45 UTC,view,5005,30005,electronics.device_5,20052
2026-01-01 14:28:52 UTC,view,5051,30001,electronics.device_1,20271
2026-01-01 14:29:01 UTC,view,1003,30003,electronics.device_3,20468
2026-01-01 14:29:09 UTC,view,1003,30003,electronics.device_3,20337
2026-01-01 14:29:14 UTC,view,1015,30005,electronics.device_5,20192
2026-01-01 14:29:19 UTC,view,1011,30001,electronics.device_1,20094
2026-01-01 14:29:28 UTC,view,1012,30002,electronics.device_2,20225
2026-01-01 14:29:36 UTC,view,1007,30007,electronics.device_7,20383
2026-01-01 14:29:43 UTC,view,1002,30002,electronics.device_2,20446
2026-01-01 14:29:47 UTC,view,1006,30006,electronics.device_6,20021
2026-01-01 14:29:50 UTC,view,5002,30002,electronics.device_2,20170
2026-01-01 14:29:51 UTC,view,1007,30007,electronics.device_7,20486
2026-01-01 14:29:59 UTC,purchase,5140,30000,electronics.device_0,20061
2026-01-01 14:30:06 UTC,view,5050,30000,electronics.device_0,20410
2026-01-01 14:30:09 UTC,view,1016,30006,electronics.device_6,20400
2026-01-01 14:30:16 UTC,view,5056,30006,electronics.device_6,20380
2026-01-01 14:30:23 UTC,view,1017,30007,electronics.device_7,20056
2026-01-01 14:30:24 UTC,view,1014,30004,electronics.device_4,20257
2026-01-01 14:30:25 UTC,view,5192,30002,electronics.device_2,20027
2026-01-01 14:30:31 UTC,purchase,5019,30009,electronics.device_9,20378
2026-01-01 14:30:32 UTC,view,5022,30002,electronics.device_2,20145
2026-01-01 14:30:40 UTC,view,1017,30007,electronics.device_7,20127
2026-01-01 14:30:50 UTC,view,1003,30003,electronics.device_3,20096
2026-01-01 14:30:54 UTC,view,1018,30008,electronics.device_8,20443
2026-01-01 14:30:59 UTC,view,5158,30008,electronics.device_8,20421
2026-01-01 14:31:06 UTC,view,1001,30001,electronics.device_1,20401
2026-01-01 14:31:08 UTC,view,5158,30008,electronics.device_8,20313
2026-01-01 14:31:11 UTC,purchase,1021,30001,electronics.device_1,20303
2026-01-01 14:31:14 UTC,view,1017,30007,electronics.device_7,20206
2026-01-01 14:31:15 UTC,purchase,1015,30005,electronics.device_5,20476
2026-01-01 14:31:18 UTC,view,5018,30008,electronics.device_8,20103
2026-01-01 14:31:20 UTC,view,1001,30001,electronics.device_1,20269
2026-01-01 14:31:25 UTC,view,5158,30008,electronics.device_8,20119
2026-01-01 14:31:29 UTC,view,1022,30002,electronics.device_2,20032
2026-01-01 14:31:38 UTC,view,5018,30008,electronics.device_8,20156
2026-01-01 14:31:40 UTC,view,1012,30002,electronics.device_2,20483
2026-01-01 14:31:46 UTC,view,5164,30004,electronics.device_4,20164
2026-01-01 14:31:47 UTC,view,1018,30008,electronics.device_8,20027
2026-01-01 14:31:53 UTC,view,1008,30008,electronics.device_8,20144
2026-01-01 14:32:03 UTC,view,1001,30001,electronics.device_1,20130
2026-01-01 14:32:11 UTC,view,1011,30001,electronics.device_1,20058
2026-01-01 14:32:13 UTC,view,5142,30002,electronics.device_2,20283
2026-01-01 14:32:16 UTC,view,1019,30009,electronics.device_9,20415
2026-01-01 14:32:22 UTC,view,5180,30000,electronics.device_0,20271
2026-01-01 14:32:32 UTC,view,1015,30005,electronics.device_5,20142
2026-01-01 14:32:36 UTC,view,5099,30009,electronics.device_9,20455
2026-01-01 14:32:38 UTC,view,1016,30006,electronics.device_6,20309
2026-01-01 14:32:40 UTC,view,1021,30001,electronics.device_1,20468
2026-01-01 14:32:44 UTC,view,1023,30003,electronics.device_3,20474
2026-01-01 14:32:46 UTC,cart,1013,30003,electronics.device_3,20317
2026-01-01 14:32:52 UTC,view,1004,30004,electronics.device_4,20390
2026-01-01 14:32:56 UTC,view,5073,30003,electronics.device_3,20023
2026-01-01 14:32:59 UTC,view,1023,30003,electronics.device_3,20365
2026-01-01 14:33:04 UTC,cart,5188,30008,electronics.device_8,20465
2026-01-01 14:33:13 UTC,cart,1002,30002,electronics.device_2,20230
2026-01-01 14:33:15 UTC,view,5023,30003,electronics.device_3,20215
2026-01-01 14:33:24 UTC,view,5057,30007,electronics.device_7,20086
2026-01-01 14:33:34 UTC,view,1015,30005,electronics.device_5,20067
2026-01-01 14:33:39 UTC,purchase,1023,30003,electronics.device_3,20032
2026-01-01 14:33:43 UTC,view,5179,30009,electronics.device_9,20254
2026-01-01 14:33:52 UTC,purchase,5062,30002,electronics.device_2,20085
2026-01-01 14:34:00 UTC,view,5184,30004,electronics.device_4,20288
2026-01-01 14:34:07 UTC,view,5005,30005,electronics.device_5,20106
2026-01-01 14:34:10 UTC,view,1001,30001,electronics.device_1,20112
2026-01-01 14:34:20 UTC,view,5156,30006,electronics.device_6,20476
2026-01-01 14:34:29 UTC,view,5033,30003,electronics.device_3,20369
2026-01-01 14:34:38 UTC,view,1007,30007,electronics.device_7,20113
2026-01-01 14:34:43 UTC,view,5162,30002,electronics.device_2,20061
2026-01-01 14:34:46 UTC,view,1014,30004,electronics.device_4,20122
2026-01-01 14:34:51 UTC,view,1020,30000,electronics.device_0,20483
2026-01-01 14:34:56 UTC,view,1018,30008,electronics.device_8,20405
2026-01-01 14:34:57 UTC,purchase,5128,30008,electronics.device_8,20422
2026-01-01 14:35:01 UTC,view,5073,30003,electronics.device_3,20333
2026-01-01 14:35:07 UTC,view,5123,30003,electronics.device_3,20189
2026-01-01 14:35:13 UTC,cart,1017,30007,electronics.device_7,20453
2026-01-01 14:35:22 UTC,view,1010,30000,electronics.device_0,20210
2026-01-01 14:35:32 UTC,view,1000,30000,electronics.device_0,20030
2026-01-01 14:35:33 UTC,view,1007,30007,electronics.device_7,20495
2026-01-01 14:35:38 UTC,view,1015,30005,electronics.device_5,20009
2026-01-01 14:35:47 UTC,purchase,5136,30006,electronics.device_6,20399
2026-01-01 14:35:57 UTC,view,1004,30004,electronics.device_4,20353
2026-01-01 14:36:04 UTC,view,5134,30004,electronics.device_4,20321
2026-01-01 14:36:14 UTC,view,5082,30002,electronics.device_2,20227
2026-01-01 14:36:18 UTC,view,1016,30006,electronics.device_6,20298
2026-01-01 14:36:25 UTC,view,1004,30004,electronics.device_4,20374
2026-01-01 14:36:32 UTC,view,1013,30003,electronics.device_3,20246
2026-01-01 14:36:34 UTC,view,5053,30003,electronics.device_3,20095
2026-01-01 14:36:37 UTC,view,1021,30001,electronics.device_1,20483
2026-01-01 14:36:40 UTC,view,5131,30001,electronics.device_1,20159
2026-01-01 14:36:43 UTC,view,1015,30005,electronics.device_5,20352
2026-01-01 14:36:53 UTC,view,1021,30001,electronics.device_1,20037
2026-01-01 14:37:00 UTC,view,1000,30000,electronics.device_0,20331
2026-01-01 14:37:07 UTC,view,1001,30001,electronics.device_1,20071
2026-01-01 14:37:08 UTC,view,5108,30008,electronics.device_8,20197
2026-01-01 14:37:09 UTC,view,1006,30006,electronics.device_6,20391
2026-01-01 14:37:10 UTC,view,1017,30007,electronics.device_7,20043
2026-01-01 14:37:15 UTC,cart,1023,30003,electronics.device_3,20308
2026-01-01 14:37:16 UTC,purchase,1004,30004,electronics.device_4,20055
2026-01-01 14:37:25 UTC,view,5176,30006,electronics.device_6,20437
2026-01-01 14:37:27 UTC,view,1003,30003,electronics.device_3,20389
2026-01-01 14:37:37 UTC,view,5027,30007,electronics.device_7,20158
2026-01-01 14:37:43 UTC,view,5045,30005,electronics.device_5,20029
2026-01-01 14:37:52 UTC,view,5154,30004,electronics.device_4,20279
2026-01-01 14:37:54 UTC,view,1010,30000,electronics.device_0,20053
2026-01-01 14:38:03 UTC,view,1001,30001,electronics.device_1,20454
2026-01-01 14:38:10 UTC,view,1022,30002,electronics.device_2,20115
2026-01-01 14:38:11 UTC,view,1016,30006,electronics.device_6,20076
2026-01-01 14:38:17 UTC,view,5135,30005,electronics.device_5,20472
2026-01-01 14:38:24 UTC,cart,5151,30001,electronics.device_1,20422
2026-01-01 14:38:26 UTC,view,5051,30001,electronics.device_1,20057
2026-01-01 14:38:30 UTC,purchase,1002,30002,electronics.device_2,20145
2026-01-01 14:38:36 UTC,view,1014,30004,electronics.device_4,20061
2026-01-01 14:38:42 UTC,cart,1018,30008,electronics.device_8,20310
2026-01-01 14:38:45 UTC,view,1016,30006,electronics.device_6,20172
2026-01-01 14:38:55 UTC,view,1017,30007,electronics.device_7,20077
2026-01-01 14:39:00 UTC,view,5119,30009,electronics.device_9,20179
2026-01-01 14:39:02 UTC,cart,1013,30003,electronics.device_3,20339
2026-01-01 14:39:08 UTC,view,1010,30000,electronics.device_0,20365
2026-01-01 14:39:10 UTC,cart,1001,30001,electronics.device_1,20077
2026-01-01 14:39:13 UTC,view,1013,30003,electronics.device_3,20229
2026-01-01 14:39:21 UTC,view,1009,30009,electronics.device_9,20219
2026-01-01 14:39:26 UTC,view,1024,30004,electronics.device_4,20066
2026-01-01 14:39:29 UTC,view,5192,30002,electronics.device_2,20164
2026-01-01 14:39:37 UTC,view,5017,30007,electronics.device_7,20499
2026-01-01 14:39:44 UTC,view,5108,30008,electronics.device_8,20171
2026-01-01 14:39:47 UTC,cart,5134,30004,electronics.device_4,20197
2026-01-01 14:39:54 UTC,view,5081,30001,electronics.device_1,20274
2026-01-01 14:40:02 UTC,view,5072,30002,electronics.device_2,20118
2026-01-01 14:40:09 UTC,view,1017,30007,electronics.device_7,20216
2026-01-01 14:40:18 UTC,view,5095,30005,electronics.device_5,20416
2026-01-01 14:40:22 UTC,view,5159,30009,electronics.device_9,20186
2026-01-01 14:40:23 UTC,purchase,1004,30004,electronics.device_4,20009
2026-01-01 14:40:29 UTC,view,5085,30005,electronics.device_5,20069
2026-01-01 14:40:31 UTC,cart,1005,30005,electronics.device_5,20185
2026-01-01 14:40:34 UTC,view,1000,30000,electronics.device_0,20428
2026-01-01 14:40:43 UTC,view,5015,30005,electronics.device_5,20424
2026-01-01 14:40:47 UTC,view,1003,30003,electronics.device_3,20061
2026-01-01 14:40:50 UTC,view,1018,30008,electronics.device_8,20357
2026-01-01 14:40:57 UTC,view,1015,30005,electronics.device_5,20055
2026-01-01 14:41:07 UTC,view,1012,30002,electronics.device_2,20305
2026-01-01 14:41:10 UTC,view,1015,30005,electronics.device_5,20073
2026-01-01 14:41:12 UTC,view,1000,30000,electronics.device_0,20292
2026-01-01 14:41:19 UTC,view,1001,30001,electronics.device_1,20241
2026-01-01 14:41:22 UTC,view,5183,30003,electronics.device_3,20486
2026-01-01 14:41:27 UTC,view,5040,30000,electronics.device_0,20173
2026-01-01 14:41:35 UTC,view,5130,30000,electronics.device_0,20147
2026-01-01 14:41:37 UTC,view,1004,30004,electronics.device_4,20329
2026-01-01 14:41:38 UTC,view,5109,30009,electronics.device_9,20258
2026-01-01 14:41:41 UTC,view,1005,30005,electronics.device_5,20217
2026-01-01 14:41:49 UTC,view,5083,30003,electronics.device_3,20133
2026-01-01 14:41:59 UTC,view,5056,30006,electronics.device_6,20117
2026-01-01 14:42:06 UTC,view,1005,30005,electronics.device_5,20048
2026-01-01 14:42:15 UTC,purchase,1018,30008,electronics.device_8,20065
2026-01-01 14:42:19 UTC,view,5005,30005,electronics.device_5,20113
2026-01-01 14:42:26 UTC,view,1019,30009,electronics.device_9,20500
2026-01-01 14:42:35 UTC,view,5109,30009,electronics.device_9,20419
2026-01-01 14:42:43 UTC,view,5044,30004,electronics.device_4,20329
2026-01-01 14:42:50 UTC,view,1019,30009,electronics.device_9,20412
2026-01-01 14:42:56 UTC,view,5131,30001,electronics.device_1,20139
2026-01-01 14:42:58 UTC,view,1003,30003,electronics.device_3,20309
2026-01-01 14:43:04 UTC,view,1014,30004,electronics.device_4,20084
2026-01-01 14:43:13 UTC,view,1004,30004,electronics.device_4,20306
2026-01-01 14:43:14 UTC,cart,5187,30007,electronics.device_7,20097
2026-01-01 14:43:23 UTC,view,1003,30003,electronics.device_3,20017
2026-01-01 14:43:27 UTC,view,1012,30002,electronics.device_2,20292
2026-01-01 14:43:37 UTC,view,1022,30002,electronics.device_2,20405
2026-01-01 14:43:45 UTC,view,1023,30003,electronics.device_3,20048
2026-01-01 14:43:50 UTC,purchase,1004,30004,electronics.device_4,20385
2026-01-01 14:43:55 UTC,view,5003,30003,electronics.device_3,20162
2026-01-01 14:44:02 UTC,view,5171,30001,electronics.device_1,20067
2026-01-01 14:44:04 UTC,view,1019,30009,electronics.device_9,20380
2026-01-01 14:44:13 UTC,view,1001,30001,electronics.device_1,20397
2026-01-01 14:44:16 UTC,view,1012,30002,electronics.device_2,20196
2026-01-01 14:44:24 UTC,cart,5100,30000,electronics.device_0,20020
2026-01-01 14:44:29 UTC,view,1007,30007,electronics.device_7,20238
2026-01-01 14:44:31 UTC,view,5120,30000,electronics.device_0,20368
2026-01-01 14:44:35 UTC,view,1010,30000,electronics.device_0,20335
2026-01-01 14:44:38 UTC,view,5193,30003,electronics.device_3,20494
2026-01-01 14:44:47 UTC,purchase,5064,30004,electronics.device_4,20312
2026-01-01 14:44:56 UTC,view,5193,30003,electronics.device_3,20403
2026-01-01 14:44:59 UTC,view,1023,30003,electronics.device_3,20320
2026-01-01 14:45:06 UTC,cart,1020,30000,electronics.device_0,20397
2026-01-01 14:45:13 UTC,view,1022,30002,electronics.device_2,20313
2026-01-01 14:45:23 UTC,purchase,1013,30003,electronics.device_3,20291
2026-01-01 14:45:31 UTC,view,1024,30004,electronics.device_4,20074
2026-01-01 14:45:36 UTC,cart,5080,30000,electronics.device_0,20409
2026-01-01 14:45:38 UTC,view,5055,30005,electronics.device_5,20161
2026-01-01 14:45:41 UTC,view,1001,30001,electronics.device_1,20144
2026-01-01 14:45:51 UTC,view,1011,30001,electronics.device_1,20037
2026-01-01 14:45:54 UTC,view,5163,30003,electronics.device_3,20133
2026-01-01 14:46:02 UTC,view,1006,30006,electronics.device_6,20227
2026-01-01 14:46:05 UTC,purchase,1013,30003,electronics.device_3,20250
2026-01-01 14:46:06 UTC,cart,1011,30001,electronics.device_1,20206
2026-01-01 14:46:13 UTC,cart,5117,30007,electronics.device_7,20067
2026-01-01 14:46:21 UTC,view,1012,30002,electronics.device_2,20320
2026-01-01 14:46:27 UTC,view,1016,30006,electronics.device_6,20212
2026-01-01 14:46:36 UTC,view,5030,30000,electronics.device_0,20449
2026-01-01 14:46:37 UTC,purchase,5117,30007,electronics.device_7,20030
2026-01-01 14:46:41 UTC,view,5158,30008,electronics.device_8,20005
2026-01-01 14:46:44 UTC,view,1003,30003,electronics.device_3,20082
2026-01-01 14:46:54 UTC,cart,5004,30004,electronics.device_4,20115
2026-01-01 14:47:01 UTC,view,5036,30006,electronics.device_6,20179
2026-01-01 14:47:09 UTC,view,5039,30009,electronics.device_9,20461
2026-01-01 14:47:17 UTC,view,1005,30005,electronics.device_5,20375
2026-01-01 14:47:19 UTC,view,5003,30003,electronics.device_3,20103
2026-01-01 14:47:26 UTC,view,1018,30008,electronics.device_8,20176
2026-01-01 14:47:36 UTC,view,5048,30008,electronics.device_8,20380
2026-01-01 14:47:44 UTC,view,1008,30008,electronics.device_8,20020
2026-01-01 14:47:53 UTC,cart,1004,30004,electronics.device_4,20075
2026-01-01 14:47:57 UTC,view,1013,30003,electronics.device_3,20308
2026-01-01 14:48:04 UTC,cart,1006,30006,electronics.device_6,20186
2026-01-01 14:48:11 UTC,view,5042,30002,electronics.device_2,20109
2026-01-01 14:48:12 UTC,view,5188,30008,electronics.device_8,20139
2026-01-01 14:48:17 UTC,view,5125,30005,electronics.device_5,20073
2026-01-01 14:48:19 UTC,view,1015,30005,electronics.device_5,20153
2026-01-01 14:48:27 UTC,view,5014,30004,electronics.device_4,20343
2026-01-01 14:48:32 UTC,view,1019,30009,electronics.device_9,20048
2026-01-01 14:48:39 UTC,purchase,1000,30000,electronics.device_0,20153
2026-01-01 14:48:42 UTC,view,1001,30001,electronics.device_1,20215
2026-01-01 14:48:50 UTC,view,5043,30003,electronics.device_3,20402
2026-01-01 14:48:53 UTC,view,5156,30006,electronics.device_6,20468
2026-01-01 14:49:03 UTC,view,1024,30004,electronics.device_4,20288
2026-01-01 14:49:13 UTC,view,1001,30001,electronics.device_1,20342
2026-01-01 14:49:23 UTC,view,5115,30005,electronics.device_5,20341
2026-01-01 14:49:29 UTC,view,1007,30007,electronics.device_7,20235
2026-01-01 14:49:32 UTC,cart,5055,30005,electronics.device_5,20059
2026-01-01 14:49:39 UTC,view,1009,30009,electronics.device_9,20002
2026-01-01 14:49:47 UTC,view,1014,30004,electronics.device_4,20328
2026-01-01 14:49:57 UTC,view,1024,30004,electronics.device_4,20382
2026-01-01 14:50:01 UTC,view,5015,30005,electronics.device_5,20397
2026-01-01 14:50:04 UTC,view,5107,30007,electronics.device_7,20179
2026-01-01 14:50:08 UTC,purchase,1022,30002,electronics.device_2,20296
2026-01-01 14:50:09 UTC,view,1014,30004,electronics.device_4,20009
2026-01-01 14:50:14 UTC,view,1007,30007,electronics.device_7,20445
2026-01-01 14:50:16 UTC,view,5158,30008,electronics.device_8,20234
2026-01-01 14:50:23 UTC,view,5010,30000,electronics.device_0,20425
2026-01-01 14:50:32 UTC,view,5018,30008,electronics.device_8,20392
2026-01-01 14:50:38 UTC,cart,1008,30008,electronics.device_8,20235
2026-01-01 14:50:45 UTC,view,1016,30006,electronics.device_6,20305
2026-01-01 14:50:48 UTC,view,5077,30007,electronics.device_7,20146
2026-01-01 14:50:55 UTC,view,5124,30004,electronics.device_4,20318
2026-01-01 14:50:57 UTC,view,1019,30009,electronics.device_9,20054
2026-01-01 14:50:59 UTC,view,5132,30002,electronics.device_2,20478
2026-01-01 14:51:06 UTC,view,1003,30003,electronics.device_3,20385
2026-01-01 14:51:16 UTC,view,5078,30008,electronics.device_8,20228
2026-01-01 14:51:25 UTC,view,5097,30007,electronics.device_7,20342
2026-01-01 14:51:30 UTC,view,5015,30005,electronics.device_5,20398
2026-01-01 14:51:38 UTC,view,5082,30002,electronics.device_2,20101
2026-01-01 14:51:46 UTC,view,1013,30003,electronics.device_3,20407
2026-01-01 14:51:54 UTC,cart,5011,30001,electronics.device_1,20331
2026-01-01 14:52:01 UTC,cart,1003,30003,electronics.device_3,20401
2026-01-01 14:52:05 UTC,view,5059,30009,electronics.device_9,20451
2026-01-01 14:52:10 UTC,view,1007,30007,electronics.device_7,20408
2026-01-01 14:52:17 UTC,view,5144,30004,electronics.device_4,20461
2026-01-01 14:52:24 UTC,view,1016,30006,electronics.device_6,20079
2026-01-01 14:52:30 UTC,view,5065,30005,electronics.device_5,20308
2026-01-01 14:52:36 UTC,view,1021,30001,electronics.device_1,20293
2026-01-01 14:52:43 UTC,view,1023,30003,electronics.device_3,20201
2026-01-01 14:52:47 UTC,view,5115,30005,electronics.device_5,20425
2026-01-01 14:52:48 UTC,view,5095,30005,electronics.device_5,20481
2026-01-01 14:52:55 UTC,view,5172,30002,electronics.device_2,20463
2026-01-01 14:53:01 UTC,view,5064,30004,electronics.device_4,20119
2026-01-01 14:53:03 UTC,view,5163,30003,electronics.device_3,20259
2026-01-01 14:53:05 UTC,view,5123,30003,electronics.device_3,20201
2026-01-01 14:53:10 UTC,view,5083,30003,electronics.device_3,20166
2026-01-01 14:53:14 UTC,view,1022,30002,electronics.device_2,20224
2026-01-01 14:53:15 UTC,view,5121,30001,electronics.device_1,20079
2026-01-01 14:53:16 UTC,view,5116,30006,electronics.device_6,20472
2026-01-01 14:53:18 UTC,view,5092,30002,electronics.device_2,20381
2026-01-01 14:53:21 UTC,view,5032,30002,electronics.device_2,20399
2026-01-01 14:53:27 UTC,view,1020,30000,electronics.device_0,20460
2026-01-01 14:53:31 UTC,view,1002,30002,electronics.device_2,20431
2026-01-01 14:53:35 UTC,view,5171,30001,electronics.device_1,20403
2026-01-01 14:53:42 UTC,view,5194,30004,electronics.device_4,20027
2026-01-01 14:53:47 UTC,cart,1017,30007,electronics.device_7,20322
2026-01-01 14:53:48 UTC,purchase,5126,30006,electronics.device_6,20444
2026-01-01 14:53:50 UTC,view,1006,30006,electronics.device_6,20306
2026-01-01 14:53:52 UTC,view,1004,30004,electronics.device_4,20135
2026-01-01 14:53:55 UTC,view,1022,30002,electronics.device_2,20433
2026-01-01 14:54:01 UTC,view,1006,30006,electronics.device_6,20252
2026-01-01 14:54:02 UTC,view,5011,30001,electronics.device_1,20492
2026-01-01 14:54:04 UTC,view,1007,30007,electronics.device_7,20193
2026-01-01 14:54:10 UTC,cart,5124,30004,electronics.device_4,20414
2026-01-01 14:54:13 UTC,view,1017,30007,electronics.device_7,20463
2026-01-01 14:54:16 UTC,view,5137,30007,electronics.device_7,20311
2026-01-01 14:54:17 UTC,purchase,1010,30000,electronics.device_0,20178
2026-01-01 14:54:25 UTC,view,5114,30004,electronics.device_4,20003
2026-01-01 14:54:28 UTC,view,5067,30007,electronics.device_7,20475
2026-01-01 14:54:30 UTC,view,1023,30003,electronics.device_3,20275
2026-01-01 14:54:31 UTC,view,5065,30005,electronics.device_5,20079
2026-01-01 14:54:35 UTC,view,1011,30001,electronics.device_1,20112
2026-01-01 14:54:36 UTC,view,1017,30007,electronics.device_7,20043
2026-01-01 14:54:39 UTC,view,1012,30002,electronics.device_2,20103
2026-01-01 14:54:41 UTC,view,1003,30003,electronics.device_3,20334
2026-01-01 14:54:46 UTC,view,5039,30009,electronics.device_9,20254
2026-01-01 14:54:53 UTC,cart,5062,30002,electronics.device_2,20473
2026-01-01 14:54:57 UTC,view,1003,30003,electronics.device_3,20352
2026-01-01 14:55:02 UTC,view,5001,30001,electronics.device_1,20407
2026-01-01 14:55:12 UTC,view,1009,30009,electronics.device_9,20106
2026-01-01 14:55:20 UTC,cart,5021,30001,electronics.device_1,20217
2026-01-01 14:55:30 UTC,view,5182,30002,electronics.device_2,20164
2026-01-01 14:55:40 UTC,view,1005,30005,electronics.device_5,20220
2026-01-01 14:55:44 UTC,view,5090,30000,electronics.device_0,20460
2026-01-01 14:55:46 UTC,view,5030,30000,electronics.device_0,20018
2026-01-01 14:55:55 UTC,view,1004,30004,electronics.device_4,20151
2026-01-01 14:56:05 UTC,purchase,5130,30000,electronics.device_0,20272
2026-01-01 14:56:11 UTC,view,5003,30003,electronics.device_3,20093
2026-01-01 14:56:17 UTC,view,5019,30009,electronics.device_9,20184
2026-01-01 14:56:21 UTC,view,1012,30002,electronics.device_2,20191
2026-01-01 14:56:27 UTC,view,1024,30004,electronics.device_4,20063
2026-01-01 14:56:28 UTC,view,1013,30003,electronics.device_3,20368
2026-01-01 14:56:34 UTC,view,1009,30009,electronics.device_9,20408
2026-01-01 14:56:40 UTC,view,1019,30009,electronics.device_9,20198
2026-01-01 14:56:45 UTC,view,5108,30008,electronics.device_8,20112
2026-01-01 14:56:47 UTC,view,5087,30007,electronics.device_7,20312
2026-01-01 14:56:49 UTC,cart,5093,30003,electronics.device_3,20216
2026-01-01 14:56:56 UTC,view,1012,30002,electronics.device_2,20102
2026-01-01 14:57:00 UTC,view,1000,30000,electronics.device_0,20256
2026-01-01 14:57:01 UTC,view,1015,30005,electronics.device_5,20064
2026-01-01 14:57:09 UTC,view,1012,30002,electronics.device_2,20303
2026-01-01 14:57:16 UTC,view,1021,30001,electronics.device_1,20146
2026-01-01 14:57:17 UTC,view,5129,30009,electronics.device_9,20295
2026-01-01 14:57:18 UTC,view,5036,30006,electronics.device_6,20431
2026-01-01 14:57:25 UTC,cart,1018,30008,electronics.device_8,20471
2026-01-01 14:57:34 UTC,view,1020,30000,electronics.device_0,20009
2026-01-01 14:57:36 UTC,view,5040,30000,electronics.device_0,20411
2026-01-01 14:57:43 UTC,view,5170,30000,electronics.device_0,20163
2026-01-01 14:57:49 UTC,view,5004,30004,electronics.device_4,20397
2026-01-01 14:57:55 UTC,view,5052,30002,electronics.device_2,20202
2026-01-01 14:58:00 UTC,purchase,5156,30006,electronics.device_6,20253
2026-01-01 14:58:02 UTC,cart,1016,30006,electronics.device_6,20053
2026-01-01 14:58:03 UTC,view,1014,30004,electronics.device_4,20006
2026-01-01 14:58:06 UTC,purchase,1003,30003,electronics.device_3,20442
2026-01-01 14:58:13 UTC,view,1015,30005,electronics.device_5,20098
2026-01-01 14:58:19 UTC,purchase,5075,30005,electronics.device_5,20479
2026-01-01 14:58:20 UTC,cart,1007,30007,electronics.device_7,20023
2026-01-01 14:58:22 UTC,cart,1024,30004,electronics.device_4,20039
2026-01-01 14:58:27 UTC,view,1018,30008,electronics.device_8,20406
2026-01-01 14:58:34 UTC,view,1013,30003,electronics.device_3,20474
2026-01-01 14:58:37 UTC,view,5098,30008,electronics.device_8,20065
2026-01-01 14:58:43 UTC,view,1000,30000,electronics.device_0,20455
2026-01-01 14:58:50 UTC,view,5126,30006,electronics.device_6,20063
2026-01-01 14:58:59 UTC,view,5070,30000,electronics.device_0,20245
2026-01-01 14:59:07 UTC,view,1018,30008,electronics.device_8,20375
2026-01-01 14:59:15 UTC,view,1015,30005,electronics.device_5,20393
2026-01-01 14:59:20 UTC,view,5164,30004,electronics.device_4,20286
2026-01-01 14:59:24 UTC,view,5137,30007,electronics.device_7,20439
2026-01-01 14:59:28 UTC,view,5155,30005,electronics.device_5,20498
2026-01-01 14:59:36 UTC,view,1005,30005,electronics.device_5,20344
2026-01-01 14:59:40 UTC,view,5039,30009,electronics.device_9,20097
2026-01-01 14:59:48 UTC,view,1003,30003,electronics.device_3,20417
2026-01-01 14:59:58 UTC,view,5189,30009,electronics.device_9,20440
2026-01-01 15:00:04 UTC,cart,5189,30009,electronics.device_9,20363
2026-01-01 15:00:12 UTC,view,5135,30005,electronics.device_5,20259
2026-01-01 15:00:14 UTC,view,1016,30006,electronics.device_6,20187
2026-01-01 15:00:21 UTC,cart,5031,30001,electronics.device_1,20263
2026-01-01 15:00:25 UTC,view,5199,30009,electronics.device_9,20036
2026-01-01 15:00:30 UTC,view,5016,30006,electronics.device_6,20158
2026-01-01 15:00:40 UTC,view,5131,30001,electronics.device_1,20237
2026-01-01 15:00:42 UTC,view,5181,30001,electronics.device_1,20009
2026-01-01 15:00:50 UTC,view,1020,30000,electronics.device_0,20244
2026-01-01 15:00:59 UTC,view,5031,30001,electronics.device_1,20061
2026-01-01 15:01:08 UTC,view,1018,30008,electronics.device_8,20109
2026-01-01 15:01:11 UTC,view,5003,30003,electronics.device_3,20261
2026-01-01 15:01:17 UTC,view,1002,30002,electronics.device_2,20190
2026-01-01 15:01:19 UTC,view,1000,30000,electronics.device_0,20375
2026-01-01 15:01:26 UTC,view,1024,30004,electronics.device_4,20207
2026-01-01 15:01:29 UTC,view,5104,30004,electronics.device_4,20312
2026-01-01 15:01:37 UTC,view,5065,30005,electronics.device_5,20349
2026-01-01 15:01:38 UTC,view,5130,30000,electronics.device_0,20057
2026-01-01 15:01:42 UTC,view,1008,30008,electronics.device_8,20019
2026-01-01 15:01:52 UTC,view,1011,30001,electronics.device_1,20273
2026-01-01 15:01:54 UTC,view,1016,30006,electronics.device_6,20318
2026-01-01 15:02:01 UTC,view,5000,30000,electronics.device_0,20113
2026-01-01 15:02:06 UTC,view,5053,30003,electronics.device_3,20403
2026-01-01 15:02:10 UTC,view,1002,30002,electronics.device_2,20362
2026-01-01 15:02:20 UTC,view,1022,30002,electronics.device_2,20049
2026-01-01 15:02:23 UTC,cart,5057,30007,electronics.device_7,20319
2026-01-01 15:02:31 UTC,view,5178,30008,electronics.device_8,20465
2026-01-01 15:02:35 UTC,view,1012,30002,electronics.device_2,20036
2026-01-01 15:02:38 UTC,view,1020,30000,electronics.device_0,20234
2026-01-01 15:02:41 UTC,view,1006,30006,electronics.device_6,20220
2026-01-01 15:02:47 UTC,view,1010,30000,electronics.device_0,20136
2026-01-01 15:02:49 UTC,view,1012,30002,electronics.device_2,20437
2026-01-01 15:02:50 UTC,view,5104,30004,electronics.device_4,20243
2026-01-01 15:03:00 UTC,view,1000,30000,electronics.device_0,20127
2026-01-01 15:03:08 UTC,view,1006,30006,electronics.device_6,20009
2026-01-01 15:03:18 UTC,purchase,5148,30008,electronics.device_8,20428
2026-01-01 15:03:22 UTC,view,5068,30008,electronics.device_8,20387
2026-01-01 15:03:25 UTC,view,5196,30006,electronics.device_6,20156
2026-01-01 15:03:31 UTC,view,5031,30001,electronics.device_1,20180
2026-01-01 15:03:40 UTC,view,1006,30006,electronics.device_6,20130
2026-01-01 15:03:46 UTC,view,5034,30004,electronics.device_4,20181
2026-01-01 15:03:51 UTC,view,5163,30003,electronics.device_3,20266
2026-01-01 15:04:01 UTC,view,5047,30007,electronics.device_7,20352
2026-01-01 15:04:10 UTC,view,5172,30002,electronics.device_2,20076
2026-01-01 15:04:17 UTC,view,1012,30002,electronics.device_2,20073
2026-01-01 15:04:23 UTC,view,5054,30004,electronics.device_4,20296
2026-01-01 15:04:30 UTC,view,1009,30009,electronics.device_9,20046
2026-01-01 15:04:34 UTC,view,1018,30008,electronics.device_8,20495
2026-01-01 15:04:39 UTC,view,5120,30000,electronics.device_0,20461
2026-01-01 15:04:47 UTC,view,5069,30009,electronics.device_9,20467
2026-01-01 15:04:53 UTC,view,1019,30009,electronics.device_9,20214
2026-01-01 15:04:58 UTC,view,1008,30008,electronics.device_8,20297
2026-01-01 15:05:07 UTC,view,5159,30009,electronics.device_9,20314
2026-01-01 15:05:09 UTC,view,5021,30001,electronics.device_1,20291
2026-01-01 15:05:15 UTC,view,1022,30002,electronics.device_2,20005
2026-01-01 15:05:23 UTC,view,5150,30000,electronics.device_0,20349
2026-01-01 15:05:26 UTC,purchase,5067,30007,electronics.device_7,20320
2026-01-01 15:05:35 UTC,view,5140,30000,electronics.device_0,20250
2026-01-01 15:05:40 UTC,view,1008,30008,electronics.device_8,20008
2026-01-01 15:05:48 UTC,view,1020,30000,electronics.device_0,20423
2026-01-01 15:05:58 UTC,view,1013,30003,electronics.device_3,20157
2026-01-01 15:05:59 UTC,view,5020,30000,electronics.device_0,20428
2026-01-01 15:06:00 UTC,view,1000,30000,electronics.device_0,20180
2026-01-01 15:06:05 UTC,view,5057,30007,electronics.device_7,20394
2026-01-01 15:06:14 UTC,purchase,1004,30004,electronics.device_4,20366
2026-01-01 15:06:19 UTC,purchase,1023,30003,electronics.device_3,20101
2026-01-01 15:06:26 UTC,cart,5099,30009,electronics.device_9,20149
2026-01-01 15:06:30 UTC,view,1016,30006,electronics.device_6,20182
2026-01-01 15:06:34 UTC,view,5147,30007,electronics.device_7,20217
2026-01-01 15:06:41 UTC,cart,1000,30000,electronics.device_0,20472
2026-01-01 15:06:46 UTC,view,5105,30005,electronics.device_5,20289
2026-01-01 15:06:53 UTC,cart,5147,30007,electronics.device_7,20412
2026-01-01 15:07:03 UTC,view,1021,30001,electronics.device_1,20103
2026-01-01 15:07:08 UTC,view,1019,30009,electronics.device_9,20103
2026-01-01 15:07:13 UTC,view,1006,30006,electronics.device_6,20291
2026-01-01 15:07:21 UTC,view,5079,30009,electronics.device_9,20401
2026-01-01 15:07:28 UTC,view,1024,30004,electronics.device_4,20227
2026-01-01 15:07:34 UTC,cart,5057,30007,electronics.device_7,20365
2026-01-01 15:07:40 UTC,view,5039,30009,electronics.device_9,20239
2026-01-01 15:07:47 UTC,view,5010,30000,electronics.device_0,20468
2026-01-01 15:07:56 UTC,purchase,1013,30003,electronics.device_3,20216
2026-01-01 15:07:58 UTC,view,5186,30006,electronics.device_6,20465
2026-01-01 15:08:03 UTC,view,1024,30004,electronics.device_4,20192
2026-01-01 15:08:06 UTC,view,5117,30007,electronics.device_7,20290
2026-01-01 15:08:11 UTC,view,1002,30002,electronics.device_2,20202
2026-01-01 15:08:14 UTC,view,5006,30006,electronics.device_6,20237
2026-01-01 15:08:23 UTC,view,5035,30005,electronics.device_5,20044
2026-01-01 15:08:24 UTC,view,1013,30003,electronics.device_3,20333
2026-01-01 15:08:26 UTC,view,1020,30000,electronics.device_0,20421
2026-01-01 15:08:31 UTC,view,5089,30009,electronics.device_9,20170
2026-01-01 15:08:32 UTC,view,1012,30002,electronics.device_2,20346
2026-01-01 15:08:41 UTC,view,5178,30008,electronics.device_8,20360
2026-01-01 15:08:45 UTC,view,5064,30004,electronics.device_4,20380
2026-01-01 15:08:53 UTC,view,1019,30009,electronics.device_9,20346
2026-01-01 15:08:56 UTC,view,1004,30004,electronics.device_4,20369
2026-01-01 15:08:57 UTC,view,5048,30008,electronics.device_8,20103
2026-01-01 15:08:59 UTC,view,1009,30009,electronics.device_9,20310
2026-01-01 15:09:01 UTC,view,5066,30006,electronics.device_6,20105
2026-01-01 15:09:03 UTC,view,5042,30002,electronics.device_2,20259
2026-01-01 15:09:11 UTC,view,5000,30000,electronics.device_0,20063
2026-01-01 15:09:16 UTC,view,5007,30007,electronics.device_7,20095
2026-01-01 15:09:20 UTC,view,5079,30009,electronics.device_9,20314
2026-01-01 15:09:28 UTC,view,5136,30006,electronics.device_6,20222
2026-01-01 15:09:31 UTC,view,5125,30005,electronics.device_5,20073
2026-01-01 15:09:35 UTC,view,1012,30002,electronics.device_2,20359
2026-01-01 15:09:44 UTC,view,1002,30002,electronics.device_2,20149
2026-01-01 15:09:49 UTC,view,5141,30001,electronics.device_1,20302
2026-01-01 15:09:57 UTC,view,1013,30003,electronics.device_3,20201
2026-01-01 15:10:04 UTC,view,5157,30007,electronics.device_7,20238
2026-01-01 15:10:11 UTC,view,5017,30007,electronics.device_7,20146
2026-01-01 15:10:19 UTC,view,1011,30001,electronics.device_1,20006
2026-01-01 15:10:29 UTC,view,1005,30005,electronics.device_5,20334
2026-01-01 15:10:39 UTC,view,5027,30007,electronics.device_7,20465
2026-01-01 15:10:45 UTC,view,1021,30001,electronics.device_1,20371
2026-01-01 15:10:53 UTC,view,1016,30006,electronics.device_6,20082
2026-01-01 15:10:59 UTC,cart,5056,30006,electronics.device_6,20258
2026-01-01 15:11:03 UTC,cart,1003,30003,electronics.device_3,20269
2026-01-01 15:11:10 UTC,view,5062,30002,electronics.device_2,20336
2026-01-01 15:11:13 UTC,view,1005,30005,electronics.device_5,20289
2026-01-01 15:11:19 UTC,view,5035,30005,electronics.device_5,20403
2026-01-01 15:11:22 UTC,view,1017,30007,electronics.device_7,20338
2026-01-01 15:11:27 UTC,view,5001,30001,electronics.device_1,20430
2026-01-01 15:11:35 UTC,purchase,1017,30007,electronics.device_7,20311
2026-01-01 15:11:38 UTC,view,5094,30004,electronics.device_4,20260
2026-01-01 15:11:47 UTC,view,1007,30007,electronics.device_7,20166
2026-01-01 15:11:57 UTC,view,5097,30007,electronics.device_7,20317
2026-01-01 15:12:04 UTC,view,1009,30009,electronics.device_9,20437
2026-01-01 15:12:07 UTC,view,1018,30008,electronics.device_8,20055
2026-01-01 15:12:15 UTC,view,5147,30007,electronics.device_7,20390
2026-01-01 15:12:19 UTC,view,5195,30005,electronics.device_5,20376
2026-01-01 15:12:23 UTC,cart,1003,30003,electronics.device_3,20090
2026-01-01 15:12:30 UTC,purchase,5186,30006,electronics.device_6,20473
2026-01-01 15:12:32 UTC,view,1006,30006,electronics.device_6,20059
2026-01-01 15:12:33 UTC,view,5183,30003,electronics.device_3,20391
2026-01-01 15:12:39 UTC,view,5110,30000,electronics.device_0,20016
2026-01-01 15:12:42 UTC,view,1014,30004,electronics.device_4,20231
2026-01-01 15:12:49 UTC,purchase,1018,30008,electronics.device_8,20294
2026-01-01 15:12:58 UTC,view,1002,30002,electronics.device_2,20252
2026-01-01 15:13:06 UTC,view,5147,30007,electronics.device_7,20104
2026-01-01 15:13:09 UTC,view,5022,30002,electronics.device_2,20415
2026-01-01 15:13:13 UTC,view,1019,30009,electronics.device_9,20323
2026-01-01 15:13:15 UTC,view,1004,30004,electronics.device_4,20072
2026-01-01 15:13:16 UTC,view,1009,30009,electronics.device_9,20291
2026-01-01 15:13:25 UTC,view,1011,30001,electronics.device_1,20350
2026-01-01 15:13:34 UTC,view,5054,30004,electronics.device_4,20107
2026-01-01 15:13:44 UTC,view,5042,30002,electronics.device_2,20183
2026-01-01 15:13:54 UTC,cart,5086,30006,electronics.device_6,20411
2026-01-01 15:13:56 UTC,view,5024,30004,electronics.device_4,20193
2026-01-01 15:13:58 UTC,view,5091,30001,electronics.device_1,20401
2026-01-01 15:14:07 UTC,view,1002,30002,electronics.device_2,20256
2026-01-01 15:14:11 UTC,view,1001,30001,electronics.device_1,20170
2026-01-01 15:14:12 UTC,view,1014,30004,electronics.device_4,20149
2026-01-01 15:14:17 UTC,view,1024,30004,electronics.device_4,20035
2026-01-01 15:14:20 UTC,view,1022,30002,electronics.device_2,20295
2026-01-01 15:14:24 UTC,cart,5065,30005,electronics.device_5,20257
2026-01-01 15:14:29 UTC,view,5004,30004,electronics.device_4,20280
2026-01-01 15:14:31 UTC,view,5098,30008,electronics.device_8,20470
2026-01-01 15:14:36 UTC,view,5134,30004,electronics.device_4,20174
2026-01-01 15:14:43 UTC,view,1008,30008,electronics.device_8,20455
2026-01-01 15:14:44 UTC,view,1021,30001,electronics.device_1,20419
2026-01-01 15:14:50 UTC,view,5187,30007,electronics.device_7,20450
2026-01-01 15:14:51 UTC,view,1020,30000,electronics.device_0,20413
2026-01-01 15:15:01 UTC,view,5112,30002,electronics.device_2,20392
2026-01-01 15:15:02 UTC,purchase,1002,30002,electronics.device_2,20487
2026-01-01 15:15:09 UTC,view,5106,30006,electronics.device_6,20476
2026-01-01 15:15:11 UTC,view,5082,30002,electronics.device_2,20067
2026-01-01 15:15:16 UTC,view,5170,30000,electronics.device_0,20019
2026-01-01 15:15:24 UTC,view,5059,30009,electronics.device_9,20180
2026-01-01 15:15:31 UTC,view,5044,30004,electronics.device_4,20436
2026-01-01 15:15:35 UTC,cart,1010,30000,electronics.device_0,20014
2026-01-01 15:15:39 UTC,view,5073,30003,electronics.device_3,20195
2026-01-01 15:15:40 UTC,view,5082,30002,electronics.device_2,20199
2026-01-01 15:15:47 UTC,view,5156,30006,electronics.device_6,20360
2026-01-01 15:15:54 UTC,view,5081,30001,electronics.device_1,20225
2026-01-01 15:15:56 UTC,purchase,5115,30005,electronics.device_5,20189
2026-01-01 15:16:02 UTC,view,1024,30004,electronics.device_4,20471
2026-01-01 15:16:03 UTC,view,1021,30001,electronics.device_1,20302
2026-01-01 15:16:04 UTC,view,1016,30006,electronics.device_6,20386
2026-01-01 15:16:13 UTC,view,5090,30000,electronics.device_0,20411
2026-01-01 15:16:14 UTC,view,5168,30008,electronics.device_8,20030
2026-01-01 15:16:16 UTC,view,1004,30004,electronics.device_4,20093
2026-01-01 15:16:21 UTC,view,1022,30002,electronics.device_2,20309
2026-01-01 15:16:25 UTC,view,1024,30004,electronics.device_4,20204
2026-01-01 15:16:33 UTC,view,5136,30006,electronics.device_6,20040
2026-01-01 15:16:35 UTC,cart,1003,30003,electronics.device_3,20106
2026-01-01 15:16:43 UTC,view,5161,30001,electronics.device_1,20183
2026-01-01 15:16:47 UTC,view,5027,30007,electronics.device_7,20483
2026-01-01 15:16:53 UTC,view,5199,30009,electronics.device_9,20445
2026-01-01 15:16:57 UTC,cart,5069,30009,electronics.device_9,20164
2026-01-01 15:17:06 UTC,view,5057,30007,electronics.device_7,20178
2026-01-01 15:17:13 UTC,purchase,5161,30001,electronics.device_1,20249
2026-01-01 15:17:18 UTC,view,1015,30005,electronics.device_5,20071
2026-01-01 15:17:27 UTC,view,1018,30008,electronics.device_8,20284
2026-01-01 15:17:31 UTC,view,1012,30002,electronics.device_2,20418
2026-01-01 15:17:34 UTC,purchase,1018,30008,electronics.device_8,20358
2026-01-01 15:17:42 UTC,view,5132,30002,electronics.device_2,20488
2026-01-01 15:17:44 UTC,view,1010,30000,electronics.device_0,20018
2026-01-01 15:17:49 UTC,view,1017,30007,electronics.device_7,20154
2026-01-01 15:17:51 UTC,view,1005,30005,electronics.device_5,20313
2026-01-01 15:17:58 UTC,view,5053,30003,electronics.device_3,20196
2026-01-01 15:18:05 UTC,view,5027,30007,electronics.device_7,20106
2026-01-01 15:18:12 UTC,view,1019,30009,electronics.device_9,20273
2026-01-01 15:18:13 UTC,view,5138,30008,electronics.device_8,20278
2026-01-01 15:18:19 UTC,cart,1013,30003,electronics.device_3,20387
2026-01-01 15:18:25 UTC,view,1009,30009,electronics.device_9,20303
2026-01-01 15:18:29 UTC,view,5187,30007,electronics.device_7,20372
2026-01-01 15:18:39 UTC,cart,5022,30002,electronics.device_2,20401
2026-01-01 15:18:40 UTC,view,1005,30005,electronics.device_5,20488
2026-01-01 15:18:45 UTC,view,5073,30003,electronics.device_3,20294
2026-01-01 15:18:55 UTC,view,5193,30003,electronics.device_3,20084
2026-01-01 15:19:02 UTC,view,5039,30009,electronics.device_9,20474
2026-01-01 15:19:06 UTC,cart,1017,30007,electronics.device_7,20144
2026-01-01 15:19:11 UTC,purchase,1018,30008,electronics.device_8,20395
2026-01-01 15:19:20 UTC,view,1001,30001,electronics.device_1,20203
2026-01-01 15:19:21 UTC,view,5115,30005,electronics.device_5,20138
2026-01-01 15:19:26 UTC,view,5134,30004,electronics.device_4,20312
2026-01-01 15:19:27 UTC,view,1013,30003,electronics.device_3,20339
2026-01-01 15:19:33 UTC,view,1010,30000,electronics.device_0,20228
2026-01-01 15:19:41 UTC,view,1008,30008,electronics.device_8,20239
2026-01-01 15:19:42 UTC,view,1008,30008,electronics.device_8,20433
2026-01-01 15:19:51 UTC,view,1011,30001,electronics.device_1,20297
2026-01-01 15:19:53 UTC,cart,1016,30006,electronics.device_6,20283
2026-01-01 15:19:59 UTC,view,1007,30007,electronics.device_7,20133
2026-01-01 15:20:04 UTC,cart,1007,30007,electronics.device_7,20066
2026-01-01 15:20:08 UTC,view,5122,30002,electronics.device_2,20447
2026-01-01 15:20:18 UTC,view,5135,30005,electronics.device_5,20059
2026-01-01 15:20:19 UTC,view,1019,30009,electronics.device_9,20441
2026-01-01 15:20:27 UTC,view,5096,30006,electronics.device_6,20284
2026-01-01 15:20:31 UTC,purchase,1006,30006,electronics.device_6,20133
2026-01-01 15:20:36 UTC,view,1008,30008,electronics.device_8,20440
2026-01-01 15:20:42 UTC,view,5076,30006,electronics.device_6,20308
2026-01-01 15:20:46 UTC,view,1004,30004,electronics.device_4,20260
2026-01-01 15:20:54 UTC,view,1007,30007,electronics.device_7,20122
2026-01-01 15:20:58 UTC,view,1016,30006,electronics.device_6,20425
2026-01-01 15:21:05 UTC,view,1011,30001,electronics.device_1,20449
2026-01-01 15:21:10 UTC,view,1023,30003,electronics.device_3,20311
2026-01-01 15:21:16 UTC,purchase,1021,30001,electronics.device_1,20460
2026-01-01 15:21:22 UTC,cart,5040,30000,electronics.device_0,20151
2026-01-01 15:21:32 UTC,view,1015,30005,electronics.device_5,20023
2026-01-01 15:21:37 UTC,cart,1001,30001,electronics.device_1,20014
2026-01-01 15:21:39 UTC,view,5111,30001,electronics.device_1,20161
2026-01-01 15:21:48 UTC,view,5166,30006,electronics.device_6,20261
2026-01-01 15:21:58 UTC,view,5164,30004,electronics.device_4,20111
2026-01-01 15:22:05 UTC,view,5098,30008,electronics.device_8,20372
2026-01-01 15:22:08 UTC,view,1020,30000,electronics.device_0,20333
2026-01-01 15:22:10 UTC,purchase,1014,30004,electronics.device_4,20115
2026-01-01 15:22:20 UTC,purchase,5057,30007,electronics.device_7,20323
2026-01-01 15:22:29 UTC,view,5175,30005,electronics.device_5,20376
2026-01-01 15:22:31 UTC,view,5070,30000,electronics.device_0,20311
2026-01-01 15:22:39 UTC,view,5137,30007,electronics.device_7,20226
2026-01-01 15:22:45 UTC,view,1012,30002,electronics.device_2,20295
2026-01-01 15:22:50 UTC,view,1024,30004,electronics.device_4,20410
2026-01-01 15:22:56 UTC,view,1018,30008,electronics.device_8,20384
2026-01-01 15:22:58 UTC,view,5154,30004,electronics.device_4,20376
2026-01-01 15:23:05 UTC,view,1010,30000,electronics.device_0,20287
2026-01-01 15:23:14 UTC,cart,1014,30004,electronics.device_4,20335
2026-01-01 15:23:22 UTC,view,5109,30009,electronics.device_9,20403
2026-01-01 15:23:29 UTC,view,1017,30007,electronics.device_7,20424
2026-01-01 15:23:32 UTC,view,5075,30005,electronics.device_5,20466
2026-01-01 15:23:39 UTC,view,5145,30005,electronics.device_5,20071
2026-01-01 15:23:49 UTC,view,1008,30008,electronics.device_8,20175
2026-01-01 15:23:55 UTC,view,1010,30000,electronics.device_0,20216
2026-01-01 15:24:04 UTC,view,1000,30000,electronics.device_0,20324
2026-01-01 15:24:08 UTC,cart,1017,30007,electronics.device_7,20008
2026-01-01 15:24:11 UTC,view,1011,30001,electronics.device_1,20392
2026-01-01 15:24:20 UTC,cart,5164,30004,electronics.device_4,20381
2026-01-01 15:24:22 UTC,cart,1014,30004,electronics.device_4,20427
2026-01-01 15:24:29 UTC,view,1012,30002,electronics.device_2,20038
2026-01-01 15:24:32 UTC,cart,5063,30003,electronics.device_3,20471
2026-01-01 15:24:39 UTC,view,5016,30006,electronics.device_6,20206
2026-01-01 15:24:48 UTC,view,1023,30003,electronics.device_3,20061
2026-01-01 15:24:54 UTC,view,1022,30002,electronics.device_2,20316
2026-01-01 15:24:56 UTC,view,5169,30009,electronics.device_9,20379
2026-01-01 15:25:02 UTC,cart,5029,30009,electronics.device_9,20323
2026-01-01 15:25:10 UTC,view,5179,30009,electronics.device_9,20149
2026-01-01 15:25:18 UTC,view,5158,30008,electronics.device_8,20094
2026-01-01 15:25:28 UTC,view,5060,30000,electronics.device_0,20459
2026-01-01 15:25:29 UTC,view,5103,30003,electronics.device_3,20346
2026-01-01 15:25:37 UTC,view,1019,30009,electronics.device_9,20091
2026-01-01 15:25:46 UTC,view,5169,30009,electronics.device_9,20484
2026-01-01 15:25:48 UTC,view,1018,30008,electronics.device_8,20175
2026-01-01 15:25:49 UTC,view,5088,30008,electronics.device_8,20269
2026-01-01 15:25:59 UTC,view,5060,30000,electronics.device_0,20219
2026-01-01 15:26:04 UTC,view,1015,30005,electronics.device_5,20388
2026-01-01 15:26:07 UTC,view,1023,30003,electronics.device_3,20484
2026-01-01 15:26:11 UTC,view,5020,30000,electronics.device_0,20295
2026-01-01 15:26:21 UTC,view,1010,30000,electronics.device_0,20146
2026-01-01 15:26:24 UTC,view,1010,30000,electronics.device_0,20250
2026-01-01 15:26:32 UTC,cart,1014,30004,electronics.device_4,20148
2026-01-01 15:26:37 UTC,view,5110,30000,electronics.device_0,20474
2026-01-01 15:26:41 UTC,view,5141,30001,electronics.device_1,20050
2026-01-01 15:26:45 UTC,view,5082,30002,electronics.device_2,20387
2026-01-01 15:26:48 UTC,view,1014,30004,electronics.device_4,20021
2026-01-01 15:26:57 UTC,view,5075,30005,electronics.device_5,20004
2026-01-01 15:27:05 UTC,view,1013,30003,electronics.device_3,20145
2026-01-01 15:27:15 UTC,view,5018,30008,electronics.device_8,20267
2026-01-01 15:27:18 UTC,view,5032,30002,electronics.device_2,20057
2026-01-01 15:27:20 UTC,cart,5027,30007,electronics.device_7,20253
2026-01-01 15:27:25 UTC,cart,1019,30009,electronics.device_9,20143
2026-01-01 15:27:27 UTC,view,1006,30006,electronics.device_6,20382
2026-01-01 15:27:31 UTC,view,5172,30002,electronics.device_2,20081
2026-01-01 15:27:40 UTC,view,1021,30001,electronics.device_1,20323
2026-01-01 15:27:49 UTC,view,5144,30004,electronics.device_4,20362
2026-01-01 15:27:55 UTC,view,1019,30009,electronics.device_9,20478
2026-01-01 15:28:04 UTC,view,1012,30002,electronics.device_2,20286
2026-01-01 15:28:05 UTC,view,5124,30004,electronics.device_4,20126
2026-01-01 15:28:08 UTC,view,5100,30000,electronics.device_0,20483
2026-01-01 15:28:12 UTC,view,5144,30004,electronics.device_4,20241
2026-01-01 15:28:15 UTC,view,5048,30008,electronics.device_8,20376
2026-01-01 15:28:23 UTC,view,1019,30009,electronics.device_9,20326
2026-01-01 15:28:25 UTC,cart,5064,30004,electronics.device_4,20384
2026-01-01 15:28:29 UTC,view,1001,30001,electronics.device_1,20252
2026-01-01 15:28:38 UTC,view,5112,30002,electronics.device_2,20092
2026-01-01 15:28:39 UTC,view,5014,30004,electronics.device_4,20315
2026-01-01 15:28:46 UTC,view,5123,30003,electronics.device_3,20327
2026-01-01 15:28:52 UTC,view,5047,30007,electronics.device_7,20489
2026-01-01 15:28:55 UTC,view,1003,30003,electronics.device_3,20449
2026-01-01 15:29:00 UTC,view,5142,30002,electronics.device_2,20408
2026-01-01 15:29:07 UTC,view,5106,30006,electronics.device_6,20247
2026-01-01 15:29:12 UTC,view,1024,30004,electronics.device_4,20494
2026-01-01 15:29:17 UTC,purchase,5014,30004,electronics.device_4,20167
2026-01-01 15:29:21 UTC,view,5139,30009,electronics.device_9,20091
2026-01-01 15:29:29 UTC,view,1013,30003,electronics.device_3,20178
2026-01-01 15:29:36 UTC,view,5160,30000,electronics.device_0,20452
2026-01-01 15:29:44 UTC,view,5050,30000,electronics.device_0,20352
2026-01-01 15:29:48 UTC,view,1014,30004,electronics.device_4,20260
2026-01-01 15:29:52 UTC,view,5009,30009,electronics.device_9,20396
2026-01-01 15:29:58 UTC,view,1008,30008,electronics.device_8,20211
2026-01-01 15:30:05 UTC,view,5026,30006,electronics.device_6,20134
2026-01-01 15:30:06 UTC,view,1012,30002,electronics.device_2,20113
2026-01-01 15:30:12 UTC,view,5125,30005,electronics.device_5,20158
2026-01-01 15:30:20 UTC,view,5009,30009,electronics.device_9,20449
2026-01-01 15:30:23 UTC,view,5074,30004,electronics.device_4,20321
2026-01-01 15:30:25 UTC,view,5114,30004,electronics.device_4,20067
2026-01-01 15:30:35 UTC,view,5076,30006,electronics.device_6,20370
2026-01-01 15:30:36 UTC,view,1019,30009,electronics.device_9,20361
2026-01-01 15:30:42 UTC,view,1005,30005,electronics.device_5,20284
2026-01-01 15:30:44 UTC,view,5135,30005,electronics.device_5,20108
2026-01-01 15:30:50 UTC,view,5074,30004,electronics.device_4,20081
2026-01-01 15:30:59 UTC,cart,5002,30002,electronics.device_2,20118
2026-01-01 15:31:04 UTC,cart,1007,30007,electronics.device_7,20170
2026-01-01 15:31:11 UTC,view,1010,30000,electronics.device_0,20128
2026-01-01 15:31:12 UTC,view,1018,30008,electronics.device_8,20387
2026-01-01 15:31:21 UTC,view,1002,30002,electronics.device_2,20406
2026-01-01 15:31:29 UTC,view,1021,30001,electronics.device_1,20155
2026-01-01 15:31:30 UTC,view,1017,30007,electronics.device_7,20353
2026-01-01 15:31:34 UTC,view,1017,30007,electronics.device_7,20064
2026-01-01 15:31:41 UTC,view,5135,30005,electronics.device_5,20419
2026-01-01 15:31:46 UTC,view,1018,30008,electronics.device_8,20259
2026-01-01 15:31:53 UTC,view,1010,30000,electronics.device_0,20426
2026-01-01 15:32:02 UTC,cart,5109,30009,electronics.device_9,20049
2026-01-01 15:32:12 UTC,view,5000,30000,electronics.device_0,20311
2026-01-01 15:32:17 UTC,view,1015,30005,electronics.device_5,20381
2026-01-01 15:32:18 UTC,view,1004,30004,electronics.device_4,20104
2026-01-01 15:32:20 UTC,purchase,1010,30000,electronics.device_0,20296
2026-01-01 15:32:28 UTC,view,1017,30007,electronics.device_7,20048
2026-01-01 15:32:32 UTC,view,5008,30008,electronics.device_8,20248
2026-01-01 15:32:37 UTC,view,5159,30009,electronics.device_9,20126
2026-01-01 15:32:44 UTC,purchase,1008,30008,electronics.device_8,20373
2026-01-01 15:32:51 UTC,view,1015,30005,electronics.device_5,20366
2026-01-01 15:32:53 UTC,view,5031,30001,electronics.device_1,20500
2026-01-01 15:32:54 UTC,view,5003,30003,electronics.device_3,20229
2026-01-01 15:33:00 UTC,view,5044,30004,electronics.device_4,20330
2026-01-01 15:33:05 UTC,view,1020,30000,electronics.device_0,20323
2026-01-01 15:33:07 UTC,view,1023,30003,electronics.device_3,20107
2026-01-01 15:33:15 UTC,view,5103,30003,electronics.device_3,20073
2026-01-01 15:33:22 UTC,view,5115,30005,electronics.device_5,20268
2026-01-01 15:33:32 UTC,view,5189,30009,electronics.device_9,20393
2026-01-01 15:33:40 UTC,view,1004,30004,electronics.device_4,20380
2026-01-01 15:33:46 UTC,view,1002,30002,electronics.device_2,20353
2026-01-01 15:33:56 UTC,view,5106,30006,electronics.device_6,20003
2026-01-01 15:34:01 UTC,view,5153,30003,electronics.device_3,20288
2026-01-01 15:34:09 UTC,view,5079,30009,electronics.device_9,20492
2026-01-01 15:34:13 UTC,view,1014,30004,electronics.device_4,20248
2026-01-01 15:34:22 UTC,cart,5084,30004,electronics.device_4,20376
2026-01-01 15:34:24 UTC,view,1003,30003,electronics.device_3,20040
2026-01-01 15:34:31 UTC,view,1015,30005,electronics.device_5,20083
2026-01-01 15:34:40 UTC,view,5183,30003,electronics.device_3,20102
2026-01-01 15:34:48 UTC,view,1008,30008,electronics.device_8,20218
2026-01-01 15:34:56 UTC,view,1012,30002,electronics.device_2,20269
2026-01-01 15:35:04 UTC,view,1021,30001,electronics.device_1,20281
2026-01-01 15:35:11 UTC,view,5004,30004,electronics.device_4,20061
2026-01-01 15:35:18 UTC,view,1000,30000,electronics.device_0,20451
2026-01-01 15:35:23 UTC,view,5067,30007,electronics.device_7,20456
2026-01-01 15:35:29 UTC,view,5088,30008,electronics.device_8,20073
2026-01-01 15:35:34 UTC,view,5067,30007,electronics.device_7,20412
2026-01-01 15:35:44 UTC,view,5165,30005,electronics.device_5,20310
2026-01-01 15:35:49 UTC,view,5041,30001,electronics.device_1,20480
2026-01-01 15:35:55 UTC,view,5182,30002,electronics.device_2,20437
2026-01-01 15:35:58 UTC,view,1009,30009,electronics.device_9,20425
2026-01-01 15:36:06 UTC,view,1005,30005,electronics.device_5,20092
2026-01-01 15:36:09 UTC,view,5040,30000,electronics.device_0,20003
2026-01-01 15:36:14 UTC,view,5159,30009,electronics.device_9,20356
2026-01-01 15:36:16 UTC,view,5075,30005,electronics.device_5,20049
2026-01-01 15:36:17 UTC,view,5119,30009,electronics.device_9,20081
2026-01-01 15:36:19 UTC,view,1004,30004,electronics.device_4,20453
2026-01-01 15:36:23 UTC,view,1001,30001,electronics.device_1,20476
2026-01-01 15:36:27 UTC,view,1015,30005,electronics.device_5,20467
2026-01-01 15:36:34 UTC,view,5099,30009,electronics.device_9,20189
2026-01-01 15:36:44 UTC,view,5192,30002,electronics.device_2,20131
2026-01-01 15:36:53 UTC,view,5077,30007,electronics.device_7,20104
2026-01-01 15:36:55 UTC,view,5103,30003,electronics.device_3,20375
2026-01-01 15:36:59 UTC,view,1018,30008,electronics.device_8,20289
2026-01-01 15:37:01 UTC,view,1014,30004,electronics.device_4,20301
2026-01-01 15:37:08 UTC,view,1019,30009,electronics.device_9,20437
2026-01-01 15:37:18 UTC,view,5109,30009,electronics.device_9,20414
2026-01-01 15:37:28 UTC,cart,5142,30002,electronics.device_2,20108
2026-01-01 15:37:31 UTC,view,1001,30001,electronics.device_1,20111
2026-01-01 15:37:33 UTC,view,5114,30004,electronics.device_4,20085
2026-01-01 15:37:41 UTC,view,1000,30000,electronics.device_0,20459
2026-01-01 15:37:42 UTC,view,1020,30000,electronics.device_0,20226
2026-01-01 15:37:49 UTC,view,5140,30000,electronics.device_0,20155
2026-01-01 15:37:58 UTC,view,5189,30009,electronics.device_9,20287
2026-01-01 15:38:05 UTC,view,1018,30008,electronics.device_8,20362
2026-01-01 15:38:13 UTC,view,1006,30006,electronics.device_6,20268
2026-01-01 15:38:19 UTC,view,5071,30001,electronics.device_1,20310
2026-01-01 15:38:23 UTC,cart,1010,30000,electronics.device_0,20427
2026-01-01 15:38:28 UTC,view,5164,30004,electronics.device_4,20224
2026-01-01 15:38:37 UTC,view,5026,30006,electronics.device_6,20404
2026-01-01 15:38:42 UTC,view,5150,30000,electronics.device_0,20461
2026-01-01 15:38:49 UTC,view,5133,30003,electronics.device_3,20013
2026-01-01 15:38:55 UTC,view,5038,30008,electronics.device_8,20178
2026-01-01 15:39:02 UTC,view,1009,30009,electronics.device_9,20449
2026-01-01 15:39:06 UTC,view,1020,30000,electronics.device_0,20478
2026-01-01 15:39:07 UTC,view,1000,30000,electronics.device_0,20270
2026-01-01 15:39:11 UTC,view,1002,30002,electronics.device_2,20169
2026-01-01 15:39:13 UTC,cart,1013,30003,electronics.device_3,20258
2026-01-01 15:39:14 UTC,view,5110,30000,electronics.device_0,20332
2026-01-01 15:39:19 UTC,view,5128,30008,electronics.device_8,20023
2026-01-01 15:39:24 UTC,view,1015,30005,electronics.device_5,20498
2026-01-01 15:39:34 UTC,cart,1015,30005,electronics.device_5,20475
2026-01-01 15:39:42 UTC,view,5111,30001,electronics.device_1,20252
2026-01-01 15:39:45 UTC,view,5042,30002,electronics.device_2,20332
2026-01-01 15:39:54 UTC,view,1003,30003,electronics.device_3,20015
2026-01-01 15:40:04 UTC,view,5165,30005,electronics.device_5,20377
2026-01-01 15:40:07 UTC,view,1017,30007,electronics.device_7,20428
2026-01-01 15:40:09 UTC,view,1003,30003,electronics.device_3,20364
2026-01-01 15:40:10 UTC,view,1010,30000,electronics.device_0,20279
2026-01-01 15:40:15 UTC,view,1024,30004,electronics.device_4,20378
2026-01-01 15:40:16 UTC,view,1020,30000,electronics.device_0,20435
2026-01-01 15:40:22 UTC,view,5163,30003,electronics.device_3,20301
2026-01-01 15:40:28 UTC,view,5064,30004,electronics.device_4,20341
2026-01-01 15:40:35 UTC,view,5013,30003,electronics.device_3,20343
2026-01-01 15:40:36 UTC,view,1008,30008,electronics.device_8,20390
2026-01-01 15:40:45 UTC,view,1000,30000,electronics.device_0,20043
2026-01-01 15:40:48 UTC,view,5027,30007,electronics.device_7,20312
2026-01-01 15:40:52 UTC,view,5152,30002,electronics.device_2,20089
2026-01-01 15:40:53 UTC,view,1009,30009,electronics.device_9,20180
2026-01-01 15:40:55 UTC,view,1024,30004,electronics.device_4,20429
2026-01-01 15:40:57 UTC,cart,5089,30009,electronics.device_9,20046
2026-01-01 15:40:59 UTC,view,1021,30001,electronics.device_1,20045
2026-01-01 15:41:02 UTC,view,1012,30002,electronics.device_2,20495
2026-01-01 15:41:03 UTC,view,5192,30002,electronics.device_2,20006
2026-01-01 15:41:07 UTC,view,5126,30006,electronics.device_6,20042
2026-01-01 15:41:11 UTC,view,1007,30007,electronics.device_7,20329
2026-01-01 15:41:15 UTC,view,5182,30002,electronics.device_2,20068
2026-01-01 15:41:20 UTC,view,1002,30002,electronics.device_2,20147
2026-01-01 15:41:23 UTC,view,1017,30007,electronics.device_7,20162
2026-01-01 15:41:30 UTC,view,1015,30005,electronics.device_5,20140
2026-01-01 15:41:34 UTC,purchase,1015,30005,electronics.device_5,20133
2026-01-01 15:41:42 UTC,view,1010,30000,electronics.device_0,20182
2026-01-01 15:41:52 UTC,view,1011,30001,electronics.device_1,20329
2026-01-01 15:42:01 UTC,view,5030,30000,electronics.device_0,20352
2026-01-01 15:42:04 UTC,cart,1018,30008,electronics.device_8,20300
2026-01-01 15:42:11 UTC,view,1004,30004,electronics.device_4,20108
2026-01-01 15:42:18 UTC,view,1002,30002,electronics.device_2,20350
2026-01-01 15:42:23 UTC,view,1006,30006,electronics.device_6,20496
2026-01-01 15:42:32 UTC,view,5082,30002,electronics.device_2,20407
2026-01-01 15:42:37 UTC,view,1021,30001,electronics.device_1,20108
2026-01-01 15:42:42 UTC,view,1011,30001,electronics.device_1,20017
2026-01-01 15:42:44 UTC,view,5064,30004,electronics.device_4,20096
2026-01-01 15:42:52 UTC,view,1021,30001,electronics.device_1,20166
2026-01-01 15:42:58 UTC,view,5088,30008,electronics.device_8,20302
2026-01-01 15:42:59 UTC,view,1015,30005,electronics.device_5,20323
2026-01-01 15:43:05 UTC,view,1004,30004,electronics.device_4,20244
2026-01-01 15:43:11 UTC,view,1022,30002,electronics.device_2,20052
2026-01-01 15:43:14 UTC,view,1008,30008,electronics.device_8,20240
2026-01-01 15:43:23 UTC,view,1020,30000,electronics.device_0,20225
2026-01-01 15:43:33 UTC,view,5033,30003,electronics.device_3,20356
2026-01-01 15:43:40 UTC,view,5174,30004,electronics.device_4,20428
2026-01-01 15:43:44 UTC,view,1004,30004,electronics.device_4,20308
2026-01-01 15:43:50 UTC,view,5047,30007,electronics.device_7,20154
2026-01-01 15:43:51 UTC,view,1019,30009,electronics.device_9,20462
2026-01-01 15:44:00 UTC,view,1005,30005,electronics.device_5,20397
2026-01-01 15:44:05 UTC,view,5095,30005,electronics.device_5,20015
2026-01-01 15:44:08 UTC,view,5062,30002,electronics.device_2,20154
2026-01-01 15:44:18 UTC,cart,5157,30007,electronics.device_7,20102
2026-01-01 15:44:28 UTC,view,5184,30004,electronics.device_4,20340
2026-01-01 15:44:34 UTC,purchase,1002,30002,electronics.device_2,20159
2026-01-01 15:44:37 UTC,view,1002,30002,electronics.device_2,20085
2026-01-01 15:44:45 UTC,view,1000,30000,electronics.device_0,20103
2026-01-01 15:44:48 UTC,view,1004,30004,electronics.device_4,20095
2026-01-01 15:44:52 UTC,view,1004,30004,electronics.device_4,20371
2026-01-01 15:44:56 UTC,view,1003,30003,electronics.device_3,20433
2026-01-01 15:45:02 UTC,view,1002,30002,electronics.device_2,20177
2026-01-01 15:45:04 UTC,view,5041,30001,electronics.device_1,20202
2026-01-01 15:45:08 UTC,view,5041,30001,electronics.device_1,20426
2026-01-01 15:45:16 UTC,view,5161,30001,electronics.device_1,20470
2026-01-01 15:45:18 UTC,view,1023,30003,electronics.device_3,20391
2026-01-01 15:45:21 UTC,view,5004,30004,electronics.device_4,20460
2026-01-01 15:45:26 UTC,view,5145,30005,electronics.device_5,20218
2026-01-01 15:45:36 UTC,view,5001,30001,electronics.device_1,20178
2026-01-01 15:45:44 UTC,view,5142,30002,electronics.device_2,20301
2026-01-01 15:45:45 UTC,cart,1013,30003,electronics.device_3,20092
2026-01-01 15:45:49 UTC,view,1013,30003,electronics.device_3,20257
2026-01-01 15:45:50 UTC,view,5112,30002,electronics.device_2,20204
2026-01-01 15:45:52 UTC,view,5130,30000,electronics.device_0,20256
2026-01-01 15:45:56 UTC,view,1022,30002,electronics.device_2,20223
2026-01-01 15:45:58 UTC,view,1023,30003,electronics.device_3,20093
2026-01-01 15:46:05 UTC,view,1002,30002,electronics.device_2,20199
2026-01-01 15:46:13 UTC,view,1017,30007,electronics.device_7,20489
2026-01-01 15:46:20 UTC,view,1016,30006,electronics.device_6,20350
2026-01-01 15:46:29 UTC,view,1004,30004,electronics.device_4,20043
2026-01-01 15:46:35 UTC,view,5151,30001,electronics.device_1,20336
2026-01-01 15:46:42 UTC,view,1006,30006,electronics.device_6,20066
2026-01-01 15:46:52 UTC,view,5059,30009,electronics.device_9,20233
2026-01-01 15:46:53 UTC,view,5048,30008,electronics.device_8,20344
2026-01-01 15:47:00 UTC,view,5016,30006,electronics.device_6,20156
2026-01-01 15:47:07 UTC,view,1007,30007,electronics.device_7,20060
2026-01-01 15:47:17 UTC,view,5030,30000,electronics.device_0,20400
2026-01-01 15:47:25 UTC,view,5164,30004,electronics.device_4,20274
2026-01-01 15:47:31 UTC,view,1007,30007,electronics.device_7,20218
2026-01-01 15:47:40 UTC,view,5188,30008,electronics.device_8,20346
2026-01-01 15:47:42 UTC,view,1001,30001,electronics.device_1,20486
2026-01-01 15:47:52 UTC,view,1007,30007,electronics.device_7,20417
2026-01-01 15:48:02 UTC,cart,5172,30002,electronics.device_2,20223
2026-01-01 15:48:03 UTC,view,5037,30007,electronics.device_7,20063
2026-01-01 15:48:11 UTC,view,5035,30005,electronics.device_5,20456
2026-01-01 15:48:21 UTC,view,5151,30001,electronics.device_1,20218
2026-01-01 15:48:27 UTC,view,5145,30005,electronics.device_5,20420
2026-01-01 15:48:28 UTC,view,5077,30007,electronics.device_7,20151
2026-01-01 15:48:34 UTC,view,5013,30003,electronics.device_3,20167
2026-01-01 15:48:39 UTC,view,5125,30005,electronics.device_5,20058
2026-01-01 15:48:45 UTC,view,5174,30004,electronics.device_4,20379
2026-01-01 15:48:52 UTC,view,1002,30002,electronics.device_2,20274
2026-01-01 15:48:54 UTC,view,1014,30004,electronics.device_4,20325
2026-01-01 15:49:02 UTC,cart,5020,30000,electronics.device_0,20177
2026-01-01 15:49:10 UTC,view,5152,30002,electronics.device_2,20471
2026-01-01 15:49:19 UTC,view,5091,30001,electronics.device_1,20040
2026-01-01 15:49:25 UTC,view,1015,30005,electronics.device_5,20312
2026-01-01 15:49:27 UTC,view,1020,30000,electronics.device_0,20372
2026-01-01 15:49:29 UTC,cart,1022,30002,electronics.device_2,20384
2026-01-01 15:49:34 UTC,view,5016,30006,electronics.device_6,20095
2026-01-01 15:49:39 UTC,view,5169,30009,electronics.device_9,20453
2026-01-01 15:49:41 UTC,purchase,5021,30001,electronics.device_1,20407
2026-01-01 15:49:45 UTC,view,5092,30002,electronics.device_2,20156
2026-01-01 15:49:55 UTC,view,5063,30003,electronics.device_3,20407
2026-01-01 15:49:59 UTC,view,5155,30005,electronics.device_5,20192
2026-01-01 15:50:09 UTC,view,5042,30002,electronics.device_2,20479
2026-01-01 15:50:16 UTC,view,1015,30005,electronics.device_5,20399
2026-01-01 15:50:19 UTC,view,1016,30006,electronics.device_6,20024
2026-01-01 15:50:29 UTC,cart,5004,30004,electronics.device_4,20348
2026-01-01 15:50:34 UTC,view,1014,30004,electronics.device_4,20107
2026-01-01 15:50:35 UTC,view,5012,30002,electronics.device_2,20141
2026-01-01 15:50:40 UTC,view,5036,30006,electronics.device_6,20500
2026-01-01 15:50:46 UTC,view,1024,30004,electronics.device_4,20010
2026-01-01 15:50:52 UTC,view,1013,30003,electronics.device_3,20148
2026-01-01 15:51:02 UTC,view,5035,30005,electronics.device_5,20326
2026-01-01 15:51:12 UTC,view,1018,30008,electronics.device_8,20244
2026-01-01 15:51:21 UTC,view,1006,30006,electronics.device_6,20164
2026-01-01 15:51:27 UTC,view,5027,30007,electronics.device_7,20438
2026-01-01 15:51:35 UTC,view,1007,30007,electronics.device_7,20088
2026-01-01 15:51:42 UTC,view,1005,30005,electronics.device_5,20339
2026-01-01 15:51:52 UTC,view,1015,30005,electronics.device_5,20288
2026-01-01 15:51:58 UTC,view,1017,30007,electronics.device_7,20272
2026-01-01 15:52:04 UTC,view,1005,30005,electronics.device_5,20162
2026-01-01 15:52:12 UTC,view,5145,30005,electronics.device_5,20080
2026-01-01 15:52:22 UTC,view,5099,30009,electronics.device_9,20181
2026-01-01 15:52:32 UTC,view,5020,30000,electronics.device_0,20392
2026-01-01 15:52:33 UTC,purchase,5184,30004,electronics.device_4,20285
2026-01-01 15:52:41 UTC,view,1020,30000,electronics.device_0,20276
2026-01-01 15:52:44 UTC,view,1018,30008,electronics.device_8,20436
2026-01-01 15:52:46 UTC,view,1024,30004,electronics.device_4,20109
2026-01-01 15:52:48 UTC,view,5092,30002,electronics.device_2,20443
2026-01-01 15:52:51 UTC,view,5192,30002,electronics.device_2,20377
2026-01-01 15:52:58 UTC,view,5081,30001,electronics.device_1,20385
2026-01-01 15:53:02 UTC,cart,5014,30004,electronics.device_4,20143
2026-01-01 15:53:08 UTC,view,5194,30004,electronics.device_4,20055
2026-01-01 15:53:14 UTC,view,5057,30007,electronics.device_7,20201
2026-01-01 15:53:18 UTC,view,5006,30006,electronics.device_6,20238
2026-01-01 15:53:23 UTC,view,5030,30000,electronics.device_0,20448
2026-01-01 15:53:26 UTC,view,5004,30004,electronics.device_4,20273
2026-01-01 15:53:32 UTC,view,5190,30000,electronics.device_0,20089
2026-01-01 15:53:34 UTC,view,1021,30001,electronics.device_1,20215
2026-01-01 15:53:41 UTC,view,5010,30000,electronics.device_0,20015
2026-01-01 15:53:51 UTC,view,1014,30004,electronics.device_4,20318
2026-01-01 15:54:00 UTC,view,1016,30006,electronics.device_6,20375
2026-01-01 15:54:07 UTC,view,1011,30001,electronics.device_1,20128
2026-01-01 15:54:10 UTC,view,5091,30001,electronics.device_1,20351
2026-01-01 15:54:12 UTC,view,1014,30004,electronics.device_4,20308
2026-01-01 15:54:19 UTC,view,5082,30002,electronics.device_2,20099
2026-01-01 15:54:22 UTC,view,5034,30004,electronics.device_4,20448
2026-01-01 15:54:26 UTC,view,1014,30004,electronics.device_4,20365
2026-01-01 15:54:30 UTC,view,1015,30005,electronics.device_5,20034
2026-01-01 15:54:31 UTC,view,1005,30005,electronics.device_5,20236
2026-01-01 15:54:35 UTC,view,5150,30000,electronics.device_0,20124
2026-01-01 15:54:38 UTC,view,5036,30006,electronics.device_6,20057
2026-01-01 15:54:48 UTC,cart,1019,30009,electronics.device_9,20466
2026-01-01 15:54:51 UTC,view,1000,30000,electronics.device_0,20493
2026-01-01 15:54:53 UTC,view,1003,30003,electronics.device_3,20350
2026-01-01 15:55:00 UTC,purchase,5066,30006,electronics.device_6,20442
2026-01-01 15:55:07 UTC,view,1011,30001,electronics.device_1,20491
2026-01-01 15:55:12 UTC,view,5166,30006,electronics.device_6,20367
2026-01-01 15:55:22 UTC,purchase,5131,30001,electronics.device_1,20366
2026-01-01 15:55:23 UTC,view,5024,30004,electronics.device_4,20372
2026-01-01 15:55:24 UTC,view,1024,30004,electronics.device_4,20425
2026-01-01 15:55:25 UTC,view,1011,30001,electronics.device_1,20475
2026-01-01 15:55:34 UTC,view,5122,30002,electronics.device_2,20220
2026-01-01 15:55:36 UTC,view,1003,30003,electronics.device_3,20135
2026-01-01 15:55:46 UTC,view,5185,30005,electronics.device_5,20370
2026-01-01 15:55:49 UTC,view,1012,30002,electronics.device_2,20174
2026-01-01 15:55:52 UTC,view,1024,30004,electronics.device_4,20108
2026-01-01 15:55:57 UTC,view,1024,30004,electronics.device_4,20356
2026-01-01 15:55:59 UTC,cart,5034,30004,electronics.device_4,20252
2026-01-01 15:56:03 UTC,view,5187,30007,electronics.device_7,20152
2026-01-01 15:56:11 UTC,view,1019,30009,electronics.device_9,20359
2026-01-01 15:56:16 UTC,view,5090,30000,electronics.device_0,20019
2026-01-01 15:56:19 UTC,view,1000,30000,electronics.device_0,20014
2026-01-01 15:56:23 UTC,view,1014,30004,electronics.device_4,20366
2026-01-01 15:56:28 UTC,cart,1007,30007,electronics.device_7,20082
2026-01-01 15:56:38 UTC,view,5124,30004,electronics.device_4,20366
2026-01-01 15:56:46 UTC,view,5144,30004,electronics.device_4,20381
2026-01-01 15:56:49 UTC,view,1000,30000,electronics.device_0,20440
2026-01-01 15:56:56 UTC,view,1006,30006,electronics.device_6,20015
2026-01-01 15:57:00 UTC,view,5098,30008,electronics.device_8,20300
2026-01-01 15:57:01 UTC,view,1007,30007,electronics.device_7,20261
2026-01-01 15:57:10 UTC,view,5007,30007,electronics.device_7,20461
2026-01-01 15:57:13 UTC,view,1001,30001,electronics.device_1,20301
2026-01-01 15:57:22 UTC,view,1010,30000,electronics.device_0,20194
2026-01-01 15:57:30 UTC,view,5131,30001,electronics.device_1,20269
2026-01-01 15:57:38 UTC,view,1014,30004,electronics.device_4,20195
2026-01-01 15:57:39 UTC,cart,5142,30002,electronics.device_2,20176
2026-01-01 15:57:43 UTC,view,1008,30008,electronics.device_8,20077
2026-01-01 15:57:48 UTC,view,5111,30001,electronics.device_1,20405
2026-01-01 15:57:50 UTC,view,5132,30002,electronics.device_2,20256
2026-01-01 15:57:58 UTC,cart,5091,30001,electronics.device_1,20465
2026-01-01 15:57:59 UTC,view,5182,30002,electronics.device_2,20401
2026-01-01 15:58:08 UTC,view,1016,30006,electronics.device_6,20187
2026-01-01 15:58:09 UTC,view,5004,30004,electronics.device_4,20488
2026-01-01 15:58:15 UTC,view,5059,30009,electronics.device_9,20284
2026-01-01 15:58:24 UTC,view,5179,30009,electronics.device_9,20041
2026-01-01 15:58:25 UTC,view,5028,30008,electronics.device_8,20127
2026-01-01 15:58:29 UTC,view,1006,30006,electronics.device_6,20094
2026-01-01 15:58:33 UTC,view,1016,30006,electronics.device_6,20234
2026-01-01 15:58:36 UTC,purchase,1020,30000,electronics.device_0,20137
2026-01-01 15:58:45 UTC,view,1017,30007,electronics.device_7,20098
2026-01-01 15:58:47 UTC,view,1017,30007,electronics.device_7,20032
2026-01-01 15:58:51 UTC,view,1016,30006,electronics.device_6,20390
2026-01-01 15:59:01 UTC,view,5044,30004,electronics.device_4,20275
2026-01-01 15:59:02 UTC,view,1013,30003,electronics.device_3,20038
2026-01-01 15:59:06 UTC,view,5044,30004,electronics.device_4,20043
2026-01-01 15:59:14 UTC,view,1001,30001,electronics.device_1,20302
2026-01-01 15:59:18 UTC,view,5106,30006,electronics.device_6,20292
2026-01-01 15:59:19 UTC,view,5097,30007,electronics.device_7,20464
2026-01-01 15:59:21 UTC,cart,5168,30008,electronics.device_8,20399
2026-01-01 15:59:25 UTC,view,5101,30001,electronics.device_1,20315
2026-01-01 15:59:33 UTC,view,1000,30000,electronics.device_0,20209
2026-01-01 15:59:43 UTC,view,1013,30003,electronics.device_3,20091
2026-01-01 15:59:49 UTC,view,5059,30009,electronics.device_9,20146
2026-01-01 15:59:54 UTC,cart,1010,30000,electronics.device_0,20128
2026-01-01 16:00:00 UTC,view,1015,30005,electronics.device_5,20258
2026-01-01 16:00:05 UTC,view,5120,30000,electronics.device_0,20388
2026-01-01 16:00:08 UTC,view,5049,30009,electronics.device_9,20458
2026-01-01 16:00:17 UTC,view,5040,30000,electronics.device_0,20092
2026-01-01 16:00:19 UTC,view,5189,30009,electronics.device_9,20156
2026-01-01 16:00:21 UTC,view,5026,30006,electronics.device_6,20352
2026-01-01 16:00:30 UTC,view,1018,30008,electronics.device_8,20056
2026-01-01 16:00:34 UTC,view,1009,30009,electronics.device_9,20157
2026-01-01 16:00:40 UTC,view,5192,30002,electronics.device_2,20053
2026-01-01 16:00:45 UTC,view,5112,30002,electronics.device_2,20345
2026-01-01 16:00:48 UTC,view,1015,30005,electronics.device_5,20393
2026-01-01 16:00:55 UTC,cart,1012,30002,electronics.device_2,20313
2026-01-01 16:00:58 UTC,purchase,1016,30006,electronics.device_6,20243
2026-01-01 16:01:08 UTC,view,5013,30003,electronics.device_3,20138
2026-01-01 16:01:12 UTC,view,1009,30009,electronics.device_9,20439
2026-01-01 16:01:17 UTC,view,1014,30004,electronics.device_4,20171
2026-01-01 16:01:23 UTC,view,5181,30001,electronics.device_1,20158
2026-01-01 16:01:30 UTC,view,5088,30008,electronics.device_8,20214
2026-01-01 16:01:31 UTC,cart,5190,30000,electronics.device_0,20029
2026-01-01 16:01:38 UTC,view,1006,30006,electronics.device_6,20072
2026-01-01 16:01:46 UTC,view,5192,30002,electronics.device_2,20420
2026-01-01 16:01:50 UTC,view,1006,30006,electronics.device_6,20132
2026-01-01 16:01:55 UTC,view,1016,30006,electronics.device_6,20219
2026-01-01 16:02:02 UTC,view,1016,30006,electronics.device_6,20379
2026-01-01 16:02:06 UTC,view,1010,30000,electronics.device_0,20226
2026-01-01 16:02:11 UTC,view,1004,30004,electronics.device_4,20083
2026-01-01 16:02:17 UTC,view,5170,30000,electronics.device_0,20370
2026-01-01 16:02:27 UTC,purchase,5040,30000,electronics.device_0,20485
2026-01-01 16:02:28 UTC,view,5199,30009,electronics.device_9,20353
2026-01-01 16:02:36 UTC,view,1002,30002,electronics.device_2,20311
2026-01-01 16:02:46 UTC,view,1017,30007,electronics.device_7,20029
2026-01-01 16:02:52 UTC,view,1016,30006,electronics.device_6,20225
2026-01-01 16:02:57 UTC,view,1006,30006,electronics.device_6,20451
2026-01-01 16:02:59 UTC,purchase,1016,30006,electronics.device_6,20376
2026-01-01 16:03:06 UTC,cart,1002,30002,electronics.device_2,20302
2026-01-01 16:03:11 UTC,view,5093,30003,electronics.device_3,20046
2026-01-01 16:03:19 UTC,view,1000,30000,electronics.device_0,20280
2026-01-01 16:03:24 UTC,view,5085,30005,electronics.device_5,20150
2026-01-01 16:03:25 UTC,view,1021,30001,electronics.device_1,20035
2026-01-01 16:03:31 UTC,cart,1009,30009,electronics.device_9,20229
2026-01-01 16:03:35 UTC,view,1019,30009,electronics.device_9,20117
2026-01-01 16:03:43 UTC,view,1010,30000,electronics.device_0,20347
2026-01-01 16:03:48 UTC,view,1005,30005,electronics.device_5,20478
2026-01-01 16:03:49 UTC,view,1021,30001,electronics.device_1,20211
2026-01-01 16:03:56 UTC,view,5002,30002,electronics.device_2,20409
2026-01-01 16:03:57 UTC,view,5070,30000,electronics.device_0,20263
2026-01-01 16:04:03 UTC,view,1008,30008,electronics.device_8,20017
2026-01-01 16:04:12 UTC,view,1017,30007,electronics.device_7,20252
2026-01-01 16:04:17 UTC,view,5094,30004,electronics.device_4,20035
2026-01-01 16:04:19 UTC,view,5089,30009,electronics.device_9,20286
2026-01-01 16:04:21 UTC,view,5072,30002,electronics.device_2,20263
2026-01-01 16:04:23 UTC,cart,5093,30003,electronics.device_3,20313
2026-01-01 16:04:27 UTC,view,5184,30004,electronics.device_4,20351
2026-01-01 16:04:34 UTC,view,1016,30006,electronics.device_6,20456
2026-01-01 16:04:37 UTC,view,5133,30003,electronics.device_3,20094
2026-01-01 16:04:47 UTC,view,1023,30003,electronics.device_3,20400
2026-01-01 16:04:54 UTC,view,1010,30000,electronics.device_0,20151
2026-01-01 16:04:55 UTC,view,5119,30009,electronics.device_9,20010
2026-01-01 16:04:56 UTC,view,1015,30005,electronics.device_5,20078
2026-01-01 16:05:01 UTC,view,1014,30004,electronics.device_4,20394
2026-01-01 16:05:07 UTC,view,5072,30002,electronics.device_2,20341
2026-01-01 16:05:11 UTC,view,5194,30004,electronics.device_4,20474
2026-01-01 16:05:17 UTC,cart,5166,30006,electronics.device_6,20079
2026-01-01 16:05:21 UTC,view,5195,30005,electronics.device_5,20158
2026-01-01 16:05:24 UTC,view,1001,30001,electronics.device_1,20309
2026-01-01 16:05:25 UTC,view,5199,30009,electronics.device_9,20179
2026-01-01 16:05:27 UTC,cart,1017,30007,electronics.device_7,20476
2026-01-01 16:05:31 UTC,view,5136,30006,electronics.device_6,20156
2026-01-01 16:05:34 UTC,purchase,5017,30007,electronics.device_7,20120
2026-01-01 16:05:38 UTC,view,5195,30005,electronics.device_5,20071
2026-01-01 16:05:46 UTC,view,1013,30003,electronics.device_3,20193
2026-01-01 16:05:47 UTC,cart,5027,30007,electronics.device_7,20438
2026-01-01 16:05:51 UTC,view,1019,30009,electronics.device_9,20225
2026-01-01 16:05:58 UTC,view,1001,30001,electronics.device_1,20195
2026-01-01 16:06:08 UTC,view,1013,30003,electronics.device_3,20090
2026-01-01 16:06:17 UTC,view,5096,30006,electronics.device_6,20063
2026-01-01 16:06:20 UTC,view,5187,30007,electronics.device_7,20482
2026-01-01 16:06:28 UTC,view,5179,30009,electronics.device_9,20384
2026-01-01 16:06:34 UTC,view,5012,30002,electronics.device_2,20047
2026-01-01 16:06:43 UTC,view,1009,30009,electronics.device_9,20261
2026-01-01 16:06:45 UTC,view,5033,30003,electronics.device_3,20195
2026-01-01 16:06:52 UTC,purchase,5004,30004,electronics.device_4,20052
2026-01-01 16:06:58 UTC,cart,1009,30009,electronics.device_9,20429
2026-01-01 16:07:00 UTC,cart,5022,30002,electronics.device_2,20334
2026-01-01 16:07:05 UTC,purchase,1017,30007,electronics.device_7,20044
2026-01-01 16:07:12 UTC,view,5041,30001,electronics.device_1,20494
2026-01-01 16:07:17 UTC,view,5173,30003,electronics.device_3,20166
2026-01-01 16:07:18 UTC,view,1022,30002,electronics.device_2,20091
2026-01-01 16:07:28 UTC,view,1004,30004,electronics.device_4,20080
2026-01-01 16:07:31 UTC,view,5155,30005,electronics.device_5,20020
2026-01-01 16:07:32 UTC,view,5105,30005,electronics.device_5,20444
2026-01-01 16:07:37 UTC,view,1015,30005,electronics.device_5,20422
2026-01-01 16:07:40 UTC,view,5014,30004,electronics.device_4,20480
2026-01-01 16:07:49 UTC,view,1002,30002,electronics.device_2,20415
2026-01-01 16:07:52 UTC,cart,1011,30001,electronics.device_1,20057
2026-01-01 16:07:55 UTC,view,1015,30005,electronics.device_5,20157
2026-01-01 16:08:02 UTC,view,5120,30000,electronics.device_0,20431
2026-01-01 16:08:07 UTC,view,5118,30008,electronics.device_8,20402
2026-01-01 16:08:08 UTC,view,1019,30009,electronics.device_9,20241
2026-01-01 16:08:09 UTC,cart,5176,30006,electronics.device_6,20468
2026-01-01 16:08:16 UTC,view,1023,30003,electronics.device_3,20391
2026-01-01 16:08:26 UTC,view,5169,30009,electronics.device_9,20081
2026-01-01 16:08:28 UTC,view,1007,30007,electronics.device_7,20115
2026-01-01 16:08:30 UTC,purchase,5014,30004,electronics.device_4,20058
2026-01-01 16:08:38 UTC,purchase,5037,30007,electronics.device_7,20439
2026-01-01 16:08:47 UTC,view,5025,30005,electronics.device_5,20309
2026-01-01 16:08:48 UTC,view,1009,30009,electronics.device_9,20461
2026-01-01 16:08:53 UTC,view,1015,30005,electronics.device_5,20277
2026-01-01 16:08:59 UTC,view,5114,30004,electronics.device_4,20050
2026-01-01 16:09:07 UTC,view,5052,30002,electronics.device_2,20437
2026-01-01 16:09:17 UTC,view,1000,30000,electronics.device_0,20264
2026-01-01 16:09:20 UTC,view,1023,30003,electronics.device_3,20043
2026-01-01 16:09:22 UTC,view,5167,30007,electronics.device_7,20455
2026-01-01 16:09:32 UTC,view,1003,30003,electronics.device_3,20129
2026-01-01 16:09:35 UTC,view,5173,30003,electronics.device_3,20169
2026-01-01 16:09:43 UTC,view,5142,30002,electronics.device_2,20265
2026-01-01 16:09:53 UTC,view,1011,30001,electronics.device_1,20068
2026-01-01 16:09:59 UTC,view,5016,30006,electronics.device_6,20075
2026-01-01 16:10:09 UTC,cart,5177,30007,electronics.device_7,20018
2026-01-01 16:10:16 UTC,view,5123,30003,electronics.device_3,20102
2026-01-01 16:10:19 UTC,view,1007,30007,electronics.device_7,20018
2026-01-01 16:10:23 UTC,view,1007,30007,electronics.device_7,20006
2026-01-01 16:10:33 UTC,view,5046,30006,electronics.device_6,20177
2026-01-01 16:10:37 UTC,cart,5121,30001,electronics.device_1,20498
2026-01-01 16:10:47 UTC,view,5007,30007,electronics.device_7,20110
2026-01-01 16:10:55 UTC,view,5118,30008,electronics.device_8,20226
2026-01-01 16:10:57 UTC,view,5181,30001,electronics.device_1,20394
2026-01-01 16:11:06 UTC,view,1022,30002,electronics.device_2,20457
2026-01-01 16:11:09 UTC,view,1005,30005,electronics.device_5,20447
2026-01-01 16:11:17 UTC,view,5195,30005,electronics.device_5,20340
2026-01-01 16:11:19 UTC,cart,5142,30002,electronics.device_2,20391
2026-01-01 16:11:28 UTC,view,1009,30009,electronics.device_9,20188
2026-01-01 16:11:35 UTC,view,5128,30008,electronics.device_8,20279
2026-01-01 16:11:38 UTC,view,1023,30003,electronics.device_3,20235
2026-01-01 16:11:40 UTC,view,1011,30001,electronics.device_1,20152
2026-01-01 16:11:43 UTC,view,1002,30002,electronics.device_2,20224
2026-01-01 16:11:52 UTC,purchase,1017,30007,electronics.device_7,20498
2026-01-01 16:12:01 UTC,view,1018,30008,electronics.device_8,20482
2026-01-01 16:12:10 UTC,view,1024,30004,electronics.device_4,20349
2026-01-01 16:12:14 UTC,view,5197,30007,electronics.device_7,20376
2026-01-01 16:12:20 UTC,view,5069,30009,electronics.device_9,20078
2026-01-01 16:12:30 UTC,view,5071,30001,electronics.device_1,20410
2026-01-01 16:12:39 UTC,view,1010,30000,electronics.device_0,20356
2026-01-01 16:12:48 UTC,view,1010,30000,electronics.device_0,20052
2026-01-01 16:12:51 UTC,view,5125,30005,electronics.device_5,20317
2026-01-01 16:12:55 UTC,view,5184,30004,electronics.device_4,20277
2026-01-01 16:13:05 UTC,cart,5017,30007,electronics.device_7,20143
2026-01-01 16:13:06 UTC,view,5005,30005,electronics.device_5,20462
2026-01-01 16:13:15 UTC,cart,5015,30005,electronics.device_5,20240
2026-01-01 16:13:21 UTC,view,1019,30009,electronics.device_9,20154
2026-01-01 16:13:22 UTC,view,1013,30003,electronics.device_3,20285
2026-01-01 16:13:27 UTC,cart,1006,30006,electronics.device_6,20314
2026-01-01 16:13:37 UTC,view,1009,30009,electronics.device_9,20211
2026-01-01 16:13:40 UTC,view,1023,30003,electronics.device_3,20083
2026-01-01 16:13:44 UTC,view,5000,30000,electronics.device_0,20331
2026-01-01 16:13:51 UTC,view,5000,30000,electronics.device_0,20128
2026-01-01 16:13:57 UTC,view,1011,30001,electronics.device_1,20486
2026-01-01 16:14:02 UTC,cart,1021,30001,electronics.device_1,20064
2026-01-01 16:14:12 UTC,view,5144,30004,electronics.device_4,20228
2026-01-01 16:14:15 UTC,view,5144,30004,electronics.device_4,20168
2026-01-01 16:14:16 UTC,view,5126,30006,electronics.device_6,20160
2026-01-01 16:14:25 UTC,view,1002,30002,electronics.device_2,20307
2026-01-01 16:14:33 UTC,view,1018,30008,electronics.device_8,20153
2026-01-01 16:14:35 UTC,view,5077,30007,electronics.device_7,20233
2026-01-01 16:14:38 UTC,cart,1011,30001,electronics.device_1,20387
2026-01-01 16:14:44 UTC,cart,1014,30004,electronics.device_4,20021
2026-01-01 16:14:51 UTC,view,1005,30005,electronics.device_5,20239
2026-01-01 16:14:58 UTC,view,5099,30009,electronics.device_9,20364
2026-01-01 16:15:06 UTC,view,5188,30008,electronics.device_8,20268
2026-01-01 16:15:08 UTC,purchase,1020,30000,electronics.device_0,20309
2026-01-01 16:15:18 UTC,view,1010,30000,electronics.device_0,20436
2026-01-01 16:15:26 UTC,purchase,5159,30009,electronics.device_9,20216
2026-01-01 16:15:27 UTC,view,5126,30006,electronics.device_6,20395
2026-01-01 16:15:32 UTC,view,5170,30000,electronics.device_0,20464
2026-01-01 16:15:37 UTC,view,5127,30007,electronics.device_7,20215
2026-01-01 16:15:42 UTC,view,1007,30007,electronics.device_7,20052
2026-01-01 16:15:50 UTC,view,1024,30004,electronics.device_4,20114
2026-01-01 16:16:00 UTC,view,5022,30002,electronics.device_2,20054
2026-01-01 16:16:08 UTC,view,5087,30007,electronics.device_7,20290
2026-01-01 16:16:15 UTC,view,5110,30000,electronics.device_0,20474
2026-01-01 16:16:22 UTC,view,1021,30001,electronics.device_1,20303
2026-01-01 16:16:24 UTC,view,5094,30004,electronics.device_4,20495
2026-01-01 16:16:28 UTC,view,1009,30009,electronics.device_9,20364
2026-01-01 16:16:38 UTC,view,5015,30005,electronics.device_5,20368
2026-01-01 16:16:39 UTC,view,1002,30002,electronics.device_2,20226
2026-01-01 16:16:47 UTC,cart,5093,30003,electronics.device_3,20020
2026-01-01 16:16:54 UTC,view,5121,30001,electronics.device_1,20222
2026-01-01 16:16:55 UTC,view,1010,30000,electronics.device_0,20013
2026-01-01 16:17:01 UTC,view,1000,30000,electronics.device_0,20212
2026-01-01 16:17:02 UTC,view,5173,30003,electronics.device_3,20457
2026-01-01 16:17:07 UTC,view,1008,30008,electronics.device_8,20177
2026-01-01 16:17:13 UTC,view,1002,30002,electronics.device_2,20402
2026-01-01 16:17:14 UTC,view,1016,30006,electronics.device_6,20326
2026-01-01 16:17:19 UTC,view,5193,30003,electronics.device_3,20108
2026-01-01 16:17:28 UTC,cart,5194,30004,electronics.device_4,20332
2026-01-01 16:17:34 UTC,view,5179,30009,electronics.device_9,20179
2026-01-01 16:17:37 UTC,cart,5055,30005,electronics.device_5,20171
2026-01-01 16:17:43 UTC,view,5115,30005,electronics.device_5,20413
2026-01-01 16:17:47 UTC,view,1012,30002,electronics.device_2,20052
2026-01-01 16:17:49 UTC,view,5127,30007,electronics.device_7,20319
2026-01-01 16:17:57 UTC,view,5127,30007,electronics.device_7,20196
2026-01-01 16:18:01 UTC,cart,1010,30000,electronics.device_0,20249
2026-01-01 16:18:07 UTC,view,1022,30002,electronics.device_2,20459
2026-01-01 16:18:13 UTC,view,5186,30006,electronics.device_6,20087
2026-01-01 16:18:19 UTC,view,1008,30008,electronics.device_8,20298
2026-01-01 16:18:24 UTC,view,5059,30009,electronics.device_9,20287
2026-01-01 16:18:29 UTC,view,5187,30007,electronics.device_7,20092
2026-01-01 16:18:36 UTC,view,5116,30006,electronics.device_6,20102
2026-01-01 16:18:38 UTC,view,1021,30001,electronics.device_1,20469
2026-01-01 16:18:45 UTC,view,1009,30009,electronics.device_9,20175
2026-01-01 16:18:54 UTC,view,1006,30006,electronics.device_6,20472
2026-01-01 16:19:01 UTC,view,1003,30003,electronics.device_3,20377
2026-01-01 16:19:06 UTC,view,5114,30004,electronics.device_4,20043
2026-01-01 16:19:12 UTC,view,1015,30005,electronics.device_5,20021
2026-01-01 16:19:16 UTC,view,5080,30000,electronics.device_0,20141
2026-01-01 16:19:17 UTC,view,5053,30003,electronics.device_3,20356
2026-01-01 16:19:21 UTC,cart,1000,30000,electronics.device_0,20226
2026-01-01 16:19:25 UTC,view,1024,30004,electronics.device_4,20125
2026-01-01 16:19:26 UTC,view,5113,30003,electronics.device_3,20225
2026-01-01 16:19:33 UTC,view,5084,30004,electronics.device_4,20291
2026-01-01 16:19:37 UTC,view,5011,30001,electronics.device_1,20266
2026-01-01 16:19:47 UTC,view,5004,30004,electronics.device_4,20455
2026-01-01 16:19:54 UTC,view,5182,30002,electronics.device_2,20408
2026-01-01 16:20:00 UTC,view,1009,30009,electronics.device_9,20187
2026-01-01 16:20:04 UTC,view,1013,30003,electronics.device_3,20040
2026-01-01 16:20:07 UTC,cart,1014,30004,electronics.device_4,20360
2026-01-01 16:20:11 UTC,view,5075,30005,electronics.device_5,20050
2026-01-01 16:20:20 UTC,view,5162,30002,electronics.device_2,20161
2026-01-01 16:20:22 UTC,view,5109,30009,electronics.device_9,20179
2026-01-01 16:20:31 UTC,view,1014,30004,electronics.device_4,20295
2026-01-01 16:20:32 UTC,view,5035,30005,electronics.device_5,20255
2026-01-01 16:20:42 UTC,view,5023,30003,electronics.device_3,20088
2026-01-01 16:20:43 UTC,view,5086,30006,electronics.device_6,20333
2026-01-01 16:20:44 UTC,view,1002,30002,electronics.device_2,20362
2026-01-01 16:20:47 UTC,view,1007,30007,electronics.device_7,20034
2026-01-01 16:20:52 UTC,view,5091,30001,electronics.device_1,20460
2026-01-01 16:20:53 UTC,view,5165,30005,electronics.device_5,20221
2026-01-01 16:20:56 UTC,view,5002,30002,electronics.device_2,20232
2026-01-01 16:21:01 UTC,view,5075,30005,electronics.device_5,20156
2026-01-01 16:21:07 UTC,view,1019,30009,electronics.device_9,20449
2026-01-01 16:21:16 UTC,view,5008,30008,electronics.device_8,20277
2026-01-01 16:21:26 UTC,cart,1011,30001,electronics.device_1,20498
2026-01-01 16:21:36 UTC,view,1002,30002,electronics.device_2,20184
2026-01-01 16:21:46 UTC,view,1011,30001,electronics.device_1,20037
2026-01-01 16:21:56 UTC,view,1007,30007,electronics.device_7,20374
2026-01-01 16:21:59 UTC,view,5175,30005,electronics.device_5,20308
2026-01-01 16:22:02 UTC,view,1017,30007,electronics.device_7,20476
2026-01-01 16:22:10 UTC,view,5173,30003,electronics.device_3,20046
2026-01-01 16:22:12 UTC,view,5006,30006,electronics.device_6,20486
2026-01-01 16:22:19 UTC,view,5008,30008,electronics.device_8,20243
2026-01-01 16:22:22 UTC,view,1000,30000,electronics.device_0,20160
2026-01-01 16:22:28 UTC,view,1015,30005,electronics.device_5,20451
2026-01-01 16:22:33 UTC,view,5055,30005,electronics.device_5,20134
2026-01-01 16:22:40 UTC,view,1002,30002,electronics.device_2,20332
2026-01-01 16:22:42 UTC,view,1023,30003,electronics.device_3,20049
2026-01-01 16:22:51 UTC,view,1006,30006,electronics.device_6,20311
2026-01-01 16:22:52 UTC,view,5085,30005,electronics.device_5,20192
2026-01-01 16:22:54 UTC,view,1011,30001,electronics.device_1,20271
2026-01-01 16:22:55 UTC,view,1002,30002,electronics.device_2,20157
2026-01-01 16:22:56 UTC,view,5090,30000,electronics.device_0,20440
2026-01-01 16:22:58 UTC,view,1013,30003,electronics.device_3,20318
2026-01-01 16:23:06 UTC,view,1018,30008,electronics.device_8,20500
2026-01-01 16:23:12 UTC,cart,1024,30004,electronics.device_4,20468
2026-01-01 16:23:15 UTC,view,5107,30007,electronics.device_7,20091
2026-01-01 16:23:23 UTC,view,5161,30001,electronics.device_1,20396
2026-01-01 16:23:26 UTC,view,5059,30009,electronics.device_9,20420
2026-01-01 16:23:34 UTC,view,1015,30005,electronics.device_5,20479
2026-01-01 16:23:43 UTC,view,1011,30001,electronics.device_1,20160
2026-01-01 16:23:48 UTC,view,1005,30005,electronics.device_5,20093
2026-01-01 16:23:58 UTC,view,5065,30005,electronics.device_5,20052
2026-01-01 16:24:06 UTC,view,1023,30003,electronics.device_3,20314
2026-01-01 16:24:12 UTC,cart,5032,30002,electronics.device_2,20281
2026-01-01 16:24:19 UTC,cart,5029,30009,electronics.device_9,20343
2026-01-01 16:24:28 UTC,view,1008,30008,electronics.device_8,20188
2026-01-01 16:24:31 UTC,purchase,1022,30002,electronics.device_2,20252
2026-01-01 16:24:35 UTC,view,5006,30006,electronics.device_6,20031
2026-01-01 16:24:43 UTC,view,5137,30007,electronics.device_7,20430
2026-01-01 16:24:53 UTC,view,1000,30000,electronics.device_0,20047
2026-01-01 16:24:59 UTC,view,5069,30009,electronics.device_9,20360
2026-01-01 16:25:08 UTC,view,5067,30007,electronics.device_7,20280
2026-01-01 16:25:12 UTC,view,1019,30009,electronics.device_9,20230
2026-01-01 16:25:16 UTC,cart,1024,30004,electronics.device_4,20219
2026-01-01 16:25:23 UTC,view,5022,30002,electronics.device_2,20252
2026-01-01 16:25:24 UTC,view,5051,30001,electronics.device_1,20288
2026-01-01 16:25:32 UTC,view,5112,30002,electronics.device_2,20255
2026-01-01 16:25:37 UTC,view,5194,30004,electronics.device_4,20029
2026-01-01 16:25:46 UTC,view,1021,30001,electronics.device_1,20046
2026-01-01 16:25:51 UTC,view,5100,30000,electronics.device_0,20293
2026-01-01 16:26:00 UTC,view,1013,30003,electronics.device_3,20379
2026-01-01 16:26:01 UTC,view,5073,30003,electronics.device_3,20495
2026-01-01 16:26:06 UTC,view,1022,30002,electronics.device_2,20494
2026-01-01 16:26:15 UTC,view,1001,30001,electronics.device_1,20351
2026-01-01 16:26:22 UTC,view,5178,30008,electronics.device_8,20435
2026-01-01 16:26:25 UTC,view,5060,30000,electronics.device_0,20358
2026-01-01 16:26:26 UTC,view,1009,30009,electronics.device_9,20487
2026-01-01 16:26:29 UTC,view,1013,30003,electronics.device_3,20038
2026-01-01 16:26:33 UTC,view,5053,30003,electronics.device_3,20328
2026-01-01 16:26:43 UTC,view,1007,30007,electronics.device_7,20196
2026-01-01 16:26:47 UTC,view,5152,30002,electronics.device_2,20149
2026-01-01 16:26:48 UTC,view,1023,30003,electronics.device_3,20469
2026-01-01 16:26:54 UTC,purchase,1015,30005,electronics.device_5,20424
2026-01-01 16:26:58 UTC,cart,1015,30005,electronics.device_5,20206
2026-01-01 16:26:59 UTC,view,1004,30004,electronics.device_4,20127
2026-01-01 16:27:09 UTC,view,5142,30002,electronics.device_2,20473
2026-01-01 16:27:16 UTC,view,5148,30008,electronics.device_8,20443
2026-01-01 16:27:21 UTC,cart,1004,30004,electronics.device_4,20335
2026-01-01 16:27:26 UTC,view,5009,30009,electronics.device_9,20213
2026-01-01 16:27:33 UTC,view,1018,30008,electronics.device_8,20462
2026-01-01 16:27:37 UTC,view,5198,30008,electronics.device_8,20308
2026-01-01 16:27:38 UTC,view,5120,30000,electronics.device_0,20022
2026-01-01 16:27:46 UTC,view,1015,30005,electronics.device_5,20115
2026-01-01 16:27:48 UTC,view,5126,30006,electronics.device_6,20082
2026-01-01 16:27:56 UTC,view,1009,30009,electronics.device_9,20168
2026-01-01 16:27:59 UTC,view,5178,30008,electronics.device_8,20349
2026-01-01 16:28:06 UTC,view,1020,30000,electronics.device_0,20146
2026-01-01 16:28:16 UTC,view,1008,30008,electronics.device_8,20062
2026-01-01 16:28:23 UTC,purchase,1003,30003,electronics.device_3,20285
2026-01-01 16:28:31 UTC,view,1002,30002,electronics.device_2,20019
2026-01-01 16:28:39 UTC,view,5045,30005,electronics.device_5,20118
2026-01-01 16:28:40 UTC,view,1023,30003,electronics.device_3,20391
2026-01-01 16:28:42 UTC,view,1023,30003,electronics.device_3,20190
2026-01-01 16:28:50 UTC,view,5178,30008,electronics.device_8,20306
2026-01-01 16:28:51 UTC,cart,5139,30009,electronics.device_9,20393
2026-01-01 16:28:55 UTC,view,5193,30003,electronics.device_3,20163
2026-01-01 16:28:56 UTC,view,5091,30001,electronics.device_1,20079
2026-01-01 16:29:02 UTC,cart,1003,30003,electronics.device_3,20180
2026-01-01 16:29:10 UTC,cart,1002,30002,electronics.device_2,20029
2026-01-01 16:29:17 UTC,view,1019,30009,electronics.device_9,20150
2026-01-01 16:29:26 UTC,view,1007,30007,electronics.device_7,20322
2026-01-01 16:29:30 UTC,view,1021,30001,electronics.device_1,20225
2026-01-01 16:29:31 UTC,view,5025,30005,electronics.device_5,20126
2026-01-01 16:29:41 UTC,view,5070,30000,electronics.device_0,20083
2026-01-01 16:29:44 UTC,purchase,5080,30000,electronics.device_0,20030
2026-01-01 16:29:46 UTC,view,5150,30000,electronics.device_0,20266
2026-01-01 16:29:55 UTC,view,1008,30008,electronics.device_8,20087
2026-01-01 16:30:01 UTC,view,1014,30004,electronics.device_4,20462
2026-01-01 16:30:03 UTC,view,5150,30000,electronics.device_0,20196
2026-01-01 16:30:04 UTC,view,5088,30008,electronics.device_8,20199
2026-01-01 16:30:14 UTC,cart,1011,30001,electronics.device_1,20391
2026-01-01 16:30:15 UTC,view,5088,30008,electronics.device_8,20011
2026-01-01 16:30:23 UTC,view,5092,30002,electronics.device_2,20145
2026-01-01 16:30:33 UTC,view,1023,30003,electronics.device_3,20384
2026-01-01 16:30:37 UTC,view,5149,30009,electronics.device_9,20129
2026-01-01 16:30:43 UTC,view,5125,30005,electronics.device_5,20471
2026-01-01 16:30:46 UTC,view,5032,30002,electronics.device_2,20185
2026-01-01 16:30:50 UTC,view,1023,30003,electronics.device_3,20375
2026-01-01 16:30:53 UTC,purchase,1023,30003,electronics.device_3,20452
2026-01-01 16:30:56 UTC,view,1013,30003,electronics.device_3,20222
2026-01-01 16:31:01 UTC,view,1023,30003,electronics.device_3,20211
2026-01-01 16:31:10 UTC,purchase,1016,30006,electronics.device_6,20065
2026-01-01 16:31:16 UTC,cart,1006,30006,electronics.device_6,20216
2026-01-01 16:31:23 UTC,view,5035,30005,electronics.device_5,20228
2026-01-01 16:31:30 UTC,view,5037,30007,electronics.device_7,20167
2026-01-01 16:31:37 UTC,view,1018,30008,electronics.device_8,20106
2026-01-01 16:31:41 UTC,view,1011,30001,electronics.device_1,20292
2026-01-01 16:31:45 UTC,view,5173,30003,electronics.device_3,20317
2026-01-01 16:31:51 UTC,view,5037,30007,electronics.device_7,20392
2026-01-01 16:31:58 UTC,view,1016,30006,electronics.device_6,20110
2026-01-01 16:32:05 UTC,view,1022,30002,electronics.device_2,20278
2026-01-01 16:32:13 UTC,cart,1003,30003,electronics.device_3,20490
2026-01-01 16:32:23 UTC,view,5011,30001,electronics.device_1,20112
2026-01-01 16:32:29 UTC,cart,5082,30002,electronics.device_2,20338
2026-01-01 16:32:36 UTC,view,5064,30004,electronics.device_4,20483
2026-01-01 16:32:44 UTC,view,1012,30002,electronics.device_2,20198
2026-01-01 16:32:54 UTC,view,5141,30001,electronics.device_1,20382
2026-01-01 16:33:04 UTC,view,5193,30003,electronics.device_3,20206
2026-01-01 16:33:14 UTC,view,1001,30001,electronics.device_1,20163
2026-01-01 16:33:22 UTC,cart,1000,30000,electronics.device_0,20067
2026-01-01 16:33:30 UTC,view,1011,30001,electronics.device_1,20391
2026-01-01 16:33:40 UTC,view,5071,30001,electronics.device_1,20449
2026-01-01 16:33:41 UTC,view,5146,30006,electronics.device_6,20034
2026-01-01 16:33:43 UTC,view,1010,30000,electronics.device_0,20442
2026-01-01 16:33:44 UTC,cart,1019,30009,electronics.device_9,20161
2026-01-01 16:33:50 UTC,view,1003,30003,electronics.device_3,20491
2026-01-01 16:33:54 UTC,view,1007,30007,electronics.device_7,20186
2026-01-01 16:34:04 UTC,view,1011,30001,electronics.device_1,20425
2026-01-01 16:34:12 UTC,view,5043,30003,electronics.device_3,20090
2026-01-01 16:34:17 UTC,view,1005,30005,electronics.device_5,20288
2026-01-01 16:34:20 UTC,view,1002,30002,electronics.device_2,20061
2026-01-01 16:34:29 UTC,view,5116,30006,electronics.device_6,20288
2026-01-01 16:34:38 UTC,view,5121,30001,electronics.device_1,20144
2026-01-01 16:34:42 UTC,view,1008,30008,electronics.device_8,20076
2026-01-01 16:34:50 UTC,view,1024,30004,electronics.device_4,20070
2026-01-01 16:34:57 UTC,view,5042,30002,electronics.device_2,20088
2026-01-01 16:34:58 UTC,view,5100,30000,electronics.device_0,20419
2026-01-01 16:35:04 UTC,view,5025,30005,electronics.device_5,20094
2026-01-01 16:35:12 UTC,purchase,1010,30000,electronics.device_0,20485
2026-01-01 16:35:22 UTC,cart,1001,30001,electronics.device_1,20044
2026-01-01 16:35:28 UTC,view,1010,30000,electronics.device_0,20320
2026-01-01 16:35:33 UTC,view,5146,30006,electronics.device_6,20077
2026-01-01 16:35:35 UTC,view,5142,30002,electronics.device_2,20325
2026-01-01 16:35:41 UTC,view,1024,30004,electronics.device_4,20486
2026-01-01 16:35:43 UTC,view,1006,30006,electronics.device_6,20410
2026-01-01 16:35:51 UTC,view,1008,30008,electronics.device_8,20303
2026-01-01 16:35:58 UTC,view,1011,30001,electronics.device_1,20130
2026-01-01 16:36:02 UTC,view,5062,30002,electronics.device_2,20267
2026-01-01 16:36:03 UTC,view,5050,30000,electronics.device_0,20086
2026-01-01 16:36:04 UTC,view,5132,30002,electronics.device_2,20157
2026-01-01 16:36:09 UTC,purchase,5029,30009,electronics.device_9,20173
2026-01-01 16:36:10 UTC,view,1014,30004,electronics.device_4,20389
2026-01-01 16:36:18 UTC,view,5137,30007,electronics.device_7,20283
2026-01-01 16:36:19 UTC,cart,1016,30006,electronics.device_6,20475
2026-01-01 16:36:29 UTC,view,1005,30005,electronics.device_5,20010
2026-01-01 16:36:34 UTC,view,1019,30009,electronics.device_9,20241
2026-01-01 16:36:41 UTC,view,1023,30003,electronics.device_3,20345
2026-01-01 16:36:46 UTC,view,5156,30006,electronics.device_6,20188
2026-01-01 16:36:55 UTC,view,5017,30007,electronics.device_7,20176
2026-01-01 16:36:58 UTC,view,1002,30002,electronics.device_2,20283
2026-01-01 16:37:02 UTC,view,5050,30000,electronics.device_0,20043
2026-01-01 16:37:10 UTC,view,5143,30003,electronics.device_3,20342
2026-01-01 16:37:16 UTC,cart,5060,30000,electronics.device_0,20012
2026-01-01 16:37:19 UTC,view,5190,30000,electronics.device_0,20039
2026-01-01 16:37:22 UTC,view,1016,30006,electronics.device_6,20293
2026-01-01 16:37:26 UTC,view,5198,30008,electronics.device_8,20039
2026-01-01 16:37:27 UTC,view,5170,30000,electronics.device_0,20414
2026-01-01 16:37:33 UTC,view,5116,30006,electronics.device_6,20299
2026-01-01 16:37:41 UTC,cart,5123,30003,electronics.device_3,20403
2026-01-01 16:37:43 UTC,view,5113,30003,electronics.device_3,20361
2026-01-01 16:37:46 UTC,cart,1002,30002,electronics.device_2,20475
2026-01-01 16:37:48 UTC,view,1020,30000,electronics.device_0,20488
2026-01-01 16:37:50 UTC,view,1001,30001,electronics.device_1,20352
2026-01-01 16:37:54 UTC,view,1007,30007,electronics.device_7,20041
2026-01-01 16:38:01 UTC,view,1014,30004,electronics.device_4,20099
2026-01-01 16:38:09 UTC,view,1001,30001,electronics.device_1,20254
2026-01-01 16:38:19 UTC,view,5161,30001,electronics.device_1,20148
2026-01-01 16:38:29 UTC,view,1006,30006,electronics.device_6,20260
2026-01-01 16:38:30 UTC,view,1015,30005,electronics.device_5,20102
2026-01-01 16:38:35 UTC,cart,1023,30003,electronics.device_3,20295
2026-01-01 16:38:39 UTC,view,5158,30008,electronics.device_8,20390
2026-01-01 16:38:41 UTC,view,1021,30001,electronics.device_1,20165
2026-01-01 16:38:45 UTC,view,1008,30008,electronics.device_8,20429
2026-01-01 16:38:55 UTC,view,1001,30001,electronics.device_1,20260
2026-01-01 16:39:00 UTC,view,1011,30001,electronics.device_1,20423
2026-01-01 16:39:06 UTC,view,5176,30006,electronics.device_6,20004
2026-01-01 16:39:11 UTC,view,1019,30009,electronics.device_9,20034
2026-01-01 16:39:12 UTC,view,1007,30007,electronics.device_7,20463
2026-01-01 16:39:13 UTC,view,5117,30007,electronics.device_7,20221
2026-01-01 16:39:15 UTC,view,5145,30005,electronics.device_5,20367
2026-01-01 16:39:23 UTC,purchase,1006,30006,electronics.device_6,20346
2026-01-01 16:39:25 UTC,view,1013,30003,electronics.device_3,20470
2026-01-01 16:39:31 UTC,view,5157,30007,electronics.device_7,20348
2026-01-01 16:39:33 UTC,view,5091,30001,electronics.device_1,20430
2026-01-01 16:39:39 UTC,view,5030,30000,electronics.device_0,20416
2026-01-01 16:39:47 UTC,view,1014,30004,electronics.device_4,20391
2026-01-01 16:39:55 UTC,view,1010,30000,electronics.device_0,20382
2026-01-01 16:39:59 UTC,view,1016,30006,electronics.device_6,20022
2026-01-01 16:40:05 UTC,view,5009,30009,electronics.device_9,20237
2026-01-01 16:40:11 UTC,view,5006,30006,electronics.device_6,20461
2026-01-01 16:40:19 UTC,view,5031,30001,electronics.device_1,20378
2026-01-01 16:40:26 UTC,cart,5014,30004,electronics.device_4,20448
2026-01-01 16:40:29 UTC,view,1012,30002,electronics.device_2,20446
2026-01-01 16:40:32 UTC,view,5004,30004,electronics.device_4,20223
2026-01-01 16:40:35 UTC,view,1002,30002,electronics.device_2,20095
2026-01-01 16:40:39 UTC,view,1023,30003,electronics.device_3,20242
2026-01-01 16:40:42 UTC,view,1013,30003,electronics.device_3,20012
2026-01-01 16:40:50 UTC,view,5000,30000,electronics.device_0,20425
2026-01-01 16:40:59 UTC,view,1017,30007,electronics.device_7,20250
2026-01-01 16:41:09 UTC,view,5170,30000,electronics.device_0,20223
2026-01-01 16:41:12 UTC,purchase,5049,30009,electronics.device_9,20031
2026-01-01 16:41:18 UTC,view,1004,30004,electronics.device_4,20166
2026-01-01 16:41:26 UTC,view,5111,30001,electronics.device_1,20121
2026-01-01 16:41:35 UTC,view,5053,30003,electronics.device_3,20214
2026-01-01 16:41:43 UTC,purchase,1006,30006,electronics.device_6,20324
2026-01-01 16:41:46 UTC,view,1023,30003,electronics.device_3,20351
2026-01-01 16:41:56 UTC,view,5019,30009,electronics.device_9,20307
2026-01-01 16:41:59 UTC,view,5071,30001,electronics.device_1,20372
2026-01-01 16:42:05 UTC,cart,5152,30002,electronics.device_2,20190
2026-01-01 16:42:15 UTC,view,5042,30002,electronics.device_2,20229
2026-01-01 16:42:21 UTC,view,5013,30003,electronics.device_3,20484
2026-01-01 16:42:27 UTC,view,5152,30002,electronics.device_2,20447
2026-01-01 16:42:33 UTC,cart,5124,30004,electronics.device_4,20498
2026-01-01 16:42:41 UTC,view,1018,30008,electronics.device_8,20296
2026-01-01 16:42:47 UTC,view,5157,30007,electronics.device_7,20066
2026-01-01 16:42:53 UTC,view,5123,30003,electronics.device_3,20467
2026-01-01 16:42:57 UTC,view,5162,30002,electronics.device_2,20122
2026-01-01 16:43:01 UTC,view,5050,30000,electronics.device_0,20456
2026-01-01 16:43:02 UTC,view,1010,30000,electronics.device_0,20049
2026-01-01 16:43:09 UTC,view,5184,30004,electronics.device_4,20165
2026-01-01 16:43:11 UTC,view,5070,30000,electronics.device_0,20309
2026-01-01 16:43:16 UTC,view,1009,30009,electronics.device_9,20399
2026-01-01 16:43:20 UTC,view,5194,30004,electronics.device_4,20074
2026-01-01 16:43:26 UTC,view,5198,30008,electronics.device_8,20127
2026-01-01 16:43:30 UTC,view,5124,30004,electronics.device_4,20183
2026-01-01 16:43:40 UTC,view,5047,30007,electronics.device_7,20402
2026-01-01 16:43:45 UTC,view,1013,30003,electronics.device_3,20161
2026-01-01 16:43:55 UTC,view,5074,30004,electronics.device_4,20416
2026-01-01 16:43:59 UTC,view,5105,30005,electronics.device_5,20152
2026-01-01 16:44:00 UTC,cart,5176,30006,electronics.device_6,20269
2026-01-01 16:44:09 UTC,view,1019,30009,electronics.device_9,20193
2026-01-01 16:44:16 UTC,view,5158,30008,electronics.device_8,20006
2026-01-01 16:44:21 UTC,view,1008,30008,electronics.device_8,20152
2026-01-01 16:44:22 UTC,view,1014,30004,electronics.device_4,20391
2026-01-01 16:44:29 UTC,view,1015,30005,electronics.device_5,20398
2026-01-01 16:44:32 UTC,view,5028,30008,electronics.device_8,20285
2026-01-01 16:44:35 UTC,view,5104,30004,electronics.device_4,20161
2026-01-01 16:44:37 UTC,view,1015,30005,electronics.device_5,20102
2026-01-01 16:44:47 UTC,view,5032,30002,electronics.device_2,20301
2026-01-01 16:44:50 UTC,purchase,1015,30005,electronics.device_5,20064
2026-01-01 16:44:51 UTC,view,1017,30007,electronics.device_7,20189
2026-01-01 16:44:54 UTC,view,1011,30001,electronics.device_1,20193
2026-01-01 16:45:03 UTC,view,1013,30003,electronics.device_3,20331
2026-01-01 16:45:09 UTC,view,5002,30002,electronics.device_2,20314
2026-01-01 16:45:10 UTC,view,5129,30009,electronics.device_9,20290
2026-01-01 16:45:20 UTC,cart,1020,30000,electronics.device_0,20029
2026-01-01 16:45:23 UTC,view,5054,30004,electronics.device_4,20035
2026-01-01 16:45:26 UTC,view,1002,30002,electronics.device_2,20084
2026-01-01 16:45:30 UTC,view,1022,30002,electronics.device_2,20498
2026-01-01 16:45:36 UTC,view,1023,30003,electronics.device_3,20176
2026-01-01 16:45:38 UTC,view,5052,30002,electronics.device_2,20032
2026-01-01 16:45:47 UTC,view,5013,30003,electronics.device_3,20203
2026-01-01 16:45:50 UTC,view,5080,30000,electronics.device_0,20417
2026-01-01 16:45:54 UTC,view,5029,30009,electronics.device_9,20391
2026-01-01 16:45:59 UTC,view,1016,30006,electronics.device_6,20331
2026-01-01 16:46:08 UTC,view,1012,30002,electronics.device_2,20432
2026-01-01 16:46:12 UTC,view,5045,30005,electronics.device_5,20113
2026-01-01 16:46:16 UTC,purchase,1003,30003,electronics.device_3,20071
2026-01-01 16:46:25 UTC,view,1013,30003,electronics.device_3,20388
2026-01-01 16:46:32 UTC,view,1009,30009,electronics.device_9,20149
2026-01-01 16:46:40 UTC,view,1012,30002,electronics.device_2,20357
2026-01-01 16:46:47 UTC,view,5081,30001,electronics.device_1,20103
2026-01-01 16:46:57 UTC,view,1018,30008,electronics.device_8,20299
2026-01-01 16:47:05 UTC,view,1003,30003,electronics.device_3,20042
2026-01-01 16:47:15 UTC,view,1013,30003,electronics.device_3,20425
2026-01-01 16:47:18 UTC,view,5003,30003,electronics.device_3,20275
2026-01-01 16:47:19 UTC,view,5121,30001,electronics.device_1,20145
2026-01-01 16:47:24 UTC,view,5084,30004,electronics.device_4,20199
2026-01-01 16:47:27 UTC,view,1003,30003,electronics.device_3,20132
2026-01-01 16:47:33 UTC,view,1000,30000,electronics.device_0,20134
2026-01-01 16:47:40 UTC,view,1011,30001,electronics.device_1,20232
2026-01-01 16:47:41 UTC,view,5028,30008,electronics.device_8,20334
2026-01-01 16:47:50 UTC,view,5194,30004,electronics.device_4,20095
2026-01-01 16:47:52 UTC,view,1021,30001,electronics.device_1,20055
2026-01-01 16:47:56 UTC,view,1002,30002,electronics.device_2,20377
2026-01-01 16:48:01 UTC,view,5153,30003,electronics.device_3,20454
2026-01-01 16:48:11 UTC,view,1005,30005,electronics.device_5,20028
2026-01-01 16:48:15 UTC,cart,5090,30000,electronics.device_0,20432
2026-01-01 16:48:20 UTC,view,1011,30001,electronics.device_1,20159
2026-01-01 16:48:21 UTC,view,1010,30000,electronics.device_0,20441
2026-01-01 16:48:27 UTC,view,1005,30005,electronics.device_5,20369
2026-01-01 16:48:34 UTC,view,5168,30008,electronics.device_8,20201
2026-01-01 16:48:44 UTC,view,5185,30005,electronics.device_5,20252
2026-01-01 16:48:52 UTC,view,5087,30007,electronics.device_7,20408
2026-01-01 16:48:56 UTC,view,1014,30004,electronics.device_4,20453
2026-01-01 16:48:57 UTC,view,1015,30005,electronics.device_5,20439
2026-01-01 16:48:58 UTC,cart,1015,30005,electronics.device_5,20156
2026-01-01 16:49:06 UTC,view,1020,30000,electronics.device_0,20493
2026-01-01 16:49:09 UTC,view,1024,30004,electronics.device_4,20111
2026-01-01 16:49:13 UTC,view,5016,30006,electronics.device_6,20191
2026-01-01 16:49:15 UTC,view,1018,30008,electronics.device_8,20012
2026-01-01 16:49:20 UTC,view,5194,30004,electronics.device_4,20062
2026-01-01 16:49:25 UTC,view,1022,30002,electronics.device_2,20477
2026-01-01 16:49:29 UTC,cart,1011,30001,electronics.device_1,20382
2026-01-01 16:49:30 UTC,view,5043,30003,electronics.device_3,20058
2026-01-01 16:49:32 UTC,view,5171,30001,electronics.device_1,20446
2026-01-01 16:49:42 UTC,view,5155,30005,electronics.device_5,20139
2026-01-01 16:49:43 UTC,view,5159,30009,electronics.device_9,20033
2026-01-01 16:49:46 UTC,view,1010,30000,electronics.device_0,20348
2026-01-01 16:49:53 UTC,view,1015,30005,electronics.device_5,20222
2026-01-01 16:50:01 UTC,view,5011,30001,electronics.device_1,20007
2026-01-01 16:50:11 UTC,view,1022,30002,electronics.device_2,20492
2026-01-01 16:50:16 UTC,view,5163,30003,electronics.device_3,20246
2026-01-01 16:50:20 UTC,view,1011,30001,electronics.device_1,20140
2026-01-01 16:50:24 UTC,view,1020,30000,electronics.device_0,20415
2026-01-01 16:50:25 UTC,view,5132,30002,electronics.device_2,20289
2026-01-01 16:50:32 UTC,purchase,5086,30006,electronics.device_6,20251
2026-01-01 16:50:36 UTC,view,5166,30006,electronics.device_6,20025
2026-01-01 16:50:41 UTC,view,1011,30001,electronics.device_1,20189
2026-01-01 16:50:49 UTC,view,5041,30001,electronics.device_1,20192
2026-01-01 16:50:55 UTC,view,5171,30001,electronics.device_1,20075
2026-01-01 16:51:01 UTC,view,5176,30006,electronics.device_6,20209
2026-01-01 16:51:04 UTC,view,5097,30007,electronics.device_7,20240
2026-01-01 16:51:10 UTC,view,5192,30002,electronics.device_2,20417
2026-01-01 16:51:18 UTC,view,5145,30005,electronics.device_5,20185
2026-01-01 16:51:25 UTC,view,1019,30009,electronics.device_9,20454
2026-01-01 16:51:28 UTC,cart,1020,30000,electronics.device_0,20331
2026-01-01 16:51:36 UTC,view,5030,30000,electronics.device_0,20442
2026-01-01 16:51:39 UTC,view,1021,30001,electronics.device_1,20471
2026-01-01 16:51:42 UTC,view,5106,30006,electronics.device_6,20324
2026-01-01 16:51:45 UTC,view,5093,30003,electronics.device_3,20418
2026-01-01 16:51:49 UTC,view,5154,30004,electronics.device_4,20422
2026-01-01 16:51:56 UTC,purchase,1007,30007,electronics.device_7,20279
2026-01-01 16:51:57 UTC,view,5066,30006,electronics.device_6,20003
2026-01-01 16:52:02 UTC,view,5081,30001,electronics.device_1,20085
2026-01-01 16:52:06 UTC,view,5150,30000,electronics.device_0,20172
2026-01-01 16:52:14 UTC,view,1009,30009,electronics.device_9,20429
2026-01-01 16:52:20 UTC,cart,5080,30000,electronics.device_0,20268
2026-01-01 16:52:27 UTC,view,1012,30002,electronics.device_2,20384
2026-01-01 16:52:34 UTC,view,5152,30002,electronics.device_2,20055
2026-01-01 16:52:38 UTC,view,5127,30007,electronics.device_7,20080
2026-01-01 16:52:42 UTC,view,5166,30006,electronics.device_6,20407
2026-01-01 16:52:51 UTC,view,1005,30005,electronics.device_5,20469
2026-01-01 16:52:53 UTC,purchase,5155,30005,electronics.device_5,20124
2026-01-01 16:53:00 UTC,view,1005,30005,electronics.device_5,20278
2026-01-01 16:53:02 UTC,view,1022,30002,electronics.device_2,20016
2026-01-01 16:53:07 UTC,view,1011,30001,electronics.device_1,20424
2026-01-01 16:53:09 UTC,view,1009,30009,electronics.device_9,20487
2026-01-01 16:53:11 UTC,cart,5016,30006,electronics.device_6,20339
2026-01-01 16:53:18 UTC,view,1005,30005,electronics.device_5,20154
2026-01-01 16:53:24 UTC,view,1023,30003,electronics.device_3,20156
2026-01-01 16:53:31 UTC,view,5117,30007,electronics.device_7,20245
2026-01-01 16:53:41 UTC,view,5103,30003,electronics.device_3,20252
2026-01-01 16:53:42 UTC,view,5055,30005,electronics.device_5,20016
2026-01-01 16:53:47 UTC,view,5158,30008,electronics.device_8,20409
2026-01-01 16:53:54 UTC,view,5185,30005,electronics.device_5,20051
2026-01-01 16:54:01 UTC,view,5152,30002,electronics.device_2,20451
2026-01-01 16:54:07 UTC,view,5150,30000,electronics.device_0,20014
2026-01-01 16:54:14 UTC,purchase,1019,30009,electronics.device_9,20389
2026-01-01 16:54:16 UTC,view,5043,30003,electronics.device_3,20048
2026-01-01 16:54:18 UTC,view,1000,30000,electronics.device_0,20367
2026-01-01 16:54:20 UTC,view,5032,30002,electronics.device_2,20173
2026-01-01 16:54:24 UTC,purchase,5109,30009,electronics.device_9,20018
2026-01-01 16:54:30 UTC,view,1008,30008,electronics.device_8,20361
2026-01-01 16:54:38 UTC,view,1010,30000,electronics.device_0,20049
2026-01-01 16:54:39 UTC,view,5150,30000,electronics.device_0,20442
2026-01-01 16:54:40 UTC,view,5059,30009,electronics.device_9,20258
2026-01-01 16:54:43 UTC,view,5037,30007,electronics.device_7,20290
2026-01-01 16:54:50 UTC,view,5074,30004,electronics.device_4,20025
2026-01-01 16:54:55 UTC,view,5099,30009,electronics.device_9,20265
2026-01-01 16:55:03 UTC,cart,1014,30004,electronics.device_4,20151
2026-01-01 16:55:06 UTC,view,1020,30000,electronics.device_0,20170
2026-01-01 16:55:13 UTC,view,1006,30006,electronics.device_6,20496
2026-01-01 16:55:15 UTC,view,1001,30001,electronics.device_1,20128
2026-01-01 16:55:16 UTC,view,1023,30003,electronics.device_3,20414
2026-01-01 16:55:19 UTC,view,5195,30005,electronics.device_5,20155
2026-01-01 16:55:22 UTC,view,1014,30004,electronics.device_4,20350
2026-01-01 16:55:32 UTC,view,5052,30002,electronics.device_2,20228
2026-01-01 16:55:34 UTC,view,1001,30001,electronics.device_1,20068
2026-01-01 16:55:44 UTC,view,5088,30008,electronics.device_8,20255
2026-01-01 16:55:50 UTC,view,5157,30007,electronics.device_7,20363
2026-01-01 16:55:59 UTC,view,5155,30005,electronics.device_5,20279
2026-01-01 16:56:01 UTC,view,5014,30004,electronics.device_4,20143
2026-01-01 16:56:08 UTC,view,5085,30005,electronics.device_5,20035
2026-01-01 16:56:10 UTC,view,1019,30009,electronics.device_9,20486
2026-01-01 16:56:16 UTC,view,5043,30003,electronics.device_3,20471
2026-01-01 16:56:20 UTC,view,1020,30000,electronics.device_0,20083
2026-01-01 16:56:22 UTC,view,5092,30002,electronics.device_2,20101
2026-01-01 16:56:30 UTC,purchase,5137,30007,electronics.device_7,20192
2026-01-01 16:56:39 UTC,view,1009,30009,electronics.device_9,20498
2026-01-01 16:56:42 UTC,view,5098,30008,electronics.device_8,20287
2026-01-01 16:56:43 UTC,view,1018,30008,electronics.device_8,20154
2026-01-01 16:56:46 UTC,view,5182,30002,electronics.device_2,20006
2026-01-01 16:56:52 UTC,view,1005,30005,electronics.device_5,20007
2026-01-01 16:56:54 UTC,view,5068,30008,electronics.device_8,20300
2026-01-01 16:57:03 UTC,view,1004,30004,electronics.device_4,20416
2026-01-01 16:57:06 UTC,cart,1013,30003,electronics.device_3,20441
2026-01-01 16:57:14 UTC,view,1009,30009,electronics.device_9,20244
2026-01-01 16:57:22 UTC,view,5045,30005,electronics.device_5,20089
2026-01-01 16:57:29 UTC,view,5083,30003,electronics.device_3,20278
2026-01-01 16:57:31 UTC,view,1024,30004,electronics.device_4,20440
2026-01-01 16:57:40 UTC,cart,1024,30004,electronics.device_4,20035
2026-01-01 16:57:48 UTC,purchase,5062,30002,electronics.device_2,20038
2026-01-01 16:57:58 UTC,view,1009,30009,electronics.device_9,20386
2026-01-01 16:58:05 UTC,view,5120,30000,electronics.device_0,20116
2026-01-01 16:58:10 UTC,view,5008,30008,electronics.device_8,20222
2026-01-01 16:58:11 UTC,view,1014,30004,electronics.device_4,20015
2026-01-01 16:58:15 UTC,view,5143,30003,electronics.device_3,20192
2026-01-01 16:58:22 UTC,view,5030,30000,electronics.device_0,20444
2026-01-01 16:58:26 UTC,cart,5183,30003,electronics.device_3,20246
2026-01-01 16:58:36 UTC,cart,5060,30000,electronics.device_0,20331
2026-01-01 16:58:39 UTC,view,1023,30003,electronics.device_3,20148
2026-01-01 16:58:47 UTC,view,5195,30005,electronics.device_5,20308
2026-01-01 16:58:48 UTC,view,5013,30003,electronics.device_3,20044
2026-01-01 16:58:51 UTC,view,5195,30005,electronics.device_5,20190
2026-01-01 16:58:56 UTC,view,5001,30001,electronics.device_1,20333
2026-01-01 16:59:02 UTC,view,1005,30005,electronics.device_5,20310
2026-01-01 16:59:08 UTC,cart,1007,30007,electronics.device_7,20241
2026-01-01 16:59:17 UTC,view,5049,30009,electronics.device_9,20447
2026-01-01 16:59:27 UTC,view,5155,30005,electronics.device_5,20350
2026-01-01 16:59:37 UTC,view,5106,30006,electronics.device_6,20294
2026-01-01 16:59:40 UTC,view,5040,30000,electronics.device_0,20355
2026-01-01 16:59:48 UTC,view,1000,30000,electronics.device_0,20316
2026-01-01 16:59:50 UTC,view,1003,30003,electronics.device_3,20479
2026-01-01 16:59:55 UTC,view,1022,30002,electronics.device_2,20117
2026-01-01 17:00:01 UTC,cart,1015,30005,electronics.device_5,20290
2026-01-01 17:00:05 UTC,purchase,1003,30003,electronics.device_3,20099
2026-01-01 17:00:11 UTC,view,5065,30005,electronics.device_5,20143
2026-01-01 17:00:16 UTC,view,5106,30006,electronics.device_6,20338
2026-01-01 17:00:20 UTC,view,5193,30003,electronics.device_3,20403
2026-01-01 17:00:23 UTC,view,5194,30004,electronics.device_4,20098
2026-01-01 17:00:29 UTC,view,5164,30004,electronics.device_4,20165
2026-01-01 17:00:33 UTC,view,5036,30006,electronics.device_6,20089
2026-01-01 17:00:35 UTC,view,5170,30000,electronics.device_0,20150
2026-01-01 17:00:39 UTC,view,1005,30005,electronics.device_5,20325
2026-01-01 17:00:45 UTC,cart,1018,30008,electronics.device_8,20415
2026-01-01 17:00:53 UTC,view,1016,30006,electronics.device_6,20248
2026-01-01 17:00:58 UTC,view,5090,30000,electronics.device_0,20175
2026-01-01 17:01:01 UTC,view,1005,30005,electronics.device_5,20130
2026-01-01 17:01:03 UTC,view,1017,30007,electronics.device_7,20202
2026-01-01 17:01:04 UTC,view,1009,30009,electronics.device_9,20479
2026-01-01 17:01:09 UTC,view,5053,30003,electronics.device_3,20282
2026-01-01 17:01:19 UTC,view,1016,30006,electronics.device_6,20216
2026-01-01 17:01:23 UTC,view,1011,30001,electronics.device_1,20219
2026-01-01 17:01:31 UTC,view,5104,30004,electronics.device_4,20224
2026-01-01 17:01:38 UTC,view,1010,30000,electronics.device_0,20093
2026-01-01 17:01:40 UTC,view,1010,30000,electronics.device_0,20028
2026-01-01 17:01:41 UTC,view,1010,30000,electronics.device_0,20281
2026-01-01 17:01:50 UTC,view,1012,30002,electronics.device_2,20050
2026-01-01 17:01:57 UTC,view,1004,30004,electronics.device_4,20339
2026-01-01 17:02:07 UTC,view,1005,30005,electronics.device_5,20173
2026-01-01 17:02:17 UTC,view,5168,30008,electronics.device_8,20221
2026-01-01 17:02:21 UTC,view,1018,30008,electronics.device_8,20310
2026-01-01 17:02:31 UTC,view,5184,30004,electronics.device_4,20283
2026-01-01 17:02:37 UTC,view,1021,30001,electronics.device_1,20284
2026-01-01 17:02:47 UTC,view,1012,30002,electronics.device_2,20088
2026-01-01 17:02:54 UTC,view,1004,30004,electronics.device_4,20009
2026-01-01 17:02:57 UTC,view,1021,30001,electronics.device_1,20315
2026-01-01 17:03:02 UTC,view,5048,30008,electronics.device_8,20127
2026-01-01 17:03:09 UTC,view,1013,30003,electronics.device_3,20313
2026-01-01 17:03:12 UTC,cart,1013,30003,electronics.device_3,20144
2026-01-01 17:03:14 UTC,view,1001,30001,electronics.device_1,20158
2026-01-01 17:03:21 UTC,cart,5096,30006,electronics.device_6,20435
2026-01-01 17:03:28 UTC,view,5028,30008,electronics.device_8,20052
2026-01-01 17:03:30 UTC,view,5009,30009,electronics.device_9,20227
2026-01-01 17:03:33 UTC,cart,5178,30008,electronics.device_8,20436
2026-01-01 17:03:43 UTC,view,5184,30004,electronics.device_4,20278
2026-01-01 17:03:48 UTC,cart,1005,30005,electronics.device_5,20252
2026-01-01 17:03:55 UTC,view,5068,30008,electronics.device_8,20011
2026-01-01 17:04:03 UTC,view,5059,30009,electronics.device_9,20430
2026-01-01 17:04:11 UTC,view,5110,30000,electronics.device_0,20074
2026-01-01 17:04:13 UTC,view,5107,30007,electronics.device_7,20350
2026-01-01 17:04:20 UTC,view,1011,30001,electronics.device_1,20107
2026-01-01 17:04:24 UTC,view,1010,30000,electronics.device_0,20141
2026-01-01 17:04:28 UTC,view,5166,30006,electronics.device_6,20119
2026-01-01 17:04:35 UTC,cart,5107,30007,electronics.device_7,20492
2026-01-01 17:04:36 UTC,cart,5151,30001,electronics.device_1,20125
2026-01-01 17:04:38 UTC,view,5031,30001,electronics.device_1,20012
2026-01-01 17:04:45 UTC,view,5092,30002,electronics.device_2,20196
2026-01-01 17:04:46 UTC,view,5051,30001,electronics.device_1,20229
2026-01-01 17:04:53 UTC,view,1020,30000,electronics.device_0,20179
2026-01-01 17:04:57 UTC,view,1012,30002,electronics.device_2,20134
2026-01-01 17:05:05 UTC,view,1005,30005,electronics.device_5,20438
2026-01-01 17:05:15 UTC,view,5130,30000,electronics.device_0,20272
2026-01-01 17:05:19 UTC,purchase,1018,30008,electronics.device_8,20187
2026-01-01 17:05:20 UTC,view,5189,30009,electronics.device_9,20363
2026-01-01 17:05:23 UTC,view,1022,30002,electronics.device_2,20284
2026-01-01 17:05:24 UTC,view,1003,30003,electronics.device_3,20478
2026-01-01 17:05:29 UTC,view,5031,30001,electronics.device_1,20073
2026-01-01 17:05:36 UTC,cart,1017,30007,electronics.device_7,20096
2026-01-01 17:05:40 UTC,view,5009,30009,electronics.device_9,20267
2026-01-01 17:05:42 UTC,cart,1018,30008,electronics.device_8,20318
2026-01-01 17:05:43 UTC,view,5093,30003,electronics.device_3,20402
2026-01-01 17:05:46 UTC,view,1022,30002,electronics.device_2,20483
2026-01-01 17:05:53 UTC,view,1010,30000,electronics.device_0,20414
2026-01-01 17:05:57 UTC,view,5108,30008,electronics.device_8,20035
2026-01-01 17:05:59 UTC,view,1012,30002,electronics.device_2,20092
2026-01-01 17:06:08 UTC,view,1013,30003,electronics.device_3,20284
2026-01-01 17:06:14 UTC,view,5170,30000,electronics.device_0,20274
2026-01-01 17:06:17 UTC,view,1000,30000,electronics.device_0,20167
2026-01-01 17:06:20 UTC,view,5192,30002,electronics.device_2,20417
2026-01-01 17:06:21 UTC,view,5056,30006,electronics.device_6,20030
2026-01-01 17:06:28 UTC,view,1019,30009,electronics.device_9,20241
2026-01-01 17:06:31 UTC,view,1017,30007,electronics.device_7,20312
2026-01-01 17:06:37 UTC,view,5093,30003,electronics.device_3,20237
2026-01-01 17:06:41 UTC,view,5032,30002,electronics.device_2,20057
2026-01-01 17:06:45 UTC,view,1007,30007,electronics.device_7,20387
2026-01-01 17:06:46 UTC,purchase,1009,30009,electronics.device_9,20070
2026-01-01 17:06:47 UTC,view,1022,30002,electronics.device_2,20410
2026-01-01 17:06:55 UTC,view,5146,30006,electronics.device_6,20282
2026-01-01 17:07:04 UTC,view,5171,30001,electronics.device_1,20269
2026-01-01 17:07:12 UTC,cart,5131,30001,electronics.device_1,20182
2026-01-01 17:07:22 UTC,view,5095,30005,electronics.device_5,20384
2026-01-01 17:07:29 UTC,view,5184,30004,electronics.device_4,20480
2026-01-01 17:07:36 UTC,view,1010,30000,electronics.device_0,20256
2026-01-01 17:07:39 UTC,view,1018,30008,electronics.device_8,20308
2026-01-01 17:07:45 UTC,view,1002,30002,electronics.device_2,20463
2026-01-01 17:07:52 UTC,view,1020,30000,electronics.device_0,20192
2026-01-01 17:07:53 UTC,view,1011,30001,electronics.device_1,20385
2026-01-01 17:07:54 UTC,view,1010,30000,electronics.device_0,20327
2026-01-01 17:07:57 UTC,cart,5030,30000,electronics.device_0,20405
2026-01-01 17:08:00 UTC,view,5132,30002,electronics.device_2,20203
2026-01-01 17:08:04 UTC,view,1022,30002,electronics.device_2,20117
2026-01-01 17:08:12 UTC,view,1004,30004,electronics.device_4,20239
2026-01-01 17:08:20 UTC,cart,1015,30005,electronics.device_5,20238
2026-01-01 17:08:23 UTC,purchase,5012,30002,electronics.device_2,20126
2026-01-01 17:08:26 UTC,cart,5127,30007,electronics.device_7,20152
2026-01-01 17:08:32 UTC,view,1002,30002,electronics.device_2,20466
2026-01-01 17:08:39 UTC,cart,5134,30004,electronics.device_4,20040
2026-01-01 17:08:49 UTC,view,1000,30000,electronics.device_0,20263
2026-01-01 17:08:58 UTC,view,5044,30004,electronics.device_4,20445
2026-01-01 17:09:06 UTC,view,1009,30009,electronics.device_9,20100
2026-01-01 17:09:11 UTC,view,5059,30009,electronics.device_9,20052
2026-01-01 17:09:14 UTC,view,5181,30001,electronics.device_1,20139
2026-01-01 17:09:15 UTC,view,1012,30002,electronics.device_2,20323
2026-01-01 17:09:24 UTC,view,1015,30005,electronics.device_5,20207
2026-01-01 17:09:30 UTC,view,5113,30003,electronics.device_3,20319
2026-01-01 17:09:36 UTC,view,1020,30000,electronics.device_0,20411
2026-01-01 17:09:45 UTC,view,5099,30009,electronics.device_9,20225
2026-01-01 17:09:53 UTC,view,5021,30001,electronics.device_1,20019
2026-01-01 17:10:02 UTC,view,5173,30003,electronics.device_3,20260
2026-01-01 17:10:04 UTC,cart,1003,30003,electronics.device_3,20194
2026-01-01 17:10:10 UTC,view,5138,30008,electronics.device_8,20375
2026-01-01 17:10:15 UTC,view,1023,30003,electronics.device_3,20469
2026-01-01 17:10:19 UTC,view,1022,30002,electronics.device_2,20142
2026-01-01 17:10:26 UTC,view,1012,30002,electronics.device_2,20156
2026-01-01 17:10:27 UTC,view,1018,30008,electronics.device_8,20292
2026-01-01 17:10:31 UTC,view,5013,30003,electronics.device_3,20453
2026-01-01 17:10:34 UTC,view,5018,30008,electronics.device_8,20131
2026-01-01 17:10:38 UTC,purchase,1000,30000,electronics.device_0,20084
2026-01-01 17:10:39 UTC,view,1010,30000,electronics.device_0,20403
2026-01-01 17:10:41 UTC,view,1012,30002,electronics.device_2,20085
2026-01-01 17:10:49 UTC,view,1008,30008,electronics.device_8,20236
2026-01-01 17:10:55 UTC,view,5115,30005,electronics.device_5,20191
2026-01-01 17:11:03 UTC,view,1007,30007,electronics.device_7,20281
2026-01-01 17:11:09 UTC,view,5123,30003,electronics.device_3,20270
2026-01-01 17:11:12 UTC,view,5141,30001,electronics.device_1,20367
2026-01-01 17:11:22 UTC,view,5066,30006,electronics.device_6,20413
2026-01-01 17:11:32 UTC,cart,5198,30008,electronics.device_8,20116
2026-01-01 17:11:33 UTC,view,5022,30002,electronics.device_2,20169
2026-01-01 17:11:42 UTC,view,1003,30003,electronics.device_3,20371
2026-01-01 17:11:49 UTC,purchase,1001,30001,electronics.device_1,20154
2026-01-01 17:11:54 UTC,view,1004,30004,electronics.device_4,20285
2026-01-01 17:11:58 UTC,cart,1012,30002,electronics.device_2,20128
2026-01-01 17:12:06 UTC,cart,1003,30003,electronics.device_3,20358
2026-01-01 17:12:15 UTC,view,5058,30008,electronics.device_8,20381
2026-01-01 17:12:22 UTC,view,5014,30004,electronics.device_4,20154
2026-01-01 17:12:24 UTC,view,1024,30004,electronics.device_4,20247
2026-01-01 17:12:26 UTC,view,5196,30006,electronics.device_6,20456
2026-01-01 17:12:27 UTC,view,5023,30003,electronics.device_3,20222
2026-01-01 17:12:30 UTC,view,5012,30002,electronics.device_2,20016
2026-01-01 17:12:36 UTC,view,1014,30004,electronics.device_4,20121
2026-01-01 17:12:44 UTC,cart,5051,30001,electronics.device_1,20203
2026-01-01 17:12:54 UTC,view,1009,30009,electronics.device_9,20435
2026-01-01 17:12:58 UTC,view,1021,30001,electronics.device_1,20412
2026-01-01 17:13:01 UTC,view,1022,30002,electronics.device_2,20168
2026-01-01 17:13:11 UTC,cart,1017,30007,electronics.device_7,20052
2026-01-01 17:13:13 UTC,view,1017,30007,electronics.device_7,20005
2026-01-01 17:13:16 UTC,view,5076,30006,electronics.device_6,20460
2026-01-01 17:13:18 UTC,view,5157,30007,electronics.device_7,20027
2026-01-01 17:13:19 UTC,view,5041,30001,electronics.device_1,20069
2026-01-01 17:13:24 UTC,view,1012,30002,electronics.device_2,20471
2026-01-01 17:13:30 UTC,view,5141,30001,electronics.device_1,20021
2026-01-01 17:13:33 UTC,view,1008,30008,electronics.device_8,20020
2026-01-01 17:13:43 UTC,purchase,1017,30007,electronics.device_7,20315
2026-01-01 17:13:44 UTC,view,1023,30003,electronics.device_3,20460
2026-01-01 17:13:51 UTC,view,5051,30001,electronics.device_1,20304
2026-01-01 17:13:56 UTC,view,5115,30005,electronics.device_5,20037
2026-01-01 17:14:06 UTC,view,1020,30000,electronics.device_0,20237
2026-01-01 17:14:16 UTC,view,1008,30008,electronics.device_8,20398
2026-01-01 17:14:25 UTC,view,1024,30004,electronics.device_4,20115
2026-01-01 17:14:30 UTC,view,1016,30006,electronics.device_6,20174
2026-01-01 17:14:33 UTC,view,5155,30005,electronics.device_5,20232
2026-01-01 17:14:39 UTC,view,5060,30000,electronics.device_0,20335
2026-01-01 17:14:46 UTC,view,5014,30004,electronics.device_4,20121
2026-01-01 17:14:51 UTC,view,5141,30001,electronics.device_1,20124
2026-01-01 17:14:59 UTC,view,1001,30001,electronics.device_1,20019
2026-01-01 17:15:01 UTC,view,1005,30005,electronics.device_5,20061
2026-01-01 17:15:04 UTC,purchase,1005,30005,electronics.device_5,20065
2026-01-01 17:15:07 UTC,view,5170,30000,electronics.device_0,20395
2026-01-01 17:15:13 UTC,view,5152,30002,electronics.device_2,20123
2026-01-01 17:15:21 UTC,view,5022,30002,electronics.device_2,20477
2026-01-01 17:15:30 UTC,view,5173,30003,electronics.device_3,20480
2026-01-01 17:15:34 UTC,view,5042,30002,electronics.device_2,20187
2026-01-01 17:15:37 UTC,view,5000,30000,electronics.device_0,20034
2026-01-01 17:15:38 UTC,view,1016,30006,electronics.device_6,20412
2026-01-01 17:15:43 UTC,view,1024,30004,electronics.device_4,20255
2026-01-01 17:15:51 UTC,purchase,5137,30007,electronics.device_7,20402
2026-01-01 17:15:57 UTC,view,5030,30000,electronics.device_0,20168
2026-01-01 17:16:04 UTC,view,5137,30007,electronics.device_7,20469
2026-01-01 17:16:14 UTC,view,5158,30008,electronics.device_8,20446
2026-01-01 17:16:17 UTC,view,1003,30003,electronics.device_3,20250
2026-01-01 17:16:23 UTC,view,1000,30000,electronics.device_0,20072
2026-01-01 17:16:27 UTC,view,5062,30002,electronics.device_2,20491
2026-01-01 17:16:32 UTC,view,1003,30003,electronics.device_3,20214
2026-01-01 17:16:33 UTC,view,5194,30004,electronics.device_4,20185
2026-01-01 17:16:39 UTC,view,5114,30004,electronics.device_4,20002
2026-01-01 17:16:41 UTC,view,5047,30007,electronics.device_7,20497
2026-01-01 17:16:50 UTC,view,1003,30003,electronics.device_3,20171
2026-01-01 17:16:59 UTC,view,1015,30005,electronics.device_5,20456
2026-01-01 17:17:08 UTC,view,5102,30002,electronics.device_2,20314
2026-01-01 17:17:12 UTC,view,5022,30002,electronics.device_2,20375
2026-01-01 17:17:13 UTC,purchase,5032,30002,electronics.device_2,20303
2026-01-01 17:17:22 UTC,view,1023,30003,electronics.device_3,20387
2026-01-01 17:17:30 UTC,view,1022,30002,electronics.device_2,20010
2026-01-01 17:17:37 UTC,view,5101,30001,electronics.device_1,20406
2026-01-01 17:17:39 UTC,view,5042,30002,electronics.device_2,20214
2026-01-01 17:17:47 UTC,view,5111,30001,electronics.device_1,20473
2026-01-01 17:17:53 UTC,view,5102,30002,electronics.device_2,20136
2026-01-01 17:17:58 UTC,cart,5133,30003,electronics.device_3,20419
2026-01-01 17:18:02 UTC,cart,5142,30002,electronics.device_2,20131
2026-01-01 17:18:09 UTC,view,1010,30000,electronics.device_0,20118
2026-01-01 17:18:10 UTC,purchase,1013,30003,electronics.device_3,20231
2026-01-01 17:18:14 UTC,view,5003,30003,electronics.device_3,20025
2026-01-01 17:18:16 UTC,view,1015,30005,electronics.device_5,20461
2026-01-01 17:18:25 UTC,view,5013,30003,electronics.device_3,20445
2026-01-01 17:18:30 UTC,view,5193,30003,electronics.device_3,20027
2026-01-01 17:18:38 UTC,view,5097,30007,electronics.device_7,20339
2026-01-01 17:18:47 UTC,view,1022,30002,electronics.device_2,20438
2026-01-01 17:18:51 UTC,view,1024,30004,electronics.device_4,20169
2026-01-01 17:18:54 UTC,view,5079,30009,electronics.device_9,20008
2026-01-01 17:19:01 UTC,view,1015,30005,electronics.device_5,20126
2026-01-01 17:19:09 UTC,view,1010,30000,electronics.device_0,20477
2026-01-01 17:19:14 UTC,view,1011,30001,electronics.device_1,20344
2026-01-01 17:19:19 UTC,view,5012,30002,electronics.device_2,20219
2026-01-01 17:19:23 UTC,view,5173,30003,electronics.device_3,20050
2026-01-01 17:19:28 UTC,purchase,1008,30008,electronics.device_8,20355
2026-01-01 17:19:37 UTC,view,5127,30007,electronics.device_7,20080
2026-01-01 17:19:39 UTC,purchase,1001,30001,electronics.device_1,20034
2026-01-01 17:19:44 UTC,view,1016,30006,electronics.device_6,20232
2026-01-01 17:19:50 UTC,view,1012,30002,electronics.device_2,20428
2026-01-01 17:19:59 UTC,view,5038,30008,electronics.device_8,20247
2026-01-01 17:20:09 UTC,view,1017,30007,electronics.device_7,20183
2026-01-01 17:20:11 UTC,view,1005,30005,electronics.device_5,20413
2026-01-01 17:20:15 UTC,cart,5079,30009,electronics.device_9,20372
2026-01-01 17:20:16 UTC,view,5117,30007,electronics.device_7,20407
2026-01-01 17:20:18 UTC,view,1007,30007,electronics.device_7,20176
2026-01-01 17:20:21 UTC,view,5067,30007,electronics.device_7,20274
2026-01-01 17:20:25 UTC,purchase,5045,30005,electronics.device_5,20388
2026-01-01 17:20:31 UTC,view,1015,30005,electronics.device_5,20200
2026-01-01 17:20:38 UTC,view,1003,30003,electronics.device_3,20398
2026-01-01 17:20:45 UTC,view,1008,30008,electronics.device_8,20318
2026-01-01 17:20:53 UTC,view,5196,30006,electronics.device_6,20358
2026-01-01 17:20:55 UTC,view,5181,30001,electronics.device_1,20337
2026-01-01 17:21:03 UTC,view,5085,30005,electronics.device_5,20199
2026-01-01 17:21:09 UTC,view,5128,30008,electronics.device_8,20461
2026-01-01 17:21:10 UTC,view,1018,30008,electronics.device_8,20002
2026-01-01 17:21:20 UTC,view,1006,30006,electronics.device_6,20341
2026-01-01 17:21:26 UTC,view,5132,30002,electronics.device_2,20384
2026-01-01 17:21:27 UTC,cart,1011,30001,electronics.device_1,20044
2026-01-01 17:21:30 UTC,view,1024,30004,electronics.device_4,20288
2026-01-01 17:21:32 UTC,view,5103,30003,electronics.device_3,20254
2026-01-01 17:21:41 UTC,view,5082,30002,electronics.device_2,20175
2026-01-01 17:21:43 UTC,view,5119,30009,electronics.device_9,20403
2026-01-01 17:21:49 UTC,view,1000,30000,electronics.device_0,20421
2026-01-01 17:21:56 UTC,view,1000,30000,electronics.device_0,20055
2026-01-01 17:21:57 UTC,view,1003,30003,electronics.device_3,20071
2026-01-01 17:22:02 UTC,purchase,1019,30009,electronics.device_9,20144
2026-01-01 17:22:08 UTC,purchase,5010,30000,electronics.device_0,20500
2026-01-01 17:22:17 UTC,view,1011,30001,electronics.device_1,20158
2026-01-01 17:22:22 UTC,view,5008,30008,electronics.device_8,20146
2026-01-01 17:22:28 UTC,view,1019,30009,electronics.device_9,20446
2026-01-01 17:22:31 UTC,view,5068,30008,electronics.device_8,20437
2026-01-01 17:22:33 UTC,view,1010,30000,electronics.device_0,20500
2026-01-01 17:22:38 UTC,view,5193,30003,electronics.device_3,20455
2026-01-01 17:22:40 UTC,view,1018,30008,electronics.device_8,20299
2026-01-01 17:22:42 UTC,view,1018,30008,electronics.device_8,20160
2026-01-01 17:22:51 UTC,view,5186,30006,electronics.device_6,20440
2026-01-01 17:22:53 UTC,view,5164,30004,electronics.device_4,20296
2026-01-01 17:23:02 UTC,cart,1002,30002,electronics.device_2,20337
2026-01-01 17:23:07 UTC,cart,1001,30001,electronics.device_1,20386
2026-01-01 17:23:08 UTC,cart,1009,30009,electronics.device_9,20216
2026-01-01 17:23:10 UTC,view,5136,30006,electronics.device_6,20380
2026-01-01 17:23:11 UTC,view,1020,30000,electronics.device_0,20486
2026-01-01 17:23:21 UTC,view,1002,30002,electronics.device_2,20245
2026-01-01 17:23:22 UTC,view,5040,30000,electronics.device_0,20208
2026-01-01 17:23:31 UTC,view,1004,30004,electronics.device_4,20303
2026-01-01 17:23:40 UTC,view,1001,30001,electronics.device_1,20087
2026-01-01 17:23:43 UTC,cart,5132,30002,electronics.device_2,20359
2026-01-01 17:23:45 UTC,view,5122,30002,electronics.device_2,20241
2026-01-01 17:23:49 UTC,view,5173,30003,electronics.device_3,20087
2026-01-01 17:23:58 UTC,purchase,1022,30002,electronics.device_2,20003
2026-01-01 17:24:07 UTC,view,1014,30004,electronics.device_4,20374
2026-01-01 17:24:11 UTC,view,5052,30002,electronics.device_2,20031
2026-01-01 17:24:18 UTC,view,1008,30008,electronics.device_8,20199
2026-01-01 17:24:22 UTC,view,5070,30000,electronics.device_0,20070
2026-01-01 17:24:29 UTC,view,5102,30002,electronics.device_2,20297
2026-01-01 17:24:34 UTC,view,1012,30002,electronics.device_2,20439
2026-01-01 17:24:36 UTC,view,5161,30001,electronics.device_1,20332
2026-01-01 17:24:46 UTC,view,5054,30004,electronics.device_4,20059
2026-01-01 17:24:53 UTC,view,5102,30002,electronics.device_2,20130
2026-01-01 17:24:56 UTC,view,5095,30005,electronics.device_5,20329
2026-01-01 17:25:06 UTC,purchase,1011,30001,electronics.device_1,20128
2026-01-01 17:25:09 UTC,view,5164,30004,electronics.device_4,20128
2026-01-01 17:25:10 UTC,view,5174,30004,electronics.device_4,20203
2026-01-01 17:25:13 UTC,view,1011,30001,electronics.device_1,20058
2026-01-01 17:25:23 UTC,view,1001,30001,electronics.device_1,20368
2026-01-01 17:25:25 UTC,view,5156,30006,electronics.device_6,20055
2026-01-01 17:25:31 UTC,view,1005,30005,electronics.device_5,20076
2026-01-01 17:25:33 UTC,view,1013,30003,electronics.device_3,20211
2026-01-01 17:25:40 UTC,view,5137,30007,electronics.device_7,20141
2026-01-01 17:25:48 UTC,view,5139,30009,electronics.device_9,20326
2026-01-01 17:25:51 UTC,view,1005,30005,electronics.device_5,20097
2026-01-01 17:25:55 UTC,view,5050,30000,electronics.device_0,20141
2026-01-01 17:26:02 UTC,view,1000,30000,electronics.device_0,20222
2026-01-01 17:26:10 UTC,view,1006,30006,electronics.device_6,20456
2026-01-01 17:26:11 UTC,view,5183,30003,electronics.device_3,20149
2026-01-01 17:26:15 UTC,view,5011,30001,electronics.device_1,20148
2026-01-01 17:26:18 UTC,view,1020,30000,electronics.device_0,20219
2026-01-01 17:26:19 UTC,view,5042,30002,electronics.device_2,20272
2026-01-01 17:26:21 UTC,view,5100,30000,electronics.device_0,20156
2026-01-01 17:26:25 UTC,view,5030,30000,electronics.device_0,20443
2026-01-01 17:26:30 UTC,purchase,5044,30004,electronics.device_4,20139
2026-01-01 17:26:33 UTC,view,5045,30005,electronics.device_5,20464
2026-01-01 17:26:36 UTC,view,1008,30008,electronics.device_8,20331
2026-01-01 17:26:44 UTC,view,1021,30001,electronics.device_1,20486
2026-01-01 17:26:53 UTC,view,5060,30000,electronics.device_0,20075
2026-01-01 17:26:55 UTC,view,1012,30002,electronics.device_2,20268
2026-01-01 17:27:00 UTC,view,5153,30003,electronics.device_3,20442
2026-01-01 17:27:09 UTC,view,1008,30008,electronics.device_8,20011
2026-01-01 17:27:11 UTC,purchase,5090,30000,electronics.device_0,20055
2026-01-01 17:27:15 UTC,view,1019,30009,electronics.device_9,20126
2026-01-01 17:27:24 UTC,view,5114,30004,electronics.device_4,20474
2026-01-01 17:27:33 UTC,view,1018,30008,electronics.device_8,20271
2026-01-01 17:27:34 UTC,purchase,1001,30001,electronics.device_1,20168
2026-01-01 17:27:43 UTC,view,5014,30004,electronics.device_4,20001
2026-01-01 17:27:51 UTC,view,1024,30004,electronics.device_4,20376
2026-01-01 17:27:56 UTC,view,5169,30009,electronics.device_9,20129
2026-01-01 17:28:01 UTC,view,5100,30000,electronics.device_0,20206
2026-01-01 17:28:11 UTC,view,5089,30009,electronics.device_9,20050
2026-01-01 17:28:18 UTC,view,5041,30001,electronics.device_1,20456
2026-01-01 17:28:22 UTC,view,1016,30006,electronics.device_6,20173
2026-01-01 17:28:28 UTC,view,5041,30001,electronics.device_1,20273
2026-01-01 17:28:34 UTC,view,5052,30002,electronics.device_2,20491
2026-01-01 17:28:43 UTC,view,1008,30008,electronics.device_8,20053
2026-01-01 17:28:53 UTC,view,1020,30000,electronics.device_0,20444
2026-01-01 17:28:54 UTC,view,1004,30004,electronics.device_4,20274
2026-01-01 17:28:56 UTC,view,1002,30002,electronics.device_2,20500
2026-01-01 17:29:05 UTC,view,5025,30005,electronics.device_5,20114
2026-01-01 17:29:09 UTC,view,1011,30001,electronics.device_1,20019
2026-01-01 17:29:14 UTC,cart,1005,30005,electronics.device_5,20210
2026-01-01 17:29:16 UTC,view,1018,30008,electronics.device_8,20456
2026-01-01 17:29:24 UTC,view,1007,30007,electronics.device_7,20473
2026-01-01 17:29:28 UTC,view,5113,30003,electronics.device_3,20413
2026-01-01 17:29:33 UTC,view,5106,30006,electronics.device_6,20323
2026-01-01 17:29:37 UTC,view,1022,30002,electronics.device_2,20142
2026-01-01 17:29:46 UTC,view,1010,30000,electronics.device_0,20357
2026-01-01 17:29:47 UTC,view,5050,30000,electronics.device_0,20111
2026-01-01 17:29:54 UTC,view,1019,30009,electronics.device_9,20258
2026-01-01 17:30:04 UTC,cart,1017,30007,electronics.device_7,20143
2026-01-01 17:30:05 UTC,view,5018,30008,electronics.device_8,20479
2026-01-01 17:30:11 UTC,view,5185,30005,electronics.device_5,20357
2026-01-01 17:30:14 UTC,view,1013,30003,electronics.device_3,20322
2026-01-01 17:30:24 UTC,view,1010,30000,electronics.device_0,20099
2026-01-01 17:30:27 UTC,view,1005,30005,electronics.device_5,20024
2026-01-01 17:30:30 UTC,view,1000,30000,electronics.device_0,20102
2026-01-01 17:30:33 UTC,view,1001,30001,electronics.device_1,20339
2026-01-01 17:30:41 UTC,view,1015,30005,electronics.device_5,20017
2026-01-01 17:30:43 UTC,cart,5171,30001,electronics.device_1,20105
2026-01-01 17:30:49 UTC,view,5121,30001,electronics.device_1,20390
2026-01-01 17:30:54 UTC,view,5151,30001,electronics.device_1,20353
2026-01-01 17:30:56 UTC,view,1006,30006,electronics.device_6,20004
2026-01-01 17:30:59 UTC,view,1016,30006,electronics.device_6,20090
2026-01-01 17:31:06 UTC,view,1005,30005,electronics.device_5,20081
2026-01-01 17:31:10 UTC,view,1012,30002,electronics.device_2,20056
2026-01-01 17:31:17 UTC,view,1017,30007,electronics.device_7,20086
2026-01-01 17:31:22 UTC,view,5165,30005,electronics.device_5,20285
2026-01-01 17:31:31 UTC,cart,5102,30002,electronics.device_2,20470
2026-01-01 17:31:41 UTC,cart,1018,30008,electronics.device_8,20081
2026-01-01 17:31:51 UTC,view,5072,30002,electronics.device_2,20111
2026-01-01 17:31:59 UTC,view,5017,30007,electronics.device_7,20429
2026-01-01 17:32:07 UTC,view,1017,30007,electronics.device_7,20311
2026-01-01 17:32:11 UTC,view,5175,30005,electronics.device_5,20428
2026-01-01 17:32:12 UTC,view,1000,30000,electronics.device_0,20193
2026-01-01 17:32:21 UTC,cart,5038,30008,electronics.device_8,20448
2026-01-01 17:32:31 UTC,view,1009,30009,electronics.device_9,20065
2026-01-01 17:32:32 UTC,view,1017,30007,electronics.device_7,20274
2026-01-01 17:32:34 UTC,view,5086,30006,electronics.device_6,20466
2026-01-01 17:32:44 UTC,view,5164,30004,electronics.device_4,20070
2026-01-01 17:32:45 UTC,view,5065,30005,electronics.device_5,20449
2026-01-01 17:32:49 UTC,view,1014,30004,electronics.device_4,20026
2026-01-01 17:32:58 UTC,view,5110,30000,electronics.device_0,20038
2026-01-01 17:33:02 UTC,view,5075,30005,electronics.device_5,20174
2026-01-01 17:33:11 UTC,view,5075,30005,electronics.device_5,20134
2026-01-01 17:33:17 UTC,view,5081,30001,electronics.device_1,20092
2026-01-01 17:33:18 UTC,view,5018,30008,electronics.device_8,20430
2026-01-01 17:33:22 UTC,view,1021,30001,electronics.device_1,20113
2026-01-01 17:33:24 UTC,view,5065,30005,electronics.device_5,20227
2026-01-01 17:33:26 UTC,view,5016,30006,electronics.device_6,20280
2026-01-01 17:33:28 UTC,view,5177,30007,electronics.device_7,20236
2026-01-01 17:33:31 UTC,view,5148,30008,electronics.device_8,20434
2026-01-01 17:33:37 UTC,view,1015,30005,electronics.device_5,20006
2026-01-01 17:33:38 UTC,view,5196,30006,electronics.device_6,20013
2026-01-01 17:33:39 UTC,view,1017,30007,electronics.device_7,20388
2026-01-01 17:33:49 UTC,view,1016,30006,electronics.device_6,20098
2026-01-01 17:33:57 UTC,view,1000,30000,electronics.device_0,20458
2026-01-01 17:34:06 UTC,view,5131,30001,electronics.device_1,20404
2026-01-01 17:34:16 UTC,view,1013,30003,electronics.device_3,20181
2026-01-01 17:34:22 UTC,view,1019,30009,electronics.device_9,20407
2026-01-01 17:34:31 UTC,view,5130,30000,electronics.device_0,20150
2026-01-01 17:34:36 UTC,view,1006,30006,electronics.device_6,20417
2026-01-01 17:34:39 UTC,view,5107,30007,electronics.device_7,20277
2026-01-01 17:34:47 UTC,view,1022,30002,electronics.device_2,20467
2026-01-01 17:34:49 UTC,view,1002,30002,electronics.device_2,20391
2026-01-01 17:34:54 UTC,view,5056,30006,electronics.device_6,20022
2026-01-01 17:35:00 UTC,view,1019,30009,electronics.device_9,20260
2026-01-01 17:35:07 UTC,view,5039,30009,electronics.device_9,20307
2026-01-01 17:35:08 UTC,view,1001,30001,electronics.device_1,20454
2026-01-01 17:35:12 UTC,view,1018,30008,electronics.device_8,20175
2026-01-01 17:35:14 UTC,view,1010,30000,electronics.device_0,20141
2026-01-01 17:35:23 UTC,view,1001,30001,electronics.device_1,20289
2026-01-01 17:35:25 UTC,view,1020,30000,electronics.device_0,20409
2026-01-01 17:35:30 UTC,view,5061,30001,electronics.device_1,20165
2026-01-01 17:35:36 UTC,view,5138,30008,electronics.device_8,20159
2026-01-01 17:35:39 UTC,view,5095,30005,electronics.device_5,20022
2026-01-01 17:35:48 UTC,view,5165,30005,electronics.device_5,20241
2026-01-01 17:35:49 UTC,view,5008,30008,electronics.device_8,20211
2026-01-01 17:35:59 UTC,view,5114,30004,electronics.device_4,20317
2026-01-01 17:36:05 UTC,view,1008,30008,electronics.device_8,20399
2026-01-01 17:36:14 UTC,view,1019,30009,electronics.device_9,20032
2026-01-01 17:36:19 UTC,cart,1024,30004,electronics.device_4,20444
2026-01-01 17:36:26 UTC,view,1004,30004,electronics.device_4,20064
2026-01-01 17:36:35 UTC,view,5070,30000,electronics.device_0,20134
2026-01-01 17:36:40 UTC,view,5129,30009,electronics.device_9,20486
2026-01-01 17:36:48 UTC,cart,5055,30005,electronics.device_5,20128
2026-01-01 17:36:57 UTC,view,1024,30004,electronics.device_4,20392
2026-01-01 17:37:01 UTC,view,5070,30000,electronics.device_0,20205
2026-01-01 17:37:06 UTC,view,1024,30004,electronics.device_4,20034
2026-01-01 17:37:09 UTC,view,5156,30006,electronics.device_6,20348
2026-01-01 17:37:14 UTC,view,5171,30001,electronics.device_1,20293
2026-01-01 17:37:19 UTC,view,5008,30008,electronics.device_8,20011
2026-01-01 17:37:23 UTC,view,5014,30004,electronics.device_4,20067
2026-01-01 17:37:29 UTC,view,5169,30009,electronics.device_9,20271
2026-01-01 17:37:36 UTC,view,1009,30009,electronics.device_9,20492
2026-01-01 17:37:41 UTC,view,1017,30007,electronics.device_7,20021
2026-01-01 17:37:48 UTC,cart,1024,30004,electronics.device_4,20324
2026-01-01 17:37:55 UTC,view,1005,30005,electronics.device_5,20385
2026-01-01 17:38:01 UTC,view,5187,30007,electronics.device_7,20448
2026-01-01 17:38:02 UTC,view,1020,30000,electronics.device_0,20118
2026-01-01 17:38:08 UTC,view,1024,30004,electronics.device_4,20096
2026-01-01 17:38:13 UTC,purchase,1023,30003,electronics.device_3,20467
2026-01-01 17:38:14 UTC,view,5142,30002,electronics.device_2,20194
2026-01-01 17:38:19 UTC,view,5010,30000,electronics.device_0,20442
2026-01-01 17:38:24 UTC,view,5062,30002,electronics.device_2,20418
2026-01-01 17:38:33 UTC,cart,5058,30008,electronics.device_8,20012
2026-01-01 17:38:37 UTC,view,5174,30004,electronics.device_4,20124
2026-01-01 17:38:46 UTC,view,5157,30007,electronics.device_7,20092
2026-01-01 17:38:51 UTC,view,1019,30009,electronics.device_9,20069
2026-01-01 17:38:59 UTC,view,5112,30002,electronics.device_2,20032
2026-01-01 17:39:05 UTC,view,1019,30009,electronics.device_9,20328
2026-01-01 17:39:06 UTC,view,1024,30004,electronics.device_4,20470
2026-01-01 17:39:10 UTC,purchase,1006,30006,electronics.device_6,20422
